[2026-07-10 22:00:01] 🌱 Memulai deploy Digital Garden...
Already up to date.
  ✅ Pull selesai
🌱 Membangun Digital Garden...

  📁 catatan/ → 1 artikel
  📁 laporan/ → 1 artikel
  📁 project/ → 1 artikel
  ✅ Sitemap: 7 URLs

✅ Selesai! Total 3 halaman terbit.
   📍 https://muhdanfyan.github.io/catatan/
   📍 https://muhdanfyan.github.io/laporan/
   📍 https://muhdanfyan.github.io/project/
  ✅ Build selesai
[main 64ce4c8] gardener: auto-build 2026-07-10 22:00
 2 files changed, 15 insertions(+)
 create mode 100644 garden-deploy.log
 mode change 100644 => 100755 scripts/deploy_garden.sh
  ✅ Push ke GitHub Pages selesai
[2026-07-10 22:00:06] ✅ Selesai!

[2026-07-10 22:30:01] 🌱 Memulai deploy Digital Garden...
Already up to date.
  ✅ Pull selesai
🌱 Membangun Digital Garden...

  📁 catatan/ → 1 artikel
  📁 laporan/ → 1 artikel
  📁 project/ → 1 artikel
  ✅ Sitemap: 7 URLs

✅ Selesai! Total 3 halaman terbit.
   📍 https://muhdanfyan.github.io/catatan/
   📍 https://muhdanfyan.github.io/laporan/
   📍 https://muhdanfyan.github.io/project/
  ✅ Build selesai
[main a0fcd59] gardener: auto-build 2026-07-10 22:30
 1 file changed, 22 insertions(+)
  ✅ Push ke GitHub Pages selesai
[2026-07-10 22:30:10] ✅ Selesai!

[2026-07-10 23:00:01] 🌱 Memulai deploy Digital Garden...
Already up to date.
  ✅ Pull selesai
🌱 Membangun Digital Garden...

  📁 catatan/ → 1 artikel
  📁 laporan/ → 1 artikel
  📁 project/ → 1 artikel
  ✅ Sitemap: 7 URLs

✅ Selesai! Total 3 halaman terbit.
   📍 https://muhdanfyan.github.io/catatan/
   📍 https://muhdanfyan.github.io/laporan/
   📍 https://muhdanfyan.github.io/project/
  ✅ Build selesai
[main f231c99] gardener: auto-build 2026-07-10 23:00
 1 file changed, 20 insertions(+)
  ✅ Push ke GitHub Pages selesai
[2026-07-10 23:00:05] ✅ Selesai!

[2026-07-10 23:30:01] 🌱 Memulai deploy Digital Garden...
Already up to date.
  ✅ Pull selesai
🌱 Membangun Digital Garden...

  📁 catatan/ → 1 artikel
  📁 laporan/ → 1 artikel
  📁 project/ → 1 artikel
  ✅ Sitemap: 7 URLs

✅ Selesai! Total 3 halaman terbit.
   📍 https://muhdanfyan.github.io/catatan/
   📍 https://muhdanfyan.github.io/laporan/
   📍 https://muhdanfyan.github.io/project/
  ✅ Build selesai
[main 18f4120] gardener: auto-build 2026-07-10 23:30
 1 file changed, 20 insertions(+)
  ✅ Push ke GitHub Pages selesai
[2026-07-10 23:30:07] ✅ Selesai!

[2026-07-11 00:00:01] 🌱 Memulai deploy Digital Garden...
Already up to date.
  ✅ Pull selesai
🌱 Membangun Digital Garden...

  📁 catatan/ → 1 artikel
  📁 laporan/ → 1 artikel
  📁 project/ → 1 artikel
  ✅ Sitemap: 7 URLs

✅ Selesai! Total 3 halaman terbit.
   📍 https://muhdanfyan.github.io/catatan/
   📍 https://muhdanfyan.github.io/laporan/
   📍 https://muhdanfyan.github.io/project/
  ✅ Build selesai
[main ee252f4] gardener: auto-build 2026-07-11 00:00
 2 files changed, 55 insertions(+)
 create mode 100755 scripts/deploy-garden.sh
  ✅ Push ke GitHub Pages selesai
[2026-07-11 00:00:05] ✅ Selesai!

[2026-07-11 00:30:01] 🌱 Memulai deploy Digital Garden...
Already up to date.
  ✅ Pull selesai
🌱 Membangun Digital Garden...

  📁 catatan/ → 1 artikel
  📁 laporan/ → 1 artikel
  📁 project/ → 1 artikel
  ✅ Sitemap: 7 URLs

✅ Selesai! Total 3 halaman terbit.
   📍 https://muhdanfyan.github.io/catatan/
   📍 https://muhdanfyan.github.io/laporan/
   📍 https://muhdanfyan.github.io/project/
  ✅ Build selesai
[main 9efa5ba] gardener: auto-build 2026-07-11 00:30
 1 file changed, 21 insertions(+)
  ✅ Push ke GitHub Pages selesai
[2026-07-11 00:30:04] ✅ Selesai!

[2026-07-11 01:00:01] 🌱 Memulai deploy Digital Garden...
Already up to date.
  ✅ Pull selesai
🌱 Membangun Digital Garden...

  📁 catatan/ → 1 artikel
  📁 laporan/ → 1 artikel
  📁 project/ → 1 artikel
  ✅ Sitemap: 7 URLs

✅ Selesai! Total 3 halaman terbit.
   📍 https://muhdanfyan.github.io/catatan/
   📍 https://muhdanfyan.github.io/laporan/
   📍 https://muhdanfyan.github.io/project/
  ✅ Build selesai
[main 09d2a93] gardener: auto-build 2026-07-11 01:00
 1 file changed, 20 insertions(+)
  ✅ Push ke GitHub Pages selesai
[2026-07-11 01:00:46] ✅ Selesai!

[2026-07-11 01:30:01] 🌱 Memulai deploy Digital Garden...
Already up to date.
  ✅ Pull selesai
🌱 Membangun Digital Garden...

  📁 catatan/ → 1 artikel
  📁 laporan/ → 1 artikel
  📁 project/ → 1 artikel
  ✅ Sitemap: 7 URLs

✅ Selesai! Total 3 halaman terbit.
   📍 https://muhdanfyan.github.io/catatan/
   📍 https://muhdanfyan.github.io/laporan/
   📍 https://muhdanfyan.github.io/project/
  ✅ Build selesai
[main 4d757c6] gardener: auto-build 2026-07-11 01:30
 1 file changed, 20 insertions(+)
  ✅ Push ke GitHub Pages selesai
[2026-07-11 01:30:05] ✅ Selesai!

[2026-07-11 02:00:01] 🌱 Memulai deploy Digital Garden...
Already up to date.
  ✅ Pull selesai
🌱 Membangun Digital Garden...

  📁 catatan/ → 1 artikel
  📁 laporan/ → 1 artikel
  📁 project/ → 1 artikel
  ✅ Sitemap: 7 URLs

✅ Selesai! Total 3 halaman terbit.
   📍 https://muhdanfyan.github.io/catatan/
   📍 https://muhdanfyan.github.io/laporan/
   📍 https://muhdanfyan.github.io/project/
  ✅ Build selesai
[main a0ec07b] gardener: auto-build 2026-07-11 02:00
 1 file changed, 20 insertions(+)
  ✅ Push ke GitHub Pages selesai
[2026-07-11 02:00:08] ✅ Selesai!

[2026-07-11 02:30:01] 🌱 Memulai deploy Digital Garden...
Already up to date.
  ✅ Pull selesai
🌱 Membangun Digital Garden...

  📁 catatan/ → 1 artikel
  📁 laporan/ → 1 artikel
  📁 project/ → 1 artikel
  ✅ Sitemap: 7 URLs

✅ Selesai! Total 3 halaman terbit.
   📍 https://muhdanfyan.github.io/catatan/
   📍 https://muhdanfyan.github.io/laporan/
   📍 https://muhdanfyan.github.io/project/
  ✅ Build selesai
[main f9217a2] gardener: auto-build 2026-07-11 02:30
 1 file changed, 20 insertions(+)
  ✅ Push ke GitHub Pages selesai
[2026-07-11 02:30:05] ✅ Selesai!

[2026-07-11 03:00:01] 🌱 Memulai deploy Digital Garden...
Already up to date.
  ✅ Pull selesai
🌱 Membangun Digital Garden...

  📁 catatan/ → 1 artikel
  📁 laporan/ → 1 artikel
  📁 project/ → 1 artikel
  ✅ Sitemap: 7 URLs

✅ Selesai! Total 3 halaman terbit.
   📍 https://muhdanfyan.github.io/catatan/
   📍 https://muhdanfyan.github.io/laporan/
   📍 https://muhdanfyan.github.io/project/
  ✅ Build selesai
[main 72ce85c] gardener: auto-build 2026-07-11 03:00
 1 file changed, 20 insertions(+)
  ✅ Push ke GitHub Pages selesai
[2026-07-11 03:00:05] ✅ Selesai!

[2026-07-11 03:30:01] 🌱 Memulai deploy Digital Garden...
Already up to date.
  ✅ Pull selesai
🌱 Membangun Digital Garden...

  📁 catatan/ → 1 artikel
  📁 laporan/ → 1 artikel
  📁 project/ → 1 artikel
  ✅ Sitemap: 7 URLs

✅ Selesai! Total 3 halaman terbit.
   📍 https://muhdanfyan.github.io/catatan/
   📍 https://muhdanfyan.github.io/laporan/
   📍 https://muhdanfyan.github.io/project/
  ✅ Build selesai
[main eaada35] gardener: auto-build 2026-07-11 03:30
 1 file changed, 20 insertions(+)
  ✅ Push ke GitHub Pages selesai
[2026-07-11 03:30:04] ✅ Selesai!

[2026-07-11 04:00:01] 🌱 Memulai deploy Digital Garden...
Already up to date.
  ✅ Pull selesai
🌱 Membangun Digital Garden...

  📁 catatan/ → 1 artikel
  📁 laporan/ → 1 artikel
  📁 project/ → 1 artikel
  ✅ Sitemap: 7 URLs

✅ Selesai! Total 3 halaman terbit.
   📍 https://muhdanfyan.github.io/catatan/
   📍 https://muhdanfyan.github.io/laporan/
   📍 https://muhdanfyan.github.io/project/
  ✅ Build selesai
[main 63f71f5] gardener: auto-build 2026-07-11 04:00
 1 file changed, 20 insertions(+)
  ✅ Push ke GitHub Pages selesai
[2026-07-11 04:00:04] ✅ Selesai!

[2026-07-11 04:30:01] 🌱 Memulai deploy Digital Garden...
Already up to date.
  ✅ Pull selesai
🌱 Membangun Digital Garden...

  📁 catatan/ → 1 artikel
  📁 laporan/ → 1 artikel
  📁 project/ → 1 artikel
  ✅ Sitemap: 7 URLs

✅ Selesai! Total 3 halaman terbit.
   📍 https://muhdanfyan.github.io/catatan/
   📍 https://muhdanfyan.github.io/laporan/
   📍 https://muhdanfyan.github.io/project/
  ✅ Build selesai
[main 00d720f] gardener: auto-build 2026-07-11 04:30
 1 file changed, 20 insertions(+)
  ✅ Push ke GitHub Pages selesai
[2026-07-11 04:30:05] ✅ Selesai!

[2026-07-11 05:00:01] 🌱 Memulai deploy Digital Garden...
Already up to date.
  ✅ Pull selesai
🌱 Membangun Digital Garden...

  📁 catatan/ → 1 artikel
  📁 laporan/ → 1 artikel
  📁 project/ → 1 artikel
  ✅ Sitemap: 7 URLs

✅ Selesai! Total 3 halaman terbit.
   📍 https://muhdanfyan.github.io/catatan/
   📍 https://muhdanfyan.github.io/laporan/
   📍 https://muhdanfyan.github.io/project/
  ✅ Build selesai
[main cd9c99f] gardener: auto-build 2026-07-11 05:00
 1 file changed, 20 insertions(+)
  ✅ Push ke GitHub Pages selesai
[2026-07-11 05:00:04] ✅ Selesai!

[2026-07-11 05:30:01] 🌱 Memulai deploy Digital Garden...
Already up to date.
  ✅ Pull selesai
🌱 Membangun Digital Garden...

  📁 catatan/ → 1 artikel
  📁 laporan/ → 1 artikel
  📁 project/ → 1 artikel
  ✅ Sitemap: 7 URLs

✅ Selesai! Total 3 halaman terbit.
   📍 https://muhdanfyan.github.io/catatan/
   📍 https://muhdanfyan.github.io/laporan/
   📍 https://muhdanfyan.github.io/project/
  ✅ Build selesai
[main d5bcdc2] gardener: auto-build 2026-07-11 05:30
 1 file changed, 20 insertions(+)
  ✅ Push ke GitHub Pages selesai
[2026-07-11 05:30:05] ✅ Selesai!

[2026-07-11 06:00:01] 🌱 Memulai deploy Digital Garden...
Already up to date.
  ✅ Pull selesai
🌱 Membangun Digital Garden...

  📁 catatan/ → 1 artikel
  📁 laporan/ → 1 artikel
  📁 project/ → 1 artikel
  ✅ Sitemap: 7 URLs

✅ Selesai! Total 3 halaman terbit.
   📍 https://muhdanfyan.github.io/catatan/
   📍 https://muhdanfyan.github.io/laporan/
   📍 https://muhdanfyan.github.io/project/
  ✅ Build selesai
[main 37056e8] gardener: auto-build 2026-07-11 06:00
 1 file changed, 20 insertions(+)
  ✅ Push ke GitHub Pages selesai
[2026-07-11 06:00:04] ✅ Selesai!

[2026-07-11 06:30:01] 🌱 Memulai deploy Digital Garden...
Already up to date.
  ✅ Pull selesai
🌱 Membangun Digital Garden...

  📁 catatan/ → 1 artikel
  📁 laporan/ → 1 artikel
  📁 project/ → 1 artikel
  ✅ Sitemap: 7 URLs

✅ Selesai! Total 3 halaman terbit.
   📍 https://muhdanfyan.github.io/catatan/
   📍 https://muhdanfyan.github.io/laporan/
   📍 https://muhdanfyan.github.io/project/
  ✅ Build selesai
[main 38eff63] gardener: auto-build 2026-07-11 06:30
 1 file changed, 20 insertions(+)
  ✅ Push ke GitHub Pages selesai
[2026-07-11 06:30:04] ✅ Selesai!

[2026-07-11 07:00:01] 🌱 Memulai deploy Digital Garden...
Already up to date.
  ✅ Pull selesai
🌱 Membangun Digital Garden...

  📁 catatan/ → 1 artikel
  📁 laporan/ → 1 artikel
  📁 project/ → 1 artikel
  ✅ Sitemap: 7 URLs

✅ Selesai! Total 3 halaman terbit.
   📍 https://muhdanfyan.github.io/catatan/
   📍 https://muhdanfyan.github.io/laporan/
   📍 https://muhdanfyan.github.io/project/
  ✅ Build selesai
[main 8b9cd6f] gardener: auto-build 2026-07-11 07:00
 1 file changed, 20 insertions(+)
  ✅ Push ke GitHub Pages selesai
[2026-07-11 07:00:04] ✅ Selesai!

[2026-07-11 07:30:01] 🌱 Memulai deploy Digital Garden...
Already up to date.
  ✅ Pull selesai
🌱 Membangun Digital Garden...

  📁 catatan/ → 1 artikel
  📁 laporan/ → 1 artikel
  📁 project/ → 1 artikel
  ✅ Sitemap: 7 URLs

✅ Selesai! Total 3 halaman terbit.
   📍 https://muhdanfyan.github.io/catatan/
   📍 https://muhdanfyan.github.io/laporan/
   📍 https://muhdanfyan.github.io/project/
  ✅ Build selesai
[main 941cedd] gardener: auto-build 2026-07-11 07:30
 1 file changed, 20 insertions(+)
  ✅ Push ke GitHub Pages selesai
[2026-07-11 07:30:04] ✅ Selesai!

[2026-07-11 08:00:01] 🌱 Memulai deploy Digital Garden...
Already up to date.
  ✅ Pull selesai
🌱 Membangun Digital Garden...

  📁 catatan/ → 1 artikel
  📁 laporan/ → 1 artikel
  📁 project/ → 1 artikel
  ✅ Sitemap: 7 URLs

✅ Selesai! Total 3 halaman terbit.
   📍 https://muhdanfyan.github.io/catatan/
   📍 https://muhdanfyan.github.io/laporan/
   📍 https://muhdanfyan.github.io/project/
  ✅ Build selesai
[main 7a09eed] gardener: auto-build 2026-07-11 08:00
 1 file changed, 20 insertions(+)
  ✅ Push ke GitHub Pages selesai
[2026-07-11 08:00:04] ✅ Selesai!

[2026-07-11 08:30:01] 🌱 Memulai deploy Digital Garden...
Already up to date.
  ✅ Pull selesai
🌱 Membangun Digital Garden...

  📁 catatan/ → 1 artikel
  📁 laporan/ → 2 artikel
  📁 project/ → 1 artikel
  ✅ Sitemap: 8 URLs

✅ Selesai! Total 4 halaman terbit.
   📍 https://muhdanfyan.github.io/catatan/
   📍 https://muhdanfyan.github.io/laporan/
   📍 https://muhdanfyan.github.io/project/
  ✅ Build selesai
[main a14881d] gardener: auto-build 2026-07-11 08:30
 4 files changed, 190 insertions(+)
 create mode 100644 content/laporan/2026-07-11.md
 create mode 100644 scripts/generate-laporan.py
  ✅ Push ke GitHub Pages selesai
[2026-07-11 08:30:03] ✅ Selesai!

[2026-07-11 09:00:01] 🌱 Memulai deploy Digital Garden...
Already up to date.
  ✅ Pull selesai
🌱 Membangun Digital Garden...

  📁 catatan/ → 1 artikel
  📁 laporan/ → 2 artikel
  📁 project/ → 1 artikel
  ✅ Sitemap: 8 URLs

✅ Selesai! Total 4 halaman terbit.
   📍 https://muhdanfyan.github.io/catatan/
   📍 https://muhdanfyan.github.io/laporan/
   📍 https://muhdanfyan.github.io/project/
  ✅ Build selesai
[main 0f5d0f2] gardener: auto-build 2026-07-11 09:00
 2 files changed, 99 insertions(+), 17 deletions(-)
  ✅ Push ke GitHub Pages selesai
[2026-07-11 09:00:08] ✅ Selesai!

[2026-07-11 09:30:01] 🌱 Memulai deploy Digital Garden...
Already up to date.
  ✅ Pull selesai
🌱 Membangun Digital Garden...

  📁 catatan/ → 1 artikel
  📁 laporan/ → 2 artikel
  📁 project/ → 1 artikel
  ✅ Sitemap: 8 URLs

✅ Selesai! Total 4 halaman terbit.
   📍 https://muhdanfyan.github.io/catatan/
   📍 https://muhdanfyan.github.io/laporan/
   📍 https://muhdanfyan.github.io/project/
  ✅ Build selesai
[main 1150953] gardener: auto-build 2026-07-11 09:30
 1 file changed, 20 insertions(+)
  ✅ Push ke GitHub Pages selesai
[2026-07-11 09:30:04] ✅ Selesai!

[2026-07-11 10:00:01] 🌱 Memulai deploy Digital Garden...
Already up to date.
  ✅ Pull selesai
🌱 Membangun Digital Garden...

  📁 catatan/ → 1 artikel
  📁 laporan/ → 2 artikel
  📁 project/ → 1 artikel
  ✅ Sitemap: 8 URLs

✅ Selesai! Total 4 halaman terbit.
   📍 https://muhdanfyan.github.io/catatan/
   📍 https://muhdanfyan.github.io/laporan/
   📍 https://muhdanfyan.github.io/project/
  ✅ Build selesai
[main 767784f] gardener: auto-build 2026-07-11 10:00
 1 file changed, 20 insertions(+)
  ✅ Push ke GitHub Pages selesai
[2026-07-11 10:00:05] ✅ Selesai!

[2026-07-11 10:30:01] 🌱 Memulai deploy Digital Garden...
Already up to date.
  ✅ Pull selesai
🌱 Membangun Digital Garden...

  📁 catatan/ → 1 artikel
  📁 laporan/ → 2 artikel
  📁 project/ → 1 artikel
  ✅ Sitemap: 8 URLs

✅ Selesai! Total 4 halaman terbit.
   📍 https://muhdanfyan.github.io/catatan/
   📍 https://muhdanfyan.github.io/laporan/
   📍 https://muhdanfyan.github.io/project/
  ✅ Build selesai
[main 728cca8] gardener: auto-build 2026-07-11 10:30
 1 file changed, 20 insertions(+)
  ✅ Push ke GitHub Pages selesai
[2026-07-11 10:30:05] ✅ Selesai!

[2026-07-11 11:00:01] 🌱 Memulai deploy Digital Garden...
Already up to date.
  ✅ Pull selesai
🌱 Membangun Digital Garden...

  📁 catatan/ → 1 artikel
  📁 laporan/ → 2 artikel
  📁 project/ → 1 artikel
  ✅ Sitemap: 8 URLs

✅ Selesai! Total 4 halaman terbit.
   📍 https://muhdanfyan.github.io/catatan/
   📍 https://muhdanfyan.github.io/laporan/
   📍 https://muhdanfyan.github.io/project/
  ✅ Build selesai
[main 0c22551] gardener: auto-build 2026-07-11 11:00
 1 file changed, 20 insertions(+)
  ✅ Push ke GitHub Pages selesai
[2026-07-11 11:00:04] ✅ Selesai!

[2026-07-11 11:30:01] 🌱 Memulai deploy Digital Garden...
Already up to date.
  ✅ Pull selesai
🌱 Membangun Digital Garden...

  📁 catatan/ → 1 artikel
  📁 laporan/ → 2 artikel
  📁 project/ → 1 artikel
  ✅ Sitemap: 8 URLs

✅ Selesai! Total 4 halaman terbit.
   📍 https://muhdanfyan.github.io/catatan/
   📍 https://muhdanfyan.github.io/laporan/
   📍 https://muhdanfyan.github.io/project/
  ✅ Build selesai
[main e8a4cf1] gardener: auto-build 2026-07-11 11:30
 1 file changed, 20 insertions(+)
  ✅ Push ke GitHub Pages selesai
[2026-07-11 11:30:13] ✅ Selesai!

[2026-07-11 12:00:01] 🌱 Memulai deploy Digital Garden...
Already up to date.
  ✅ Pull selesai
🌱 Membangun Digital Garden...

  📁 catatan/ → 1 artikel
  📁 laporan/ → 2 artikel
  📁 project/ → 1 artikel
  ✅ Sitemap: 8 URLs

✅ Selesai! Total 4 halaman terbit.
   📍 https://muhdanfyan.github.io/catatan/
   📍 https://muhdanfyan.github.io/laporan/
   📍 https://muhdanfyan.github.io/project/
  ✅ Build selesai
[main f2ea820] gardener: auto-build 2026-07-11 12:00
 1 file changed, 20 insertions(+)
  ✅ Push ke GitHub Pages selesai
[2026-07-11 12:00:05] ✅ Selesai!

[2026-07-11 12:30:01] 🌱 Memulai deploy Digital Garden...
Already up to date.
  ✅ Pull selesai
🌱 Membangun Digital Garden...

  📁 catatan/ → 1 artikel
  📁 laporan/ → 2 artikel
  📁 project/ → 1 artikel
  ✅ Sitemap: 8 URLs

✅ Selesai! Total 4 halaman terbit.
   📍 https://muhdanfyan.github.io/catatan/
   📍 https://muhdanfyan.github.io/laporan/
   📍 https://muhdanfyan.github.io/project/
  ✅ Build selesai
[main 043f259] gardener: auto-build 2026-07-11 12:30
 1 file changed, 20 insertions(+)
  ✅ Push ke GitHub Pages selesai
[2026-07-11 12:30:04] ✅ Selesai!

[2026-07-11 13:00:01] 🌱 Memulai deploy Digital Garden...
Already up to date.
  ✅ Pull selesai
🌱 Membangun Digital Garden...

  📁 catatan/ → 1 artikel
  📁 laporan/ → 2 artikel
  📁 project/ → 1 artikel
  ✅ Sitemap: 8 URLs

✅ Selesai! Total 4 halaman terbit.
   📍 https://muhdanfyan.github.io/catatan/
   📍 https://muhdanfyan.github.io/laporan/
   📍 https://muhdanfyan.github.io/project/
  ✅ Build selesai
[main 5c492a7] gardener: auto-build 2026-07-11 13:00
 1 file changed, 20 insertions(+)
  ✅ Push ke GitHub Pages selesai
[2026-07-11 13:00:29] ✅ Selesai!

[2026-07-11 13:30:01] 🌱 Memulai deploy Digital Garden...
Already up to date.
  ✅ Pull selesai
🌱 Membangun Digital Garden...

  📁 catatan/ → 1 artikel
  📁 laporan/ → 2 artikel
  📁 project/ → 1 artikel
  ✅ Sitemap: 8 URLs

✅ Selesai! Total 4 halaman terbit.
   📍 https://muhdanfyan.github.io/catatan/
   📍 https://muhdanfyan.github.io/laporan/
   📍 https://muhdanfyan.github.io/project/
  ✅ Build selesai
[main c36bf3b] gardener: auto-build 2026-07-11 13:30
 1 file changed, 20 insertions(+)
  ✅ Push ke GitHub Pages selesai
[2026-07-11 13:30:03] ✅ Selesai!

[2026-07-11 14:00:01] 🌱 Memulai deploy Digital Garden...
Already up to date.
  ✅ Pull selesai
🌱 Membangun Digital Garden...

  📁 catatan/ → 1 artikel
  📁 laporan/ → 2 artikel
  📁 project/ → 1 artikel
  ✅ Sitemap: 8 URLs

✅ Selesai! Total 4 halaman terbit.
   📍 https://muhdanfyan.github.io/catatan/
   📍 https://muhdanfyan.github.io/laporan/
   📍 https://muhdanfyan.github.io/project/
  ✅ Build selesai
[main 00cd6af] gardener: auto-build 2026-07-11 14:00
 1 file changed, 20 insertions(+)
  ✅ Push ke GitHub Pages selesai
[2026-07-11 14:00:09] ✅ Selesai!

[2026-07-11 14:30:01] 🌱 Memulai deploy Digital Garden...
Already up to date.
  ✅ Pull selesai
🌱 Membangun Digital Garden...

  📁 catatan/ → 1 artikel
  📁 laporan/ → 2 artikel
  📁 project/ → 1 artikel
  ✅ Sitemap: 8 URLs

✅ Selesai! Total 4 halaman terbit.
   📍 https://muhdanfyan.github.io/catatan/
   📍 https://muhdanfyan.github.io/laporan/
   📍 https://muhdanfyan.github.io/project/
  ✅ Build selesai
[main f02554c] gardener: auto-build 2026-07-11 14:30
 1 file changed, 20 insertions(+)
  ✅ Push ke GitHub Pages selesai
[2026-07-11 14:30:11] ✅ Selesai!

[2026-07-11 15:00:01] 🌱 Memulai deploy Digital Garden...
Already up to date.
  ✅ Pull selesai
🌱 Membangun Digital Garden...

  📁 catatan/ → 1 artikel
  📁 laporan/ → 2 artikel
  📁 project/ → 1 artikel
  ✅ Sitemap: 8 URLs

✅ Selesai! Total 4 halaman terbit.
   📍 https://muhdanfyan.github.io/catatan/
   📍 https://muhdanfyan.github.io/laporan/
   📍 https://muhdanfyan.github.io/project/
  ✅ Build selesai
[main fff8afc] gardener: auto-build 2026-07-11 15:00
 1 file changed, 20 insertions(+)
  ✅ Push ke GitHub Pages selesai
[2026-07-11 15:00:14] ✅ Selesai!

[2026-07-11 15:30:01] 🌱 Memulai deploy Digital Garden...
Already up to date.
  ✅ Pull selesai
🌱 Membangun Digital Garden...

  📁 catatan/ → 1 artikel
  📁 laporan/ → 3 artikel
  📁 project/ → 1 artikel
  ✅ Sitemap: 9 URLs

✅ Selesai! Total 5 halaman terbit.
   📍 https://muhdanfyan.github.io/catatan/
   📍 https://muhdanfyan.github.io/laporan/
   📍 https://muhdanfyan.github.io/project/
  ✅ Build selesai
[main d8564a9] gardener: auto-build 2026-07-11 15:30
 2 files changed, 63 insertions(+)
 create mode 100644 content/laporan/2026-07-11-risalah-pokja-ti-wahdah.md
  ✅ Push ke GitHub Pages selesai
[2026-07-11 15:30:06] ✅ Selesai!

[2026-07-11 16:00:01] 🌱 Memulai deploy Digital Garden...
Already up to date.
  ✅ Pull selesai
🌱 Membangun Digital Garden...

  📁 catatan/ → 1 artikel
  📁 laporan/ → 3 artikel
  📁 project/ → 1 artikel
  ✅ Sitemap: 9 URLs

✅ Selesai! Total 5 halaman terbit.
   📍 https://muhdanfyan.github.io/catatan/
   📍 https://muhdanfyan.github.io/laporan/
   📍 https://muhdanfyan.github.io/project/
  ✅ Build selesai
[main a6f571c] gardener: auto-build 2026-07-11 16:00
 1 file changed, 21 insertions(+)
  ✅ Push ke GitHub Pages selesai
[2026-07-11 16:00:06] ✅ Selesai!

[2026-07-11 16:30:01] 🌱 Memulai deploy Digital Garden...
Already up to date.
  ✅ Pull selesai
🌱 Membangun Digital Garden...

  📁 catatan/ → 1 artikel
  📁 laporan/ → 3 artikel
  📁 project/ → 1 artikel
  ✅ Sitemap: 9 URLs

✅ Selesai! Total 5 halaman terbit.
   📍 https://muhdanfyan.github.io/catatan/
   📍 https://muhdanfyan.github.io/laporan/
   📍 https://muhdanfyan.github.io/project/
  ✅ Build selesai
[main 8c644bd] gardener: auto-build 2026-07-11 16:30
 1 file changed, 20 insertions(+)
  ✅ Push ke GitHub Pages selesai
[2026-07-11 16:30:04] ✅ Selesai!

[2026-07-11 17:00:01] 🌱 Memulai deploy Digital Garden...
Already up to date.
  ✅ Pull selesai
🌱 Membangun Digital Garden...

  📁 catatan/ → 1 artikel
  📁 laporan/ → 3 artikel
  📁 project/ → 1 artikel
  ✅ Sitemap: 9 URLs

✅ Selesai! Total 5 halaman terbit.
   📍 https://muhdanfyan.github.io/catatan/
   📍 https://muhdanfyan.github.io/laporan/
   📍 https://muhdanfyan.github.io/project/
  ✅ Build selesai
[main db42318] gardener: auto-build 2026-07-11 17:00
 1 file changed, 20 insertions(+)
  ✅ Push ke GitHub Pages selesai
[2026-07-11 17:00:04] ✅ Selesai!

[2026-07-11 17:30:01] 🌱 Memulai deploy Digital Garden...
Already up to date.
  ✅ Pull selesai
🌱 Membangun Digital Garden...

  📁 catatan/ → 1 artikel
  📁 laporan/ → 3 artikel
  📁 project/ → 1 artikel
  ✅ Sitemap: 9 URLs

✅ Selesai! Total 5 halaman terbit.
   📍 https://muhdanfyan.github.io/catatan/
   📍 https://muhdanfyan.github.io/laporan/
   📍 https://muhdanfyan.github.io/project/
  ✅ Build selesai
[main 02509f3] gardener: auto-build 2026-07-11 17:30
 1 file changed, 20 insertions(+)
  ✅ Push ke GitHub Pages selesai
[2026-07-11 17:30:09] ✅ Selesai!

[2026-07-11 18:00:10] 🌱 Memulai deploy Digital Garden...
Already up to date.
  ✅ Pull selesai
🌱 Membangun Digital Garden...

  📁 catatan/ → 1 artikel
  📁 laporan/ → 3 artikel
  📁 project/ → 1 artikel
  ✅ Sitemap: 9 URLs

✅ Selesai! Total 5 halaman terbit.
   📍 https://muhdanfyan.github.io/catatan/
   📍 https://muhdanfyan.github.io/laporan/
   📍 https://muhdanfyan.github.io/project/
  ✅ Build selesai
[main a9f2e50] gardener: auto-build 2026-07-11 18:00
 1 file changed, 20 insertions(+)
  ✅ Push ke GitHub Pages selesai
[2026-07-11 18:00:15] ✅ Selesai!

[2026-07-11 18:30:02] 🌱 Memulai deploy Digital Garden...
Already up to date.
  ✅ Pull selesai
🌱 Membangun Digital Garden...

  📁 catatan/ → 1 artikel
  📁 laporan/ → 3 artikel
  📁 project/ → 1 artikel
  ✅ Sitemap: 9 URLs

✅ Selesai! Total 5 halaman terbit.
   📍 https://muhdanfyan.github.io/catatan/
   📍 https://muhdanfyan.github.io/laporan/
   📍 https://muhdanfyan.github.io/project/
  ✅ Build selesai
[main 8c8a536] gardener: auto-build 2026-07-11 18:30
 1 file changed, 20 insertions(+)
  ✅ Push ke GitHub Pages selesai
[2026-07-11 18:30:13] ✅ Selesai!

[2026-07-11 19:00:01] 🌱 Memulai deploy Digital Garden...
Already up to date.
  ✅ Pull selesai
🌱 Membangun Digital Garden...

  📁 catatan/ → 1 artikel
  📁 laporan/ → 3 artikel
  📁 project/ → 1 artikel
  ✅ Sitemap: 9 URLs

✅ Selesai! Total 5 halaman terbit.
   📍 https://muhdanfyan.github.io/catatan/
   📍 https://muhdanfyan.github.io/laporan/
   📍 https://muhdanfyan.github.io/project/
  ✅ Build selesai
[main 70cb856] gardener: auto-build 2026-07-11 19:00
 1 file changed, 20 insertions(+)
  ✅ Push ke GitHub Pages selesai
[2026-07-11 19:00:05] ✅ Selesai!

[2026-07-11 19:30:01] 🌱 Memulai deploy Digital Garden...
Already up to date.
  ✅ Pull selesai
🌱 Membangun Digital Garden...

  📁 catatan/ → 1 artikel
  📁 laporan/ → 3 artikel
  📁 project/ → 1 artikel
  ✅ Sitemap: 9 URLs

✅ Selesai! Total 5 halaman terbit.
   📍 https://muhdanfyan.github.io/catatan/
   📍 https://muhdanfyan.github.io/laporan/
   📍 https://muhdanfyan.github.io/project/
  ✅ Build selesai
[main 201eb7a] gardener: auto-build 2026-07-11 19:30
 1 file changed, 20 insertions(+)
  ✅ Push ke GitHub Pages selesai
[2026-07-11 19:30:04] ✅ Selesai!

[2026-07-11 20:00:01] 🌱 Memulai deploy Digital Garden...
Already up to date.
  ✅ Pull selesai
🌱 Membangun Digital Garden...

  📁 catatan/ → 1 artikel
  📁 laporan/ → 3 artikel
  📁 project/ → 1 artikel
  ✅ Sitemap: 9 URLs

✅ Selesai! Total 5 halaman terbit.
   📍 https://muhdanfyan.github.io/catatan/
   📍 https://muhdanfyan.github.io/laporan/
   📍 https://muhdanfyan.github.io/project/
  ✅ Build selesai
[main fe14ade] gardener: auto-build 2026-07-11 20:00
 1 file changed, 20 insertions(+)
  ✅ Push ke GitHub Pages selesai
[2026-07-11 20:00:41] ✅ Selesai!

[2026-07-11 20:30:01] 🌱 Memulai deploy Digital Garden...
Already up to date.
  ✅ Pull selesai
🌱 Membangun Digital Garden...

  📁 catatan/ → 1 artikel
  📁 laporan/ → 3 artikel
  📁 project/ → 1 artikel
  ✅ Sitemap: 9 URLs

✅ Selesai! Total 5 halaman terbit.
   📍 https://muhdanfyan.github.io/catatan/
   📍 https://muhdanfyan.github.io/laporan/
   📍 https://muhdanfyan.github.io/project/
  ✅ Build selesai
[main 85c7a3f] gardener: auto-build 2026-07-11 20:30
 1 file changed, 20 insertions(+)
  ✅ Push ke GitHub Pages selesai
[2026-07-11 20:30:06] ✅ Selesai!

[2026-07-11 21:00:01] 🌱 Memulai deploy Digital Garden...
Already up to date.
  ✅ Pull selesai
🌱 Membangun Digital Garden...

  📁 catatan/ → 1 artikel
  📁 laporan/ → 3 artikel
  📁 project/ → 1 artikel
  ✅ Sitemap: 9 URLs

✅ Selesai! Total 5 halaman terbit.
   📍 https://muhdanfyan.github.io/catatan/
   📍 https://muhdanfyan.github.io/laporan/
   📍 https://muhdanfyan.github.io/project/
  ✅ Build selesai
[main 36511a4] gardener: auto-build 2026-07-11 21:00
 1 file changed, 20 insertions(+)
  ✅ Push ke GitHub Pages selesai
[2026-07-11 21:00:05] ✅ Selesai!

[2026-07-11 21:30:01] 🌱 Memulai deploy Digital Garden...
Already up to date.
  ✅ Pull selesai
🌱 Membangun Digital Garden...

  📁 catatan/ → 1 artikel
  📁 laporan/ → 3 artikel
  📁 project/ → 1 artikel
  ✅ Sitemap: 9 URLs

✅ Selesai! Total 5 halaman terbit.
   📍 https://muhdanfyan.github.io/catatan/
   📍 https://muhdanfyan.github.io/laporan/
   📍 https://muhdanfyan.github.io/project/
  ✅ Build selesai
[main f15f31a] gardener: auto-build 2026-07-11 21:30
 1 file changed, 20 insertions(+)
  ✅ Push ke GitHub Pages selesai
[2026-07-11 21:30:14] ✅ Selesai!

[2026-07-11 22:00:01] 🌱 Memulai deploy Digital Garden...
Already up to date.
  ✅ Pull selesai
🌱 Membangun Digital Garden...

  📁 catatan/ → 1 artikel
  📁 laporan/ → 3 artikel
  📁 project/ → 1 artikel
  ✅ Sitemap: 9 URLs

✅ Selesai! Total 5 halaman terbit.
   📍 https://muhdanfyan.github.io/catatan/
   📍 https://muhdanfyan.github.io/laporan/
   📍 https://muhdanfyan.github.io/project/
  ✅ Build selesai
[main 53d6716] gardener: auto-build 2026-07-11 22:00
 1 file changed, 20 insertions(+)
  ✅ Push ke GitHub Pages selesai
[2026-07-11 22:00:11] ✅ Selesai!

[2026-07-11 22:30:02] 🌱 Memulai deploy Digital Garden...
Already up to date.
  ✅ Pull selesai
🌱 Membangun Digital Garden...

  📁 catatan/ → 1 artikel
  📁 laporan/ → 3 artikel
  📁 project/ → 1 artikel
  ✅ Sitemap: 9 URLs

✅ Selesai! Total 5 halaman terbit.
   📍 https://muhdanfyan.github.io/catatan/
   📍 https://muhdanfyan.github.io/laporan/
   📍 https://muhdanfyan.github.io/project/
  ✅ Build selesai
[main 2543bc9] gardener: auto-build 2026-07-11 22:30
 1 file changed, 20 insertions(+)
  ✅ Push ke GitHub Pages selesai
[2026-07-11 22:30:12] ✅ Selesai!

[2026-07-11 23:00:01] 🌱 Memulai deploy Digital Garden...
Already up to date.
  ✅ Pull selesai
🌱 Membangun Digital Garden...

  📁 catatan/ → 1 artikel
  📁 laporan/ → 3 artikel
  📁 project/ → 1 artikel
  ✅ Sitemap: 9 URLs

✅ Selesai! Total 5 halaman terbit.
   📍 https://muhdanfyan.github.io/catatan/
   📍 https://muhdanfyan.github.io/laporan/
   📍 https://muhdanfyan.github.io/project/
  ✅ Build selesai
[main 9acb1e9] gardener: auto-build 2026-07-11 23:00
 1 file changed, 20 insertions(+)
  ✅ Push ke GitHub Pages selesai
[2026-07-11 23:00:04] ✅ Selesai!

[2026-07-11 23:30:01] 🌱 Memulai deploy Digital Garden...
Already up to date.
  ✅ Pull selesai
🌱 Membangun Digital Garden...

  📁 catatan/ → 1 artikel
  📁 laporan/ → 3 artikel
  📁 project/ → 1 artikel
  ✅ Sitemap: 9 URLs

✅ Selesai! Total 5 halaman terbit.
   📍 https://muhdanfyan.github.io/catatan/
   📍 https://muhdanfyan.github.io/laporan/
   📍 https://muhdanfyan.github.io/project/
  ✅ Build selesai
[main ebd7626] gardener: auto-build 2026-07-11 23:30
 1 file changed, 20 insertions(+)
  ✅ Push ke GitHub Pages selesai
[2026-07-11 23:30:05] ✅ Selesai!

[2026-07-12 00:00:02] 🌱 Memulai deploy Digital Garden...
Already up to date.
  ✅ Pull selesai
🌱 Membangun Digital Garden...

  📁 catatan/ → 1 artikel
  📁 laporan/ → 3 artikel
  📁 project/ → 1 artikel
  ✅ Sitemap: 9 URLs

✅ Selesai! Total 5 halaman terbit.
   📍 https://muhdanfyan.github.io/catatan/
   📍 https://muhdanfyan.github.io/laporan/
   📍 https://muhdanfyan.github.io/project/
  ✅ Build selesai
[main 04ff2fb] gardener: auto-build 2026-07-12 00:00
 1 file changed, 20 insertions(+)
  ✅ Push ke GitHub Pages selesai
[2026-07-12 00:00:42] ✅ Selesai!

[2026-07-12 00:30:01] 🌱 Memulai deploy Digital Garden...
Already up to date.
  ✅ Pull selesai
🌱 Membangun Digital Garden...

  📁 catatan/ → 1 artikel
  📁 laporan/ → 4 artikel
  📁 project/ → 1 artikel
  ✅ Sitemap: 10 URLs

✅ Selesai! Total 6 halaman terbit.
   📍 https://muhdanfyan.github.io/catatan/
   📍 https://muhdanfyan.github.io/laporan/
   📍 https://muhdanfyan.github.io/project/
  ✅ Build selesai
[main 0573bdd] gardener: auto-build 2026-07-12 00:30
 2 files changed, 76 insertions(+)
 create mode 100644 content/laporan/2026-07-12.md
  ✅ Push ke GitHub Pages selesai
[2026-07-12 00:30:06] ✅ Selesai!

[2026-07-12 01:00:01] 🌱 Memulai deploy Digital Garden...
Already up to date.
  ✅ Pull selesai
🌱 Membangun Digital Garden...

  📁 catatan/ → 1 artikel
  📁 laporan/ → 4 artikel
  📁 project/ → 1 artikel
  ✅ Sitemap: 10 URLs

✅ Selesai! Total 6 halaman terbit.
   📍 https://muhdanfyan.github.io/catatan/
   📍 https://muhdanfyan.github.io/laporan/
   📍 https://muhdanfyan.github.io/project/
  ✅ Build selesai
[main b699870] gardener: auto-build 2026-07-12 01:00
 1 file changed, 21 insertions(+)
  ✅ Push ke GitHub Pages selesai
[2026-07-12 01:00:05] ✅ Selesai!

[2026-07-12 01:30:01] 🌱 Memulai deploy Digital Garden...
Already up to date.
  ✅ Pull selesai
🌱 Membangun Digital Garden...

  📁 catatan/ → 1 artikel
  📁 laporan/ → 4 artikel
  📁 project/ → 1 artikel
  ✅ Sitemap: 10 URLs

✅ Selesai! Total 6 halaman terbit.
   📍 https://muhdanfyan.github.io/catatan/
   📍 https://muhdanfyan.github.io/laporan/
   📍 https://muhdanfyan.github.io/project/
  ✅ Build selesai
[main 1ed9138] gardener: auto-build 2026-07-12 01:30
 1 file changed, 20 insertions(+)
  ✅ Push ke GitHub Pages selesai
[2026-07-12 01:30:04] ✅ Selesai!

[2026-07-12 02:00:05] 🌱 Memulai deploy Digital Garden...
Already up to date.
  ✅ Pull selesai
🌱 Membangun Digital Garden...

  📁 catatan/ → 1 artikel
  📁 laporan/ → 4 artikel
  📁 project/ → 1 artikel
  ✅ Sitemap: 10 URLs

✅ Selesai! Total 6 halaman terbit.
   📍 https://muhdanfyan.github.io/catatan/
   📍 https://muhdanfyan.github.io/laporan/
   📍 https://muhdanfyan.github.io/project/
  ✅ Build selesai
[main 9e510b6] gardener: auto-build 2026-07-12 02:00
 1 file changed, 20 insertions(+)
  ✅ Push ke GitHub Pages selesai
[2026-07-12 02:00:08] ✅ Selesai!

[2026-07-12 02:30:01] 🌱 Memulai deploy Digital Garden...
Already up to date.
  ✅ Pull selesai
🌱 Membangun Digital Garden...

  📁 catatan/ → 1 artikel
  📁 laporan/ → 4 artikel
  📁 project/ → 1 artikel
  ✅ Sitemap: 10 URLs

✅ Selesai! Total 6 halaman terbit.
   📍 https://muhdanfyan.github.io/catatan/
   📍 https://muhdanfyan.github.io/laporan/
   📍 https://muhdanfyan.github.io/project/
  ✅ Build selesai
[main 0317531] gardener: auto-build 2026-07-12 02:30
 1 file changed, 20 insertions(+)
  ✅ Push ke GitHub Pages selesai
[2026-07-12 02:30:04] ✅ Selesai!

[2026-07-12 03:00:01] 🌱 Memulai deploy Digital Garden...
Already up to date.
  ✅ Pull selesai
🌱 Membangun Digital Garden...

  📁 catatan/ → 1 artikel
  📁 laporan/ → 4 artikel
  📁 project/ → 1 artikel
  ✅ Sitemap: 10 URLs

✅ Selesai! Total 6 halaman terbit.
   📍 https://muhdanfyan.github.io/catatan/
   📍 https://muhdanfyan.github.io/laporan/
   📍 https://muhdanfyan.github.io/project/
  ✅ Build selesai
[main 854b902] gardener: auto-build 2026-07-12 03:00
 1 file changed, 20 insertions(+)
  ✅ Push ke GitHub Pages selesai
[2026-07-12 03:00:04] ✅ Selesai!

[2026-07-12 03:30:01] 🌱 Memulai deploy Digital Garden...
Already up to date.
  ✅ Pull selesai
🌱 Membangun Digital Garden...

  📁 catatan/ → 1 artikel
  📁 laporan/ → 4 artikel
  📁 project/ → 1 artikel
  ✅ Sitemap: 10 URLs

✅ Selesai! Total 6 halaman terbit.
   📍 https://muhdanfyan.github.io/catatan/
   📍 https://muhdanfyan.github.io/laporan/
   📍 https://muhdanfyan.github.io/project/
  ✅ Build selesai
[main 2d66e83] gardener: auto-build 2026-07-12 03:30
 1 file changed, 20 insertions(+)
  ✅ Push ke GitHub Pages selesai
[2026-07-12 03:30:04] ✅ Selesai!

[2026-07-12 04:00:01] 🌱 Memulai deploy Digital Garden...
Already up to date.
  ✅ Pull selesai
🌱 Membangun Digital Garden...

  📁 catatan/ → 1 artikel
  📁 laporan/ → 4 artikel
  📁 project/ → 1 artikel
  ✅ Sitemap: 10 URLs

✅ Selesai! Total 6 halaman terbit.
   📍 https://muhdanfyan.github.io/catatan/
   📍 https://muhdanfyan.github.io/laporan/
   📍 https://muhdanfyan.github.io/project/
  ✅ Build selesai
[main eefa3c3] gardener: auto-build 2026-07-12 04:00
 1 file changed, 20 insertions(+)
  ✅ Push ke GitHub Pages selesai
[2026-07-12 04:00:03] ✅ Selesai!

[2026-07-12 04:30:06] 🌱 Memulai deploy Digital Garden...
Already up to date.
  ✅ Pull selesai
🌱 Membangun Digital Garden...

  📁 catatan/ → 1 artikel
  📁 laporan/ → 4 artikel
  📁 project/ → 1 artikel
  ✅ Sitemap: 10 URLs

✅ Selesai! Total 6 halaman terbit.
   📍 https://muhdanfyan.github.io/catatan/
   📍 https://muhdanfyan.github.io/laporan/
   📍 https://muhdanfyan.github.io/project/
  ✅ Build selesai
[main d382c66] gardener: auto-build 2026-07-12 04:30
 1 file changed, 20 insertions(+)
  ✅ Push ke GitHub Pages selesai
[2026-07-12 04:30:09] ✅ Selesai!

[2026-07-12 05:00:01] 🌱 Memulai deploy Digital Garden...
Already up to date.
  ✅ Pull selesai
🌱 Membangun Digital Garden...

  📁 catatan/ → 1 artikel
  📁 laporan/ → 4 artikel
  📁 project/ → 1 artikel
  ✅ Sitemap: 10 URLs

✅ Selesai! Total 6 halaman terbit.
   📍 https://muhdanfyan.github.io/catatan/
   📍 https://muhdanfyan.github.io/laporan/
   📍 https://muhdanfyan.github.io/project/
  ✅ Build selesai
[main 8ab9ddf] gardener: auto-build 2026-07-12 05:00
 1 file changed, 20 insertions(+)
  ✅ Push ke GitHub Pages selesai
[2026-07-12 05:00:04] ✅ Selesai!

[2026-07-12 05:30:01] 🌱 Memulai deploy Digital Garden...
Already up to date.
  ✅ Pull selesai
🌱 Membangun Digital Garden...

  📁 catatan/ → 1 artikel
  📁 laporan/ → 4 artikel
  📁 project/ → 1 artikel
  ✅ Sitemap: 10 URLs

✅ Selesai! Total 6 halaman terbit.
   📍 https://muhdanfyan.github.io/catatan/
   📍 https://muhdanfyan.github.io/laporan/
   📍 https://muhdanfyan.github.io/project/
  ✅ Build selesai
[main e81892b] gardener: auto-build 2026-07-12 05:30
 1 file changed, 20 insertions(+)
  ✅ Push ke GitHub Pages selesai
[2026-07-12 05:30:03] ✅ Selesai!

[2026-07-12 06:00:01] 🌱 Memulai deploy Digital Garden...
Already up to date.
  ✅ Pull selesai
🌱 Membangun Digital Garden...

  📁 catatan/ → 1 artikel
  📁 laporan/ → 4 artikel
  📁 project/ → 1 artikel
  ✅ Sitemap: 10 URLs

✅ Selesai! Total 6 halaman terbit.
   📍 https://muhdanfyan.github.io/catatan/
   📍 https://muhdanfyan.github.io/laporan/
   📍 https://muhdanfyan.github.io/project/
  ✅ Build selesai
[main fb72f34] gardener: auto-build 2026-07-12 06:00
 1 file changed, 20 insertions(+)
  ✅ Push ke GitHub Pages selesai
[2026-07-12 06:01:00] ✅ Selesai!

[2026-07-12 06:30:01] 🌱 Memulai deploy Digital Garden...
Already up to date.
  ✅ Pull selesai
🌱 Membangun Digital Garden...

  📁 catatan/ → 1 artikel
  📁 laporan/ → 4 artikel
  📁 project/ → 1 artikel
  ✅ Sitemap: 10 URLs

✅ Selesai! Total 6 halaman terbit.
   📍 https://muhdanfyan.github.io/catatan/
   📍 https://muhdanfyan.github.io/laporan/
   📍 https://muhdanfyan.github.io/project/
  ✅ Build selesai
[main 39197bb] gardener: auto-build 2026-07-12 06:30
 1 file changed, 20 insertions(+)
  ✅ Push ke GitHub Pages selesai
[2026-07-12 06:30:04] ✅ Selesai!

[2026-07-12 07:00:01] 🌱 Memulai deploy Digital Garden...
Already up to date.
  ✅ Pull selesai
🌱 Membangun Digital Garden...

  📁 catatan/ → 1 artikel
  📁 laporan/ → 4 artikel
  📁 project/ → 1 artikel
  ✅ Sitemap: 10 URLs

✅ Selesai! Total 6 halaman terbit.
   📍 https://muhdanfyan.github.io/catatan/
   📍 https://muhdanfyan.github.io/laporan/
   📍 https://muhdanfyan.github.io/project/
  ✅ Build selesai
[main 1ab5163] gardener: auto-build 2026-07-12 07:00
 1 file changed, 20 insertions(+)
  ✅ Push ke GitHub Pages selesai
[2026-07-12 07:00:04] ✅ Selesai!

[2026-07-12 07:30:01] 🌱 Memulai deploy Digital Garden...
Already up to date.
  ✅ Pull selesai
🌱 Membangun Digital Garden...

  📁 catatan/ → 1 artikel
  📁 laporan/ → 4 artikel
  📁 project/ → 1 artikel
  ✅ Sitemap: 10 URLs

✅ Selesai! Total 6 halaman terbit.
   📍 https://muhdanfyan.github.io/catatan/
   📍 https://muhdanfyan.github.io/laporan/
   📍 https://muhdanfyan.github.io/project/
  ✅ Build selesai
[main 187b501] gardener: auto-build 2026-07-12 07:31
 1 file changed, 20 insertions(+)
  ✅ Push ke GitHub Pages selesai
[2026-07-12 07:31:06] ✅ Selesai!

[2026-07-12 08:00:01] 🌱 Memulai deploy Digital Garden...
Already up to date.
  ✅ Pull selesai
🌱 Membangun Digital Garden...

  📁 catatan/ → 1 artikel
  📁 laporan/ → 4 artikel
  📁 project/ → 1 artikel
  ✅ Sitemap: 10 URLs

✅ Selesai! Total 6 halaman terbit.
   📍 https://muhdanfyan.github.io/catatan/
   📍 https://muhdanfyan.github.io/laporan/
   📍 https://muhdanfyan.github.io/project/
  ✅ Build selesai
[main 3675ffd] gardener: auto-build 2026-07-12 08:00
 1 file changed, 20 insertions(+)
  ✅ Push ke GitHub Pages selesai
[2026-07-12 08:00:06] ✅ Selesai!

[2026-07-12 08:30:13] 🌱 Memulai deploy Digital Garden...
Already up to date.
  ✅ Pull selesai
🌱 Membangun Digital Garden...

  📁 catatan/ → 1 artikel
  📁 laporan/ → 4 artikel
  📁 project/ → 1 artikel
  ✅ Sitemap: 10 URLs

✅ Selesai! Total 6 halaman terbit.
   📍 https://muhdanfyan.github.io/catatan/
   📍 https://muhdanfyan.github.io/laporan/
   📍 https://muhdanfyan.github.io/project/
  ✅ Build selesai
[main f7b38d0] gardener: auto-build 2026-07-12 08:30
 1 file changed, 20 insertions(+)
  ✅ Push ke GitHub Pages selesai
[2026-07-12 08:30:17] ✅ Selesai!

[2026-07-12 09:00:01] 🌱 Memulai deploy Digital Garden...
Already up to date.
  ✅ Pull selesai
🌱 Membangun Digital Garden...

  📁 catatan/ → 1 artikel
  📁 laporan/ → 4 artikel
  📁 project/ → 1 artikel
  ✅ Sitemap: 10 URLs

✅ Selesai! Total 6 halaman terbit.
   📍 https://muhdanfyan.github.io/catatan/
   📍 https://muhdanfyan.github.io/laporan/
   📍 https://muhdanfyan.github.io/project/
  ✅ Build selesai
[main 2bdb7c0] gardener: auto-build 2026-07-12 09:00
 1 file changed, 20 insertions(+)
  ✅ Push ke GitHub Pages selesai
[2026-07-12 09:00:21] ✅ Selesai!

[2026-07-12 09:30:01] 🌱 Memulai deploy Digital Garden...
Already up to date.
  ✅ Pull selesai
🌱 Membangun Digital Garden...

  📁 catatan/ → 1 artikel
  📁 laporan/ → 4 artikel
  📁 project/ → 1 artikel
  ✅ Sitemap: 10 URLs

✅ Selesai! Total 6 halaman terbit.
   📍 https://muhdanfyan.github.io/catatan/
   📍 https://muhdanfyan.github.io/laporan/
   📍 https://muhdanfyan.github.io/project/
  ✅ Build selesai
[main 7d37c44] gardener: auto-build 2026-07-12 09:30
 1 file changed, 20 insertions(+)
  ✅ Push ke GitHub Pages selesai
[2026-07-12 09:30:04] ✅ Selesai!

[2026-07-12 10:00:01] 🌱 Memulai deploy Digital Garden...
Already up to date.
  ✅ Pull selesai
🌱 Membangun Digital Garden...

  📁 catatan/ → 1 artikel
  📁 laporan/ → 4 artikel
  📁 project/ → 1 artikel
  ✅ Sitemap: 10 URLs

✅ Selesai! Total 6 halaman terbit.
   📍 https://muhdanfyan.github.io/catatan/
   📍 https://muhdanfyan.github.io/laporan/
   📍 https://muhdanfyan.github.io/project/
  ✅ Build selesai
[main 37802a6] gardener: auto-build 2026-07-12 10:00
 1 file changed, 20 insertions(+)
  ✅ Push ke GitHub Pages selesai
[2026-07-12 10:00:22] ✅ Selesai!

[2026-07-12 10:30:01] 🌱 Memulai deploy Digital Garden...
Already up to date.
  ✅ Pull selesai
🌱 Membangun Digital Garden...

  📁 catatan/ → 1 artikel
  📁 laporan/ → 4 artikel
  📁 project/ → 1 artikel
  ✅ Sitemap: 10 URLs

✅ Selesai! Total 6 halaman terbit.
   📍 https://muhdanfyan.github.io/catatan/
   📍 https://muhdanfyan.github.io/laporan/
   📍 https://muhdanfyan.github.io/project/
  ✅ Build selesai
[main 2d06564] gardener: auto-build 2026-07-12 10:30
 1 file changed, 20 insertions(+)
  ✅ Push ke GitHub Pages selesai
[2026-07-12 10:30:10] ✅ Selesai!

[2026-07-12 11:00:02] 🌱 Memulai deploy Digital Garden...
Already up to date.
  ✅ Pull selesai
🌱 Membangun Digital Garden...

  📁 catatan/ → 1 artikel
  📁 laporan/ → 4 artikel
  📁 project/ → 1 artikel
  ✅ Sitemap: 10 URLs

✅ Selesai! Total 6 halaman terbit.
   📍 https://muhdanfyan.github.io/catatan/
   📍 https://muhdanfyan.github.io/laporan/
   📍 https://muhdanfyan.github.io/project/
  ✅ Build selesai
[main 726d2a8] gardener: auto-build 2026-07-12 11:00
 1 file changed, 20 insertions(+)
  ✅ Push ke GitHub Pages selesai
[2026-07-12 11:00:06] ✅ Selesai!

[2026-07-12 11:30:01] 🌱 Memulai deploy Digital Garden...
Already up to date.
  ✅ Pull selesai
🌱 Membangun Digital Garden...

  📁 catatan/ → 1 artikel
  📁 laporan/ → 4 artikel
  📁 project/ → 1 artikel
  ✅ Sitemap: 10 URLs

✅ Selesai! Total 6 halaman terbit.
   📍 https://muhdanfyan.github.io/catatan/
   📍 https://muhdanfyan.github.io/laporan/
   📍 https://muhdanfyan.github.io/project/
  ✅ Build selesai
[main 8e33dc1] gardener: auto-build 2026-07-12 11:30
 1 file changed, 20 insertions(+)
  ✅ Push ke GitHub Pages selesai
[2026-07-12 11:30:07] ✅ Selesai!

[2026-07-12 12:00:01] 🌱 Memulai deploy Digital Garden...
Already up to date.
  ✅ Pull selesai
🌱 Membangun Digital Garden...

  📁 catatan/ → 1 artikel
  📁 laporan/ → 4 artikel
  📁 project/ → 1 artikel
  ✅ Sitemap: 10 URLs

✅ Selesai! Total 6 halaman terbit.
   📍 https://muhdanfyan.github.io/catatan/
   📍 https://muhdanfyan.github.io/laporan/
   📍 https://muhdanfyan.github.io/project/
  ✅ Build selesai
[main 48ed184] gardener: auto-build 2026-07-12 12:00
 1 file changed, 20 insertions(+)
  ✅ Push ke GitHub Pages selesai
[2026-07-12 12:00:05] ✅ Selesai!

[2026-07-12 12:30:01] 🌱 Memulai deploy Digital Garden...
Already up to date.
  ✅ Pull selesai
🌱 Membangun Digital Garden...

  📁 catatan/ → 1 artikel
  📁 laporan/ → 4 artikel
  📁 project/ → 1 artikel
  ✅ Sitemap: 10 URLs

✅ Selesai! Total 6 halaman terbit.
   📍 https://muhdanfyan.github.io/catatan/
   📍 https://muhdanfyan.github.io/laporan/
   📍 https://muhdanfyan.github.io/project/
  ✅ Build selesai
[main 9a87e6f] gardener: auto-build 2026-07-12 12:30
 1 file changed, 20 insertions(+)
  ✅ Push ke GitHub Pages selesai
[2026-07-12 12:30:04] ✅ Selesai!

[2026-07-12 13:00:01] 🌱 Memulai deploy Digital Garden...
Already up to date.
  ✅ Pull selesai
🌱 Membangun Digital Garden...

  📁 catatan/ → 1 artikel
  📁 laporan/ → 4 artikel
  📁 project/ → 1 artikel
  ✅ Sitemap: 10 URLs

✅ Selesai! Total 6 halaman terbit.
   📍 https://muhdanfyan.github.io/catatan/
   📍 https://muhdanfyan.github.io/laporan/
   📍 https://muhdanfyan.github.io/project/
  ✅ Build selesai
[main d1939fc] gardener: auto-build 2026-07-12 13:00
 1 file changed, 20 insertions(+)
  ✅ Push ke GitHub Pages selesai
[2026-07-12 13:00:06] ✅ Selesai!

[2026-07-12 13:30:02] 🌱 Memulai deploy Digital Garden...
Already up to date.
  ✅ Pull selesai
🌱 Membangun Digital Garden...

  📁 catatan/ → 1 artikel
  📁 laporan/ → 4 artikel
  📁 project/ → 1 artikel
  ✅ Sitemap: 10 URLs

✅ Selesai! Total 6 halaman terbit.
   📍 https://muhdanfyan.github.io/catatan/
   📍 https://muhdanfyan.github.io/laporan/
   📍 https://muhdanfyan.github.io/project/
  ✅ Build selesai
[main be28895] gardener: auto-build 2026-07-12 13:30
 1 file changed, 20 insertions(+)
  ✅ Push ke GitHub Pages selesai
[2026-07-12 13:30:04] ✅ Selesai!

[2026-07-12 14:00:01] 🌱 Memulai deploy Digital Garden...
Already up to date.
  ✅ Pull selesai
🌱 Membangun Digital Garden...

  📁 catatan/ → 1 artikel
  📁 laporan/ → 4 artikel
  📁 project/ → 1 artikel
  ✅ Sitemap: 10 URLs

✅ Selesai! Total 6 halaman terbit.
   📍 https://muhdanfyan.github.io/catatan/
   📍 https://muhdanfyan.github.io/laporan/
   📍 https://muhdanfyan.github.io/project/
  ✅ Build selesai
[main 49e9816] gardener: auto-build 2026-07-12 14:00
 1 file changed, 20 insertions(+)
  ✅ Push ke GitHub Pages selesai
[2026-07-12 14:00:04] ✅ Selesai!

[2026-07-12 14:30:01] 🌱 Memulai deploy Digital Garden...
Already up to date.
  ✅ Pull selesai
🌱 Membangun Digital Garden...

  📁 catatan/ → 1 artikel
  📁 laporan/ → 4 artikel
  📁 project/ → 1 artikel
  ✅ Sitemap: 10 URLs

✅ Selesai! Total 6 halaman terbit.
   📍 https://muhdanfyan.github.io/catatan/
   📍 https://muhdanfyan.github.io/laporan/
   📍 https://muhdanfyan.github.io/project/
  ✅ Build selesai
[main 1781ea2] gardener: auto-build 2026-07-12 14:30
 1 file changed, 20 insertions(+)
  ✅ Push ke GitHub Pages selesai
[2026-07-12 14:30:11] ✅ Selesai!

[2026-07-12 15:00:01] 🌱 Memulai deploy Digital Garden...
Already up to date.
  ✅ Pull selesai
🌱 Membangun Digital Garden...

  📁 catatan/ → 1 artikel
  📁 laporan/ → 4 artikel
  📁 project/ → 1 artikel
  ✅ Sitemap: 10 URLs

✅ Selesai! Total 6 halaman terbit.
   📍 https://muhdanfyan.github.io/catatan/
   📍 https://muhdanfyan.github.io/laporan/
   📍 https://muhdanfyan.github.io/project/
  ✅ Build selesai
[main 8f4d83b] gardener: auto-build 2026-07-12 15:00
 1 file changed, 20 insertions(+)
  ✅ Push ke GitHub Pages selesai
[2026-07-12 15:00:11] ✅ Selesai!

[2026-07-12 15:30:01] 🌱 Memulai deploy Digital Garden...
Already up to date.
  ✅ Pull selesai
🌱 Membangun Digital Garden...

  📁 catatan/ → 1 artikel
  📁 laporan/ → 4 artikel
  📁 project/ → 1 artikel
  ✅ Sitemap: 10 URLs

✅ Selesai! Total 6 halaman terbit.
   📍 https://muhdanfyan.github.io/catatan/
   📍 https://muhdanfyan.github.io/laporan/
   📍 https://muhdanfyan.github.io/project/
  ✅ Build selesai
[main a710641] gardener: auto-build 2026-07-12 15:30
 1 file changed, 20 insertions(+)
  ✅ Push ke GitHub Pages selesai
[2026-07-12 15:30:09] ✅ Selesai!

[2026-07-12 16:00:01] 🌱 Memulai deploy Digital Garden...
Already up to date.
  ✅ Pull selesai
🌱 Membangun Digital Garden...

  📁 catatan/ → 1 artikel
  📁 laporan/ → 4 artikel
  📁 project/ → 1 artikel
  ✅ Sitemap: 10 URLs

✅ Selesai! Total 6 halaman terbit.
   📍 https://muhdanfyan.github.io/catatan/
   📍 https://muhdanfyan.github.io/laporan/
   📍 https://muhdanfyan.github.io/project/
  ✅ Build selesai
[main a67f8b1] gardener: auto-build 2026-07-12 16:00
 1 file changed, 20 insertions(+)
  ✅ Push ke GitHub Pages selesai
[2026-07-12 16:00:10] ✅ Selesai!

[2026-07-12 16:30:01] 🌱 Memulai deploy Digital Garden...
Already up to date.
  ✅ Pull selesai
🌱 Membangun Digital Garden...

  📁 catatan/ → 1 artikel
  📁 laporan/ → 4 artikel
  📁 project/ → 1 artikel
  ✅ Sitemap: 10 URLs

✅ Selesai! Total 6 halaman terbit.
   📍 https://muhdanfyan.github.io/catatan/
   📍 https://muhdanfyan.github.io/laporan/
   📍 https://muhdanfyan.github.io/project/
  ✅ Build selesai
[main b01169a] gardener: auto-build 2026-07-12 16:30
 1 file changed, 20 insertions(+)
  ✅ Push ke GitHub Pages selesai
[2026-07-12 16:30:04] ✅ Selesai!

[2026-07-12 17:00:01] 🌱 Memulai deploy Digital Garden...
Already up to date.
  ✅ Pull selesai
🌱 Membangun Digital Garden...

  📁 catatan/ → 1 artikel
  📁 laporan/ → 4 artikel
  📁 project/ → 1 artikel
  ✅ Sitemap: 10 URLs

✅ Selesai! Total 6 halaman terbit.
   📍 https://muhdanfyan.github.io/catatan/
   📍 https://muhdanfyan.github.io/laporan/
   📍 https://muhdanfyan.github.io/project/
  ✅ Build selesai
[main 5461da3] gardener: auto-build 2026-07-12 17:00
 1 file changed, 20 insertions(+)
  ✅ Push ke GitHub Pages selesai
[2026-07-12 17:00:24] ✅ Selesai!

[2026-07-12 17:30:01] 🌱 Memulai deploy Digital Garden...
Already up to date.
  ✅ Pull selesai
🌱 Membangun Digital Garden...

  📁 catatan/ → 1 artikel
  📁 laporan/ → 4 artikel
  📁 project/ → 1 artikel
  ✅ Sitemap: 10 URLs

✅ Selesai! Total 6 halaman terbit.
   📍 https://muhdanfyan.github.io/catatan/
   📍 https://muhdanfyan.github.io/laporan/
   📍 https://muhdanfyan.github.io/project/
  ✅ Build selesai
[main 7154daf] gardener: auto-build 2026-07-12 17:30
 1 file changed, 20 insertions(+)
  ✅ Push ke GitHub Pages selesai
[2026-07-12 17:30:20] ✅ Selesai!

[2026-07-12 18:00:01] 🌱 Memulai deploy Digital Garden...
Already up to date.
  ✅ Pull selesai
🌱 Membangun Digital Garden...

  📁 catatan/ → 1 artikel
  📁 laporan/ → 4 artikel
  📁 project/ → 1 artikel
  ✅ Sitemap: 10 URLs

✅ Selesai! Total 6 halaman terbit.
   📍 https://muhdanfyan.github.io/catatan/
   📍 https://muhdanfyan.github.io/laporan/
   📍 https://muhdanfyan.github.io/project/
  ✅ Build selesai
[main 0d07582] gardener: auto-build 2026-07-12 18:00
 1 file changed, 20 insertions(+)
  ✅ Push ke GitHub Pages selesai
[2026-07-12 18:00:04] ✅ Selesai!

[2026-07-12 18:30:01] 🌱 Memulai deploy Digital Garden...
Already up to date.
  ✅ Pull selesai
🌱 Membangun Digital Garden...

  📁 catatan/ → 1 artikel
  📁 laporan/ → 4 artikel
  📁 project/ → 1 artikel
  ✅ Sitemap: 10 URLs

✅ Selesai! Total 6 halaman terbit.
   📍 https://muhdanfyan.github.io/catatan/
   📍 https://muhdanfyan.github.io/laporan/
   📍 https://muhdanfyan.github.io/project/
  ✅ Build selesai
[main 26a023c] gardener: auto-build 2026-07-12 18:30
 1 file changed, 20 insertions(+)
  ✅ Push ke GitHub Pages selesai
[2026-07-12 18:30:41] ✅ Selesai!

[2026-07-12 19:00:01] 🌱 Memulai deploy Digital Garden...
Already up to date.
  ✅ Pull selesai
🌱 Membangun Digital Garden...

  📁 catatan/ → 1 artikel
  📁 laporan/ → 4 artikel
  📁 project/ → 1 artikel
  ✅ Sitemap: 10 URLs

✅ Selesai! Total 6 halaman terbit.
   📍 https://muhdanfyan.github.io/catatan/
   📍 https://muhdanfyan.github.io/laporan/
   📍 https://muhdanfyan.github.io/project/
  ✅ Build selesai
[main 3e98b78] gardener: auto-build 2026-07-12 19:00
 1 file changed, 20 insertions(+)
  ✅ Push ke GitHub Pages selesai
[2026-07-12 19:00:31] ✅ Selesai!

[2026-07-12 19:30:01] 🌱 Memulai deploy Digital Garden...
Already up to date.
  ✅ Pull selesai
🌱 Membangun Digital Garden...

  📁 catatan/ → 1 artikel
  📁 laporan/ → 4 artikel
  📁 project/ → 1 artikel
  ✅ Sitemap: 10 URLs

✅ Selesai! Total 6 halaman terbit.
   📍 https://muhdanfyan.github.io/catatan/
   📍 https://muhdanfyan.github.io/laporan/
   📍 https://muhdanfyan.github.io/project/
  ✅ Build selesai
[main 371a3c7] gardener: auto-build 2026-07-12 19:30
 1 file changed, 20 insertions(+)
  ✅ Push ke GitHub Pages selesai
[2026-07-12 19:30:40] ✅ Selesai!

[2026-07-12 20:00:01] 🌱 Memulai deploy Digital Garden...
Already up to date.
  ✅ Pull selesai
🌱 Membangun Digital Garden...

  📁 catatan/ → 1 artikel
  📁 laporan/ → 4 artikel
  📁 project/ → 1 artikel
  ✅ Sitemap: 10 URLs

✅ Selesai! Total 6 halaman terbit.
   📍 https://muhdanfyan.github.io/catatan/
   📍 https://muhdanfyan.github.io/laporan/
   📍 https://muhdanfyan.github.io/project/
  ✅ Build selesai
[main 02e6d15] gardener: auto-build 2026-07-12 20:00
 1 file changed, 20 insertions(+)
  ✅ Push ke GitHub Pages selesai
[2026-07-12 20:00:40] ✅ Selesai!

[2026-07-12 20:30:02] 🌱 Memulai deploy Digital Garden...
Already up to date.
  ✅ Pull selesai
🌱 Membangun Digital Garden...

  📁 catatan/ → 1 artikel
  📁 laporan/ → 4 artikel
  📁 project/ → 1 artikel
  ✅ Sitemap: 10 URLs

✅ Selesai! Total 6 halaman terbit.
   📍 https://muhdanfyan.github.io/catatan/
   📍 https://muhdanfyan.github.io/laporan/
   📍 https://muhdanfyan.github.io/project/
  ✅ Build selesai
[main 784f002] gardener: auto-build 2026-07-12 20:30
 1 file changed, 20 insertions(+)
  ✅ Push ke GitHub Pages selesai
[2026-07-12 20:30:41] ✅ Selesai!

[2026-07-12 21:00:01] 🌱 Memulai deploy Digital Garden...
Already up to date.
  ✅ Pull selesai
🌱 Membangun Digital Garden...

  📁 catatan/ → 1 artikel
  📁 laporan/ → 4 artikel
  📁 project/ → 1 artikel
  ✅ Sitemap: 10 URLs

✅ Selesai! Total 6 halaman terbit.
   📍 https://muhdanfyan.github.io/catatan/
   📍 https://muhdanfyan.github.io/laporan/
   📍 https://muhdanfyan.github.io/project/
  ✅ Build selesai
[main e2df1b8] gardener: auto-build 2026-07-12 21:00
 1 file changed, 20 insertions(+)
  ✅ Push ke GitHub Pages selesai
[2026-07-12 21:00:05] ✅ Selesai!

[2026-07-12 21:30:01] 🌱 Memulai deploy Digital Garden...
Already up to date.
  ✅ Pull selesai
🌱 Membangun Digital Garden...

  📁 catatan/ → 1 artikel
  📁 laporan/ → 4 artikel
  📁 project/ → 1 artikel
  ✅ Sitemap: 10 URLs

✅ Selesai! Total 6 halaman terbit.
   📍 https://muhdanfyan.github.io/catatan/
   📍 https://muhdanfyan.github.io/laporan/
   📍 https://muhdanfyan.github.io/project/
  ✅ Build selesai
[main 4471292] gardener: auto-build 2026-07-12 21:30
 1 file changed, 20 insertions(+)
  ✅ Push ke GitHub Pages selesai
[2026-07-12 21:30:04] ✅ Selesai!

[2026-07-12 22:00:01] 🌱 Memulai deploy Digital Garden...
Already up to date.
  ✅ Pull selesai
🌱 Membangun Digital Garden...

  📁 catatan/ → 1 artikel
  📁 laporan/ → 4 artikel
  📁 project/ → 1 artikel
  ✅ Sitemap: 10 URLs

✅ Selesai! Total 6 halaman terbit.
   📍 https://muhdanfyan.github.io/catatan/
   📍 https://muhdanfyan.github.io/laporan/
   📍 https://muhdanfyan.github.io/project/
  ✅ Build selesai
[main 19a9342] gardener: auto-build 2026-07-12 22:00
 1 file changed, 20 insertions(+)
  ✅ Push ke GitHub Pages selesai
[2026-07-12 22:00:04] ✅ Selesai!

[2026-07-12 22:30:01] 🌱 Memulai deploy Digital Garden...
Already up to date.
  ✅ Pull selesai
🌱 Membangun Digital Garden...

  📁 catatan/ → 1 artikel
  📁 laporan/ → 4 artikel
  📁 project/ → 1 artikel
  ✅ Sitemap: 10 URLs

✅ Selesai! Total 6 halaman terbit.
   📍 https://muhdanfyan.github.io/catatan/
   📍 https://muhdanfyan.github.io/laporan/
   📍 https://muhdanfyan.github.io/project/
  ✅ Build selesai
[main 3af5968] gardener: auto-build 2026-07-12 22:30
 1 file changed, 20 insertions(+)
  ✅ Push ke GitHub Pages selesai
[2026-07-12 22:31:06] ✅ Selesai!

[2026-07-12 23:00:01] 🌱 Memulai deploy Digital Garden...
Already up to date.
  ✅ Pull selesai
🌱 Membangun Digital Garden...

  📁 catatan/ → 1 artikel
  📁 laporan/ → 4 artikel
  📁 project/ → 1 artikel
  ✅ Sitemap: 10 URLs

✅ Selesai! Total 6 halaman terbit.
   📍 https://muhdanfyan.github.io/catatan/
   📍 https://muhdanfyan.github.io/laporan/
   📍 https://muhdanfyan.github.io/project/
  ✅ Build selesai
[main acd35cb] gardener: auto-build 2026-07-12 23:00
 1 file changed, 20 insertions(+)
  ✅ Push ke GitHub Pages selesai
[2026-07-12 23:00:05] ✅ Selesai!

[2026-07-12 23:30:02] 🌱 Memulai deploy Digital Garden...
Already up to date.
  ✅ Pull selesai
🌱 Membangun Digital Garden...

  📁 catatan/ → 1 artikel
  📁 laporan/ → 4 artikel
  📁 project/ → 1 artikel
  ✅ Sitemap: 10 URLs

✅ Selesai! Total 6 halaman terbit.
   📍 https://muhdanfyan.github.io/catatan/
   📍 https://muhdanfyan.github.io/laporan/
   📍 https://muhdanfyan.github.io/project/
  ✅ Build selesai
[main 10c7ba1] gardener: auto-build 2026-07-12 23:30
 1 file changed, 20 insertions(+)
  ✅ Push ke GitHub Pages selesai
[2026-07-12 23:30:45] ✅ Selesai!

[2026-07-13 00:00:01] 🌱 Memulai deploy Digital Garden...
Already up to date.
  ✅ Pull selesai
🌱 Membangun Digital Garden...

  📁 catatan/ → 1 artikel
  📁 laporan/ → 4 artikel
  📁 project/ → 1 artikel
  ✅ Sitemap: 10 URLs

✅ Selesai! Total 6 halaman terbit.
   📍 https://muhdanfyan.github.io/catatan/
   📍 https://muhdanfyan.github.io/laporan/
   📍 https://muhdanfyan.github.io/project/
  ✅ Build selesai
[main bb2bc56] gardener: auto-build 2026-07-13 00:00
 1 file changed, 20 insertions(+)
  ✅ Push ke GitHub Pages selesai
[2026-07-13 00:01:09] ✅ Selesai!

[2026-07-13 00:30:01] 🌱 Memulai deploy Digital Garden...
Already up to date.
  ✅ Pull selesai
🌱 Membangun Digital Garden...

  📁 catatan/ → 1 artikel
  📁 laporan/ → 4 artikel
  📁 project/ → 1 artikel
  ✅ Sitemap: 10 URLs

✅ Selesai! Total 6 halaman terbit.
   📍 https://muhdanfyan.github.io/catatan/
   📍 https://muhdanfyan.github.io/laporan/
   📍 https://muhdanfyan.github.io/project/
  ✅ Build selesai
[main 69e295e] gardener: auto-build 2026-07-13 00:30
 1 file changed, 20 insertions(+)
  ✅ Push ke GitHub Pages selesai
[2026-07-13 00:30:05] ✅ Selesai!

[2026-07-13 01:00:01] 🌱 Memulai deploy Digital Garden...
Already up to date.
  ✅ Pull selesai
🌱 Membangun Digital Garden...

  📁 catatan/ → 1 artikel
  📁 laporan/ → 4 artikel
  📁 project/ → 1 artikel
  ✅ Sitemap: 10 URLs

✅ Selesai! Total 6 halaman terbit.
   📍 https://muhdanfyan.github.io/catatan/
   📍 https://muhdanfyan.github.io/laporan/
   📍 https://muhdanfyan.github.io/project/
  ✅ Build selesai
[main 9557460] gardener: auto-build 2026-07-13 01:00
 1 file changed, 20 insertions(+)
  ✅ Push ke GitHub Pages selesai
[2026-07-13 01:00:04] ✅ Selesai!

[2026-07-13 01:30:01] 🌱 Memulai deploy Digital Garden...
Already up to date.
  ✅ Pull selesai
🌱 Membangun Digital Garden...

  📁 catatan/ → 1 artikel
  📁 laporan/ → 4 artikel
  📁 project/ → 1 artikel
  ✅ Sitemap: 10 URLs

✅ Selesai! Total 6 halaman terbit.
   📍 https://muhdanfyan.github.io/catatan/
   📍 https://muhdanfyan.github.io/laporan/
   📍 https://muhdanfyan.github.io/project/
  ✅ Build selesai
[main 32bfbe3] gardener: auto-build 2026-07-13 01:30
 1 file changed, 20 insertions(+)
  ✅ Push ke GitHub Pages selesai
[2026-07-13 01:30:05] ✅ Selesai!

[2026-07-13 02:00:01] 🌱 Memulai deploy Digital Garden...
Already up to date.
  ✅ Pull selesai
🌱 Membangun Digital Garden...

  📁 catatan/ → 1 artikel
  📁 laporan/ → 4 artikel
  📁 project/ → 1 artikel
  ✅ Sitemap: 10 URLs

✅ Selesai! Total 6 halaman terbit.
   📍 https://muhdanfyan.github.io/catatan/
   📍 https://muhdanfyan.github.io/laporan/
   📍 https://muhdanfyan.github.io/project/
  ✅ Build selesai
[main b068bd4] gardener: auto-build 2026-07-13 02:00
 1 file changed, 20 insertions(+)
  ✅ Push ke GitHub Pages selesai
[2026-07-13 02:00:04] ✅ Selesai!

[2026-07-13 02:30:01] 🌱 Memulai deploy Digital Garden...
Already up to date.
  ✅ Pull selesai
🌱 Membangun Digital Garden...

  📁 catatan/ → 1 artikel
  📁 laporan/ → 4 artikel
  📁 project/ → 1 artikel
  ✅ Sitemap: 10 URLs

✅ Selesai! Total 6 halaman terbit.
   📍 https://muhdanfyan.github.io/catatan/
   📍 https://muhdanfyan.github.io/laporan/
   📍 https://muhdanfyan.github.io/project/
  ✅ Build selesai
[main c5f7bd2] gardener: auto-build 2026-07-13 02:30
 1 file changed, 20 insertions(+)
  ✅ Push ke GitHub Pages selesai
[2026-07-13 02:30:05] ✅ Selesai!

[2026-07-13 03:00:01] 🌱 Memulai deploy Digital Garden...
Already up to date.
  ✅ Pull selesai
🌱 Membangun Digital Garden...

  📁 catatan/ → 1 artikel
  📁 laporan/ → 4 artikel
  📁 project/ → 1 artikel
  ✅ Sitemap: 10 URLs

✅ Selesai! Total 6 halaman terbit.
   📍 https://muhdanfyan.github.io/catatan/
   📍 https://muhdanfyan.github.io/laporan/
   📍 https://muhdanfyan.github.io/project/
  ✅ Build selesai
[main c54f9cb] gardener: auto-build 2026-07-13 03:00
 1 file changed, 20 insertions(+)
  ✅ Push ke GitHub Pages selesai
[2026-07-13 03:00:05] ✅ Selesai!

[2026-07-13 03:30:01] 🌱 Memulai deploy Digital Garden...
Already up to date.
  ✅ Pull selesai
🌱 Membangun Digital Garden...

  📁 catatan/ → 1 artikel
  📁 laporan/ → 4 artikel
  📁 project/ → 1 artikel
  ✅ Sitemap: 10 URLs

✅ Selesai! Total 6 halaman terbit.
   📍 https://muhdanfyan.github.io/catatan/
   📍 https://muhdanfyan.github.io/laporan/
   📍 https://muhdanfyan.github.io/project/
  ✅ Build selesai
[main 650b2d5] gardener: auto-build 2026-07-13 03:30
 1 file changed, 20 insertions(+)
  ✅ Push ke GitHub Pages selesai
[2026-07-13 03:30:04] ✅ Selesai!

[2026-07-13 04:00:01] 🌱 Memulai deploy Digital Garden...
Already up to date.
  ✅ Pull selesai
🌱 Membangun Digital Garden...

  📁 catatan/ → 1 artikel
  📁 laporan/ → 4 artikel
  📁 project/ → 1 artikel
  ✅ Sitemap: 10 URLs

✅ Selesai! Total 6 halaman terbit.
   📍 https://muhdanfyan.github.io/catatan/
   📍 https://muhdanfyan.github.io/laporan/
   📍 https://muhdanfyan.github.io/project/
  ✅ Build selesai
[main bcdee12] gardener: auto-build 2026-07-13 04:00
 1 file changed, 20 insertions(+)
  ✅ Push ke GitHub Pages selesai
[2026-07-13 04:00:04] ✅ Selesai!

[2026-07-13 04:30:01] 🌱 Memulai deploy Digital Garden...
Already up to date.
  ✅ Pull selesai
🌱 Membangun Digital Garden...

  📁 catatan/ → 1 artikel
  📁 laporan/ → 4 artikel
  📁 project/ → 1 artikel
  ✅ Sitemap: 10 URLs

✅ Selesai! Total 6 halaman terbit.
   📍 https://muhdanfyan.github.io/catatan/
   📍 https://muhdanfyan.github.io/laporan/
   📍 https://muhdanfyan.github.io/project/
  ✅ Build selesai
[main f388eea] gardener: auto-build 2026-07-13 04:30
 1 file changed, 20 insertions(+)
  ✅ Push ke GitHub Pages selesai
[2026-07-13 04:30:04] ✅ Selesai!

[2026-07-13 05:00:01] 🌱 Memulai deploy Digital Garden...
Already up to date.
  ✅ Pull selesai
🌱 Membangun Digital Garden...

  📁 catatan/ → 1 artikel
  📁 laporan/ → 4 artikel
  📁 project/ → 1 artikel
  ✅ Sitemap: 10 URLs

✅ Selesai! Total 6 halaman terbit.
   📍 https://muhdanfyan.github.io/catatan/
   📍 https://muhdanfyan.github.io/laporan/
   📍 https://muhdanfyan.github.io/project/
  ✅ Build selesai
[main a7019c3] gardener: auto-build 2026-07-13 05:00
 1 file changed, 20 insertions(+)
  ✅ Push ke GitHub Pages selesai
[2026-07-13 05:00:05] ✅ Selesai!

[2026-07-13 05:30:01] 🌱 Memulai deploy Digital Garden...
Already up to date.
  ✅ Pull selesai
🌱 Membangun Digital Garden...

  📁 catatan/ → 1 artikel
  📁 laporan/ → 4 artikel
  📁 project/ → 1 artikel
  ✅ Sitemap: 10 URLs

✅ Selesai! Total 6 halaman terbit.
   📍 https://muhdanfyan.github.io/catatan/
   📍 https://muhdanfyan.github.io/laporan/
   📍 https://muhdanfyan.github.io/project/
  ✅ Build selesai
[main 074c932] gardener: auto-build 2026-07-13 05:30
 1 file changed, 20 insertions(+)
  ✅ Push ke GitHub Pages selesai
[2026-07-13 05:30:05] ✅ Selesai!

[2026-07-13 06:00:01] 🌱 Memulai deploy Digital Garden...
Already up to date.
  ✅ Pull selesai
🌱 Membangun Digital Garden...

  📁 catatan/ → 1 artikel
  📁 laporan/ → 4 artikel
  📁 project/ → 1 artikel
  ✅ Sitemap: 10 URLs

✅ Selesai! Total 6 halaman terbit.
   📍 https://muhdanfyan.github.io/catatan/
   📍 https://muhdanfyan.github.io/laporan/
   📍 https://muhdanfyan.github.io/project/
  ✅ Build selesai
[main 0c9c790] gardener: auto-build 2026-07-13 06:00
 1 file changed, 20 insertions(+)
  ✅ Push ke GitHub Pages selesai
[2026-07-13 06:00:04] ✅ Selesai!

[2026-07-13 06:30:01] 🌱 Memulai deploy Digital Garden...
Already up to date.
  ✅ Pull selesai
🌱 Membangun Digital Garden...

  📁 catatan/ → 1 artikel
  📁 laporan/ → 4 artikel
  📁 project/ → 1 artikel
  ✅ Sitemap: 10 URLs

✅ Selesai! Total 6 halaman terbit.
   📍 https://muhdanfyan.github.io/catatan/
   📍 https://muhdanfyan.github.io/laporan/
   📍 https://muhdanfyan.github.io/project/
  ✅ Build selesai
[main de138be] gardener: auto-build 2026-07-13 06:30
 1 file changed, 20 insertions(+)
  ✅ Push ke GitHub Pages selesai
[2026-07-13 06:30:04] ✅ Selesai!

[2026-07-13 07:00:01] 🌱 Memulai deploy Digital Garden...
Already up to date.
  ✅ Pull selesai
🌱 Membangun Digital Garden...

  📁 catatan/ → 1 artikel
  📁 laporan/ → 4 artikel
  📁 project/ → 1 artikel
  ✅ Sitemap: 10 URLs

✅ Selesai! Total 6 halaman terbit.
   📍 https://muhdanfyan.github.io/catatan/
   📍 https://muhdanfyan.github.io/laporan/
   📍 https://muhdanfyan.github.io/project/
  ✅ Build selesai
[main 083eb01] gardener: auto-build 2026-07-13 07:00
 1 file changed, 20 insertions(+)
  ✅ Push ke GitHub Pages selesai
[2026-07-13 07:00:05] ✅ Selesai!

[2026-07-13 07:30:01] 🌱 Memulai deploy Digital Garden...
Already up to date.
  ✅ Pull selesai
🌱 Membangun Digital Garden...

  📁 catatan/ → 1 artikel
  📁 laporan/ → 4 artikel
  📁 project/ → 1 artikel
  ✅ Sitemap: 10 URLs

✅ Selesai! Total 6 halaman terbit.
   📍 https://muhdanfyan.github.io/catatan/
   📍 https://muhdanfyan.github.io/laporan/
   📍 https://muhdanfyan.github.io/project/
  ✅ Build selesai
[main ed2051d] gardener: auto-build 2026-07-13 07:30
 1 file changed, 20 insertions(+)
  ✅ Push ke GitHub Pages selesai
[2026-07-13 07:30:05] ✅ Selesai!

[2026-07-13 08:00:01] 🌱 Memulai deploy Digital Garden...
Already up to date.
  ✅ Pull selesai
🌱 Membangun Digital Garden...

  📁 catatan/ → 1 artikel
  📁 laporan/ → 4 artikel
  📁 project/ → 1 artikel
  ✅ Sitemap: 10 URLs

✅ Selesai! Total 6 halaman terbit.
   📍 https://muhdanfyan.github.io/catatan/
   📍 https://muhdanfyan.github.io/laporan/
   📍 https://muhdanfyan.github.io/project/
  ✅ Build selesai
[main 18a18d7] gardener: auto-build 2026-07-13 08:00
 1 file changed, 20 insertions(+)
  ✅ Push ke GitHub Pages selesai
[2026-07-13 08:00:05] ✅ Selesai!

[2026-07-13 08:30:01] 🌱 Memulai deploy Digital Garden...
Already up to date.
  ✅ Pull selesai
🌱 Membangun Digital Garden...

  📁 catatan/ → 1 artikel
  📁 laporan/ → 4 artikel
  📁 project/ → 1 artikel
  ✅ Sitemap: 10 URLs

✅ Selesai! Total 6 halaman terbit.
   📍 https://muhdanfyan.github.io/catatan/
   📍 https://muhdanfyan.github.io/laporan/
   📍 https://muhdanfyan.github.io/project/
  ✅ Build selesai
[main a86b502] gardener: auto-build 2026-07-13 08:30
 1 file changed, 20 insertions(+)
  ✅ Push ke GitHub Pages selesai
[2026-07-13 08:30:05] ✅ Selesai!

[2026-07-13 09:00:01] 🌱 Memulai deploy Digital Garden...
Already up to date.
  ✅ Pull selesai
🌱 Membangun Digital Garden...

  📁 catatan/ → 1 artikel
  📁 laporan/ → 4 artikel
  📁 project/ → 1 artikel
  ✅ Sitemap: 10 URLs

✅ Selesai! Total 6 halaman terbit.
   📍 https://muhdanfyan.github.io/catatan/
   📍 https://muhdanfyan.github.io/laporan/
   📍 https://muhdanfyan.github.io/project/
  ✅ Build selesai
[main a86de67] gardener: auto-build 2026-07-13 09:00
 1 file changed, 20 insertions(+)
  ✅ Push ke GitHub Pages selesai
[2026-07-13 09:00:06] ✅ Selesai!

[2026-07-13 09:30:01] 🌱 Memulai deploy Digital Garden...
Already up to date.
  ✅ Pull selesai
🌱 Membangun Digital Garden...

  📁 catatan/ → 1 artikel
  📁 laporan/ → 4 artikel
  📁 project/ → 1 artikel
  ✅ Sitemap: 10 URLs

✅ Selesai! Total 6 halaman terbit.
   📍 https://muhdanfyan.github.io/catatan/
   📍 https://muhdanfyan.github.io/laporan/
   📍 https://muhdanfyan.github.io/project/
  ✅ Build selesai
[main 9a8d4a5] gardener: auto-build 2026-07-13 09:30
 1 file changed, 20 insertions(+)
  ✅ Push ke GitHub Pages selesai
[2026-07-13 09:30:05] ✅ Selesai!

[2026-07-13 10:00:01] 🌱 Memulai deploy Digital Garden...
Already up to date.
  ✅ Pull selesai
🌱 Membangun Digital Garden...

  📁 catatan/ → 1 artikel
  📁 laporan/ → 4 artikel
  📁 project/ → 1 artikel
  ✅ Sitemap: 10 URLs

✅ Selesai! Total 6 halaman terbit.
   📍 https://muhdanfyan.github.io/catatan/
   📍 https://muhdanfyan.github.io/laporan/
   📍 https://muhdanfyan.github.io/project/
  ✅ Build selesai
[main 56babaa] gardener: auto-build 2026-07-13 10:00
 1 file changed, 20 insertions(+)
  ✅ Push ke GitHub Pages selesai
[2026-07-13 10:00:04] ✅ Selesai!

[2026-07-13 10:30:01] 🌱 Memulai deploy Digital Garden...
Already up to date.
  ✅ Pull selesai
🌱 Membangun Digital Garden...

  📁 catatan/ → 1 artikel
  📁 laporan/ → 4 artikel
  📁 project/ → 1 artikel
  ✅ Sitemap: 10 URLs

✅ Selesai! Total 6 halaman terbit.
   📍 https://muhdanfyan.github.io/catatan/
   📍 https://muhdanfyan.github.io/laporan/
   📍 https://muhdanfyan.github.io/project/
  ✅ Build selesai
[main f990ab2] gardener: auto-build 2026-07-13 10:30
 1 file changed, 20 insertions(+)
  ✅ Push ke GitHub Pages selesai
[2026-07-13 10:30:05] ✅ Selesai!

[2026-07-13 11:00:01] 🌱 Memulai deploy Digital Garden...
Already up to date.
  ✅ Pull selesai
🌱 Membangun Digital Garden...

  📁 catatan/ → 1 artikel
  📁 laporan/ → 4 artikel
  📁 project/ → 1 artikel
  ✅ Sitemap: 10 URLs

✅ Selesai! Total 6 halaman terbit.
   📍 https://muhdanfyan.github.io/catatan/
   📍 https://muhdanfyan.github.io/laporan/
   📍 https://muhdanfyan.github.io/project/
  ✅ Build selesai
[main 160b73d] gardener: auto-build 2026-07-13 11:00
 1 file changed, 20 insertions(+)
  ✅ Push ke GitHub Pages selesai
[2026-07-13 11:00:06] ✅ Selesai!

[2026-07-13 11:30:01] 🌱 Memulai deploy Digital Garden...
Already up to date.
  ✅ Pull selesai
🌱 Membangun Digital Garden...

  📁 catatan/ → 1 artikel
  📁 laporan/ → 4 artikel
  📁 project/ → 1 artikel
  ✅ Sitemap: 10 URLs

✅ Selesai! Total 6 halaman terbit.
   📍 https://muhdanfyan.github.io/catatan/
   📍 https://muhdanfyan.github.io/laporan/
   📍 https://muhdanfyan.github.io/project/
  ✅ Build selesai
[main a6eca17] gardener: auto-build 2026-07-13 11:30
 1 file changed, 20 insertions(+)
  ✅ Push ke GitHub Pages selesai
[2026-07-13 11:30:04] ✅ Selesai!

[2026-07-13 12:00:01] 🌱 Memulai deploy Digital Garden...
Already up to date.
  ✅ Pull selesai
🌱 Membangun Digital Garden...

  📁 catatan/ → 1 artikel
  📁 laporan/ → 4 artikel
  📁 project/ → 1 artikel
  ✅ Sitemap: 10 URLs

✅ Selesai! Total 6 halaman terbit.
   📍 https://muhdanfyan.github.io/catatan/
   📍 https://muhdanfyan.github.io/laporan/
   📍 https://muhdanfyan.github.io/project/
  ✅ Build selesai
[main 674b3b1] gardener: auto-build 2026-07-13 12:00
 1 file changed, 20 insertions(+)
  ✅ Push ke GitHub Pages selesai
[2026-07-13 12:00:05] ✅ Selesai!

[2026-07-13 12:30:01] 🌱 Memulai deploy Digital Garden...
Already up to date.
  ✅ Pull selesai
🌱 Membangun Digital Garden...

  📁 catatan/ → 1 artikel
  📁 laporan/ → 4 artikel
  📁 project/ → 1 artikel
  ✅ Sitemap: 10 URLs

✅ Selesai! Total 6 halaman terbit.
   📍 https://muhdanfyan.github.io/catatan/
   📍 https://muhdanfyan.github.io/laporan/
   📍 https://muhdanfyan.github.io/project/
  ✅ Build selesai
[main dbc823d] gardener: auto-build 2026-07-13 12:30
 1 file changed, 20 insertions(+)
  ✅ Push ke GitHub Pages selesai
[2026-07-13 12:30:04] ✅ Selesai!

[2026-07-13 13:00:01] 🌱 Memulai deploy Digital Garden...
Already up to date.
  ✅ Pull selesai
🌱 Membangun Digital Garden...

  📁 catatan/ → 1 artikel
  📁 laporan/ → 4 artikel
  📁 project/ → 1 artikel
  ✅ Sitemap: 10 URLs

✅ Selesai! Total 6 halaman terbit.
   📍 https://muhdanfyan.github.io/catatan/
   📍 https://muhdanfyan.github.io/laporan/
   📍 https://muhdanfyan.github.io/project/
  ✅ Build selesai
[main 55bf69d] gardener: auto-build 2026-07-13 13:00
 1 file changed, 20 insertions(+)
  ✅ Push ke GitHub Pages selesai
[2026-07-13 13:00:07] ✅ Selesai!

[2026-07-13 13:30:01] 🌱 Memulai deploy Digital Garden...
Already up to date.
  ✅ Pull selesai
🌱 Membangun Digital Garden...

  📁 catatan/ → 1 artikel
  📁 laporan/ → 4 artikel
  📁 project/ → 1 artikel
  ✅ Sitemap: 10 URLs

✅ Selesai! Total 6 halaman terbit.
   📍 https://muhdanfyan.github.io/catatan/
   📍 https://muhdanfyan.github.io/laporan/
   📍 https://muhdanfyan.github.io/project/
  ✅ Build selesai
[main e4a4a6b] gardener: auto-build 2026-07-13 13:30
 1 file changed, 20 insertions(+)
  ✅ Push ke GitHub Pages selesai
[2026-07-13 13:30:04] ✅ Selesai!

[2026-07-13 14:00:01] 🌱 Memulai deploy Digital Garden...
Already up to date.
  ✅ Pull selesai
🌱 Membangun Digital Garden...

  📁 catatan/ → 1 artikel
  📁 laporan/ → 4 artikel
  📁 project/ → 1 artikel
  ✅ Sitemap: 10 URLs

✅ Selesai! Total 6 halaman terbit.
   📍 https://muhdanfyan.github.io/catatan/
   📍 https://muhdanfyan.github.io/laporan/
   📍 https://muhdanfyan.github.io/project/
  ✅ Build selesai
[main f9d0519] gardener: auto-build 2026-07-13 14:00
 1 file changed, 20 insertions(+)
  ✅ Push ke GitHub Pages selesai
[2026-07-13 14:00:05] ✅ Selesai!

[2026-07-13 14:30:01] 🌱 Memulai deploy Digital Garden...
Already up to date.
  ✅ Pull selesai
🌱 Membangun Digital Garden...

  📁 catatan/ → 1 artikel
  📁 laporan/ → 4 artikel
  📁 project/ → 1 artikel
  ✅ Sitemap: 10 URLs

✅ Selesai! Total 6 halaman terbit.
   📍 https://muhdanfyan.github.io/catatan/
   📍 https://muhdanfyan.github.io/laporan/
   📍 https://muhdanfyan.github.io/project/
  ✅ Build selesai
[main 7c5e3e9] gardener: auto-build 2026-07-13 14:30
 1 file changed, 20 insertions(+)
  ✅ Push ke GitHub Pages selesai
[2026-07-13 14:30:04] ✅ Selesai!

[2026-07-13 15:00:01] 🌱 Memulai deploy Digital Garden...
Already up to date.
  ✅ Pull selesai
🌱 Membangun Digital Garden...

  📁 catatan/ → 1 artikel
  📁 laporan/ → 4 artikel
  📁 project/ → 1 artikel
  ✅ Sitemap: 10 URLs

✅ Selesai! Total 6 halaman terbit.
   📍 https://muhdanfyan.github.io/catatan/
   📍 https://muhdanfyan.github.io/laporan/
   📍 https://muhdanfyan.github.io/project/
  ✅ Build selesai
[main 8d26dc5] gardener: auto-build 2026-07-13 15:00
 1 file changed, 20 insertions(+)
  ✅ Push ke GitHub Pages selesai
[2026-07-13 15:00:05] ✅ Selesai!

[2026-07-13 15:30:01] 🌱 Memulai deploy Digital Garden...
Already up to date.
  ✅ Pull selesai
🌱 Membangun Digital Garden...

  📁 catatan/ → 1 artikel
  📁 laporan/ → 4 artikel
  📁 project/ → 1 artikel
  ✅ Sitemap: 10 URLs

✅ Selesai! Total 6 halaman terbit.
   📍 https://muhdanfyan.github.io/catatan/
   📍 https://muhdanfyan.github.io/laporan/
   📍 https://muhdanfyan.github.io/project/
  ✅ Build selesai
[main a486b4a] gardener: auto-build 2026-07-13 15:30
 1 file changed, 20 insertions(+)
  ✅ Push ke GitHub Pages selesai
[2026-07-13 15:30:04] ✅ Selesai!

[2026-07-13 16:00:01] 🌱 Memulai deploy Digital Garden...
Already up to date.
  ✅ Pull selesai
🌱 Membangun Digital Garden...

  📁 catatan/ → 1 artikel
  📁 laporan/ → 4 artikel
  📁 project/ → 1 artikel
  ✅ Sitemap: 10 URLs

✅ Selesai! Total 6 halaman terbit.
   📍 https://muhdanfyan.github.io/catatan/
   📍 https://muhdanfyan.github.io/laporan/
   📍 https://muhdanfyan.github.io/project/
  ✅ Build selesai
[main 366a193] gardener: auto-build 2026-07-13 16:00
 1 file changed, 20 insertions(+)
  ✅ Push ke GitHub Pages selesai
[2026-07-13 16:00:05] ✅ Selesai!

[2026-07-13 16:30:01] 🌱 Memulai deploy Digital Garden...
Already up to date.
  ✅ Pull selesai
🌱 Membangun Digital Garden...

  📁 catatan/ → 1 artikel
  📁 laporan/ → 4 artikel
  📁 project/ → 1 artikel
  ✅ Sitemap: 10 URLs

✅ Selesai! Total 6 halaman terbit.
   📍 https://muhdanfyan.github.io/catatan/
   📍 https://muhdanfyan.github.io/laporan/
   📍 https://muhdanfyan.github.io/project/
  ✅ Build selesai
[main 2592b94] gardener: auto-build 2026-07-13 16:30
 1 file changed, 20 insertions(+)
  ✅ Push ke GitHub Pages selesai
[2026-07-13 16:30:04] ✅ Selesai!

[2026-07-13 17:00:01] 🌱 Memulai deploy Digital Garden...
Already up to date.
  ✅ Pull selesai
🌱 Membangun Digital Garden...

  📁 catatan/ → 1 artikel
  📁 laporan/ → 4 artikel
  📁 project/ → 1 artikel
  ✅ Sitemap: 10 URLs

✅ Selesai! Total 6 halaman terbit.
   📍 https://muhdanfyan.github.io/catatan/
   📍 https://muhdanfyan.github.io/laporan/
   📍 https://muhdanfyan.github.io/project/
  ✅ Build selesai
[main 16cf446] gardener: auto-build 2026-07-13 17:00
 1 file changed, 20 insertions(+)
  ✅ Push ke GitHub Pages selesai
[2026-07-13 17:00:05] ✅ Selesai!

[2026-07-13 17:30:01] 🌱 Memulai deploy Digital Garden...
Already up to date.
  ✅ Pull selesai
🌱 Membangun Digital Garden...

  📁 catatan/ → 1 artikel
  📁 laporan/ → 4 artikel
  📁 project/ → 1 artikel
  ✅ Sitemap: 10 URLs

✅ Selesai! Total 6 halaman terbit.
   📍 https://muhdanfyan.github.io/catatan/
   📍 https://muhdanfyan.github.io/laporan/
   📍 https://muhdanfyan.github.io/project/
  ✅ Build selesai
[main 44f2c27] gardener: auto-build 2026-07-13 17:30
 1 file changed, 20 insertions(+)
  ✅ Push ke GitHub Pages selesai
[2026-07-13 17:30:06] ✅ Selesai!

[2026-07-13 18:00:01] 🌱 Memulai deploy Digital Garden...
Already up to date.
  ✅ Pull selesai
🌱 Membangun Digital Garden...

  📁 catatan/ → 1 artikel
  📁 laporan/ → 4 artikel
  📁 project/ → 1 artikel
  ✅ Sitemap: 10 URLs

✅ Selesai! Total 6 halaman terbit.
   📍 https://muhdanfyan.github.io/catatan/
   📍 https://muhdanfyan.github.io/laporan/
   📍 https://muhdanfyan.github.io/project/
  ✅ Build selesai
[main cb7dd51] gardener: auto-build 2026-07-13 18:00
 1 file changed, 20 insertions(+)
  ✅ Push ke GitHub Pages selesai
[2026-07-13 18:00:04] ✅ Selesai!

[2026-07-13 18:30:01] 🌱 Memulai deploy Digital Garden...
Already up to date.
  ✅ Pull selesai
🌱 Membangun Digital Garden...

  📁 catatan/ → 1 artikel
  📁 laporan/ → 4 artikel
  📁 project/ → 1 artikel
  ✅ Sitemap: 10 URLs

✅ Selesai! Total 6 halaman terbit.
   📍 https://muhdanfyan.github.io/catatan/
   📍 https://muhdanfyan.github.io/laporan/
   📍 https://muhdanfyan.github.io/project/
  ✅ Build selesai
[main 4d6fcf5] gardener: auto-build 2026-07-13 18:30
 1 file changed, 20 insertions(+)
  ✅ Push ke GitHub Pages selesai
[2026-07-13 18:30:06] ✅ Selesai!

[2026-07-13 19:00:02] 🌱 Memulai deploy Digital Garden...
Already up to date.
  ✅ Pull selesai
🌱 Membangun Digital Garden...

  📁 catatan/ → 1 artikel
  📁 laporan/ → 4 artikel
  📁 project/ → 1 artikel
  ✅ Sitemap: 10 URLs

✅ Selesai! Total 6 halaman terbit.
   📍 https://muhdanfyan.github.io/catatan/
   📍 https://muhdanfyan.github.io/laporan/
   📍 https://muhdanfyan.github.io/project/
  ✅ Build selesai
[main c28a8a0] gardener: auto-build 2026-07-13 19:00
 1 file changed, 20 insertions(+)
  ✅ Push ke GitHub Pages selesai
[2026-07-13 19:00:08] ✅ Selesai!

[2026-07-13 19:30:01] 🌱 Memulai deploy Digital Garden...
Already up to date.
  ✅ Pull selesai
🌱 Membangun Digital Garden...

  📁 catatan/ → 1 artikel
  📁 laporan/ → 4 artikel
  📁 project/ → 1 artikel
  ✅ Sitemap: 10 URLs

✅ Selesai! Total 6 halaman terbit.
   📍 https://muhdanfyan.github.io/catatan/
   📍 https://muhdanfyan.github.io/laporan/
   📍 https://muhdanfyan.github.io/project/
  ✅ Build selesai
[main fce1ad0] gardener: auto-build 2026-07-13 19:30
 1 file changed, 20 insertions(+)
  ✅ Push ke GitHub Pages selesai
[2026-07-13 19:30:06] ✅ Selesai!

[2026-07-13 20:00:01] 🌱 Memulai deploy Digital Garden...
Already up to date.
  ✅ Pull selesai
🌱 Membangun Digital Garden...

  📁 catatan/ → 1 artikel
  📁 laporan/ → 4 artikel
  📁 project/ → 1 artikel
  ✅ Sitemap: 10 URLs

✅ Selesai! Total 6 halaman terbit.
   📍 https://muhdanfyan.github.io/catatan/
   📍 https://muhdanfyan.github.io/laporan/
   📍 https://muhdanfyan.github.io/project/
  ✅ Build selesai
[main e3cab94] gardener: auto-build 2026-07-13 20:00
 1 file changed, 20 insertions(+)
  ✅ Push ke GitHub Pages selesai
[2026-07-13 20:00:05] ✅ Selesai!

[2026-07-13 20:30:01] 🌱 Memulai deploy Digital Garden...
Already up to date.
  ✅ Pull selesai
🌱 Membangun Digital Garden...

  📁 catatan/ → 1 artikel
  📁 laporan/ → 4 artikel
  📁 project/ → 1 artikel
  ✅ Sitemap: 10 URLs

✅ Selesai! Total 6 halaman terbit.
   📍 https://muhdanfyan.github.io/catatan/
   📍 https://muhdanfyan.github.io/laporan/
   📍 https://muhdanfyan.github.io/project/
  ✅ Build selesai
[main 004bae1] gardener: auto-build 2026-07-13 20:30
 1 file changed, 20 insertions(+)
  ✅ Push ke GitHub Pages selesai
[2026-07-13 20:30:04] ✅ Selesai!

[2026-07-13 21:00:01] 🌱 Memulai deploy Digital Garden...
Already up to date.
  ✅ Pull selesai
🌱 Membangun Digital Garden...

  📁 catatan/ → 1 artikel
  📁 laporan/ → 4 artikel
  📁 project/ → 1 artikel
  ✅ Sitemap: 10 URLs

✅ Selesai! Total 6 halaman terbit.
   📍 https://muhdanfyan.github.io/catatan/
   📍 https://muhdanfyan.github.io/laporan/
   📍 https://muhdanfyan.github.io/project/
  ✅ Build selesai
[main a9c5633] gardener: auto-build 2026-07-13 21:00
 1 file changed, 20 insertions(+)
  ✅ Push ke GitHub Pages selesai
[2026-07-13 21:00:05] ✅ Selesai!

[2026-07-13 21:30:01] 🌱 Memulai deploy Digital Garden...
Already up to date.
  ✅ Pull selesai
🌱 Membangun Digital Garden...

  📁 catatan/ → 1 artikel
  📁 laporan/ → 4 artikel
  📁 project/ → 1 artikel
  ✅ Sitemap: 10 URLs

✅ Selesai! Total 6 halaman terbit.
   📍 https://muhdanfyan.github.io/catatan/
   📍 https://muhdanfyan.github.io/laporan/
   📍 https://muhdanfyan.github.io/project/
  ✅ Build selesai
[main c2ba1f1] gardener: auto-build 2026-07-13 21:30
 1 file changed, 20 insertions(+)
  ✅ Push ke GitHub Pages selesai
[2026-07-13 21:30:05] ✅ Selesai!

[2026-07-13 22:00:01] 🌱 Memulai deploy Digital Garden...
Already up to date.
  ✅ Pull selesai
🌱 Membangun Digital Garden...

  📁 catatan/ → 1 artikel
  📁 laporan/ → 4 artikel
  📁 project/ → 1 artikel
  ✅ Sitemap: 10 URLs

✅ Selesai! Total 6 halaman terbit.
   📍 https://muhdanfyan.github.io/catatan/
   📍 https://muhdanfyan.github.io/laporan/
   📍 https://muhdanfyan.github.io/project/
  ✅ Build selesai
[main 86b80fb] gardener: auto-build 2026-07-13 22:00
 1 file changed, 20 insertions(+)
  ✅ Push ke GitHub Pages selesai
[2026-07-13 22:00:07] ✅ Selesai!

[2026-07-13 22:30:01] 🌱 Memulai deploy Digital Garden...
Already up to date.
  ✅ Pull selesai
🌱 Membangun Digital Garden...

  📁 catatan/ → 1 artikel
  📁 laporan/ → 4 artikel
  📁 project/ → 1 artikel
  ✅ Sitemap: 10 URLs

✅ Selesai! Total 6 halaman terbit.
   📍 https://muhdanfyan.github.io/catatan/
   📍 https://muhdanfyan.github.io/laporan/
   📍 https://muhdanfyan.github.io/project/
  ✅ Build selesai
[main 42f2c0e] gardener: auto-build 2026-07-13 22:30
 1 file changed, 20 insertions(+)
  ✅ Push ke GitHub Pages selesai
[2026-07-13 22:30:07] ✅ Selesai!

[2026-07-13 23:00:01] 🌱 Memulai deploy Digital Garden...
Already up to date.
  ✅ Pull selesai
🌱 Membangun Digital Garden...

  📁 catatan/ → 1 artikel
  📁 laporan/ → 4 artikel
  📁 project/ → 1 artikel
  ✅ Sitemap: 10 URLs

✅ Selesai! Total 6 halaman terbit.
   📍 https://muhdanfyan.github.io/catatan/
   📍 https://muhdanfyan.github.io/laporan/
   📍 https://muhdanfyan.github.io/project/
  ✅ Build selesai
[main f6ace67] gardener: auto-build 2026-07-13 23:00
 1 file changed, 20 insertions(+)
  ✅ Push ke GitHub Pages selesai
[2026-07-13 23:00:06] ✅ Selesai!

[2026-07-13 23:30:01] 🌱 Memulai deploy Digital Garden...
Already up to date.
  ✅ Pull selesai
🌱 Membangun Digital Garden...

  📁 catatan/ → 1 artikel
  📁 laporan/ → 4 artikel
  📁 project/ → 1 artikel
  ✅ Sitemap: 10 URLs

✅ Selesai! Total 6 halaman terbit.
   📍 https://muhdanfyan.github.io/catatan/
   📍 https://muhdanfyan.github.io/laporan/
   📍 https://muhdanfyan.github.io/project/
  ✅ Build selesai
[main 393339e] gardener: auto-build 2026-07-13 23:30
 1 file changed, 20 insertions(+)
  ✅ Push ke GitHub Pages selesai
[2026-07-13 23:30:05] ✅ Selesai!

[2026-07-14 00:00:01] 🌱 Memulai deploy Digital Garden...
Already up to date.
  ✅ Pull selesai
🌱 Membangun Digital Garden...

  📁 catatan/ → 1 artikel
  📁 laporan/ → 4 artikel
  📁 project/ → 1 artikel
  ✅ Sitemap: 10 URLs

✅ Selesai! Total 6 halaman terbit.
   📍 https://muhdanfyan.github.io/catatan/
   📍 https://muhdanfyan.github.io/laporan/
   📍 https://muhdanfyan.github.io/project/
  ✅ Build selesai
[main 9f91b80] gardener: auto-build 2026-07-14 00:00
 1 file changed, 20 insertions(+)
  ✅ Push ke GitHub Pages selesai
[2026-07-14 00:00:06] ✅ Selesai!

[2026-07-14 00:30:01] 🌱 Memulai deploy Digital Garden...
Already up to date.
  ✅ Pull selesai
🌱 Membangun Digital Garden...

  📁 catatan/ → 1 artikel
  📁 laporan/ → 4 artikel
  📁 project/ → 1 artikel
  ✅ Sitemap: 10 URLs

✅ Selesai! Total 6 halaman terbit.
   📍 https://muhdanfyan.github.io/catatan/
   📍 https://muhdanfyan.github.io/laporan/
   📍 https://muhdanfyan.github.io/project/
  ✅ Build selesai
[main bb7d3b3] gardener: auto-build 2026-07-14 00:30
 1 file changed, 20 insertions(+)
  ✅ Push ke GitHub Pages selesai
[2026-07-14 00:30:04] ✅ Selesai!

[2026-07-14 01:00:01] 🌱 Memulai deploy Digital Garden...
Already up to date.
  ✅ Pull selesai
🌱 Membangun Digital Garden...

  📁 catatan/ → 1 artikel
  📁 laporan/ → 4 artikel
  📁 project/ → 1 artikel
  ✅ Sitemap: 10 URLs

✅ Selesai! Total 6 halaman terbit.
   📍 https://muhdanfyan.github.io/catatan/
   📍 https://muhdanfyan.github.io/laporan/
   📍 https://muhdanfyan.github.io/project/
  ✅ Build selesai
[main b6e4676] gardener: auto-build 2026-07-14 01:00
 1 file changed, 20 insertions(+)
  ✅ Push ke GitHub Pages selesai
[2026-07-14 01:00:06] ✅ Selesai!

[2026-07-14 01:30:01] 🌱 Memulai deploy Digital Garden...
Already up to date.
  ✅ Pull selesai
🌱 Membangun Digital Garden...

  📁 catatan/ → 1 artikel
  📁 laporan/ → 4 artikel
  📁 project/ → 1 artikel
  ✅ Sitemap: 10 URLs

✅ Selesai! Total 6 halaman terbit.
   📍 https://muhdanfyan.github.io/catatan/
   📍 https://muhdanfyan.github.io/laporan/
   📍 https://muhdanfyan.github.io/project/
  ✅ Build selesai
[main 119e23f] gardener: auto-build 2026-07-14 01:30
 1 file changed, 20 insertions(+)
  ✅ Push ke GitHub Pages selesai
[2026-07-14 01:30:04] ✅ Selesai!

[2026-07-14 02:00:01] 🌱 Memulai deploy Digital Garden...
Already up to date.
  ✅ Pull selesai
🌱 Membangun Digital Garden...

  📁 catatan/ → 1 artikel
  📁 laporan/ → 4 artikel
  📁 project/ → 1 artikel
  ✅ Sitemap: 10 URLs

✅ Selesai! Total 6 halaman terbit.
   📍 https://muhdanfyan.github.io/catatan/
   📍 https://muhdanfyan.github.io/laporan/
   📍 https://muhdanfyan.github.io/project/
  ✅ Build selesai
[main 37765ac] gardener: auto-build 2026-07-14 02:00
 1 file changed, 20 insertions(+)
  ✅ Push ke GitHub Pages selesai
[2026-07-14 02:00:04] ✅ Selesai!

[2026-07-14 02:30:01] 🌱 Memulai deploy Digital Garden...
Already up to date.
  ✅ Pull selesai
🌱 Membangun Digital Garden...

  📁 catatan/ → 1 artikel
  📁 laporan/ → 4 artikel
  📁 project/ → 1 artikel
  ✅ Sitemap: 10 URLs

✅ Selesai! Total 6 halaman terbit.
   📍 https://muhdanfyan.github.io/catatan/
   📍 https://muhdanfyan.github.io/laporan/
   📍 https://muhdanfyan.github.io/project/
  ✅ Build selesai
[main 0f7c634] gardener: auto-build 2026-07-14 02:30
 1 file changed, 20 insertions(+)
  ✅ Push ke GitHub Pages selesai
[2026-07-14 02:30:04] ✅ Selesai!

[2026-07-14 03:00:02] 🌱 Memulai deploy Digital Garden...
Already up to date.
  ✅ Pull selesai
🌱 Membangun Digital Garden...

  📁 catatan/ → 1 artikel
  📁 laporan/ → 4 artikel
  📁 project/ → 1 artikel
  ✅ Sitemap: 10 URLs

✅ Selesai! Total 6 halaman terbit.
   📍 https://muhdanfyan.github.io/catatan/
   📍 https://muhdanfyan.github.io/laporan/
   📍 https://muhdanfyan.github.io/project/
  ✅ Build selesai
[main 67b82a0] gardener: auto-build 2026-07-14 03:00
 1 file changed, 20 insertions(+)
  ✅ Push ke GitHub Pages selesai
[2026-07-14 03:00:06] ✅ Selesai!

[2026-07-14 03:30:01] 🌱 Memulai deploy Digital Garden...
Already up to date.
  ✅ Pull selesai
🌱 Membangun Digital Garden...

  📁 catatan/ → 1 artikel
  📁 laporan/ → 4 artikel
  📁 project/ → 1 artikel
  ✅ Sitemap: 10 URLs

✅ Selesai! Total 6 halaman terbit.
   📍 https://muhdanfyan.github.io/catatan/
   📍 https://muhdanfyan.github.io/laporan/
   📍 https://muhdanfyan.github.io/project/
  ✅ Build selesai
[main 908aa46] gardener: auto-build 2026-07-14 03:30
 1 file changed, 20 insertions(+)
  ✅ Push ke GitHub Pages selesai
[2026-07-14 03:30:04] ✅ Selesai!

[2026-07-14 04:00:01] 🌱 Memulai deploy Digital Garden...
Already up to date.
  ✅ Pull selesai
🌱 Membangun Digital Garden...

  📁 catatan/ → 1 artikel
  📁 laporan/ → 4 artikel
  📁 project/ → 1 artikel
  ✅ Sitemap: 10 URLs

✅ Selesai! Total 6 halaman terbit.
   📍 https://muhdanfyan.github.io/catatan/
   📍 https://muhdanfyan.github.io/laporan/
   📍 https://muhdanfyan.github.io/project/
  ✅ Build selesai
[main af28088] gardener: auto-build 2026-07-14 04:00
 1 file changed, 20 insertions(+)
  ✅ Push ke GitHub Pages selesai
[2026-07-14 04:00:07] ✅ Selesai!

[2026-07-14 04:30:01] 🌱 Memulai deploy Digital Garden...
Already up to date.
  ✅ Pull selesai
🌱 Membangun Digital Garden...

  📁 catatan/ → 1 artikel
  📁 laporan/ → 4 artikel
  📁 project/ → 1 artikel
  ✅ Sitemap: 10 URLs

✅ Selesai! Total 6 halaman terbit.
   📍 https://muhdanfyan.github.io/catatan/
   📍 https://muhdanfyan.github.io/laporan/
   📍 https://muhdanfyan.github.io/project/
  ✅ Build selesai
[main cb1cf3e] gardener: auto-build 2026-07-14 04:30
 1 file changed, 20 insertions(+)
  ✅ Push ke GitHub Pages selesai
[2026-07-14 04:30:04] ✅ Selesai!

[2026-07-14 05:00:01] 🌱 Memulai deploy Digital Garden...
Already up to date.
  ✅ Pull selesai
🌱 Membangun Digital Garden...

  📁 catatan/ → 1 artikel
  📁 laporan/ → 4 artikel
  📁 project/ → 1 artikel
  ✅ Sitemap: 10 URLs

✅ Selesai! Total 6 halaman terbit.
   📍 https://muhdanfyan.github.io/catatan/
   📍 https://muhdanfyan.github.io/laporan/
   📍 https://muhdanfyan.github.io/project/
  ✅ Build selesai
[main 3b14d29] gardener: auto-build 2026-07-14 05:00
 1 file changed, 20 insertions(+)
  ✅ Push ke GitHub Pages selesai
[2026-07-14 05:00:04] ✅ Selesai!

[2026-07-14 05:30:01] 🌱 Memulai deploy Digital Garden...
Already up to date.
  ✅ Pull selesai
🌱 Membangun Digital Garden...

  📁 catatan/ → 1 artikel
  📁 laporan/ → 4 artikel
  📁 project/ → 1 artikel
  ✅ Sitemap: 10 URLs

✅ Selesai! Total 6 halaman terbit.
   📍 https://muhdanfyan.github.io/catatan/
   📍 https://muhdanfyan.github.io/laporan/
   📍 https://muhdanfyan.github.io/project/
  ✅ Build selesai
[main e80e804] gardener: auto-build 2026-07-14 05:30
 1 file changed, 20 insertions(+)
  ✅ Push ke GitHub Pages selesai
[2026-07-14 05:30:04] ✅ Selesai!

[2026-07-14 06:00:01] 🌱 Memulai deploy Digital Garden...
Already up to date.
  ✅ Pull selesai
🌱 Membangun Digital Garden...

  📁 catatan/ → 1 artikel
  📁 laporan/ → 4 artikel
  📁 project/ → 1 artikel
  ✅ Sitemap: 10 URLs

✅ Selesai! Total 6 halaman terbit.
   📍 https://muhdanfyan.github.io/catatan/
   📍 https://muhdanfyan.github.io/laporan/
   📍 https://muhdanfyan.github.io/project/
  ✅ Build selesai
[main e5d8a6a] gardener: auto-build 2026-07-14 06:00
 1 file changed, 20 insertions(+)
  ✅ Push ke GitHub Pages selesai
[2026-07-14 06:00:06] ✅ Selesai!

[2026-07-14 06:30:01] 🌱 Memulai deploy Digital Garden...
Already up to date.
  ✅ Pull selesai
🌱 Membangun Digital Garden...

  📁 catatan/ → 1 artikel
  📁 laporan/ → 4 artikel
  📁 project/ → 1 artikel
  ✅ Sitemap: 10 URLs

✅ Selesai! Total 6 halaman terbit.
   📍 https://muhdanfyan.github.io/catatan/
   📍 https://muhdanfyan.github.io/laporan/
   📍 https://muhdanfyan.github.io/project/
  ✅ Build selesai
[main 5b65e55] gardener: auto-build 2026-07-14 06:30
 1 file changed, 20 insertions(+)
  ✅ Push ke GitHub Pages selesai
[2026-07-14 06:30:04] ✅ Selesai!

[2026-07-14 07:00:01] 🌱 Memulai deploy Digital Garden...
Already up to date.
  ✅ Pull selesai
🌱 Membangun Digital Garden...

  📁 catatan/ → 1 artikel
  📁 laporan/ → 4 artikel
  📁 project/ → 1 artikel
  ✅ Sitemap: 10 URLs

✅ Selesai! Total 6 halaman terbit.
   📍 https://muhdanfyan.github.io/catatan/
   📍 https://muhdanfyan.github.io/laporan/
   📍 https://muhdanfyan.github.io/project/
  ✅ Build selesai
[main 3dc9b21] gardener: auto-build 2026-07-14 07:00
 1 file changed, 20 insertions(+)
  ✅ Push ke GitHub Pages selesai
[2026-07-14 07:00:04] ✅ Selesai!

[2026-07-14 07:30:01] 🌱 Memulai deploy Digital Garden...
Already up to date.
  ✅ Pull selesai
🌱 Membangun Digital Garden...

  📁 catatan/ → 1 artikel
  📁 laporan/ → 4 artikel
  📁 project/ → 1 artikel
  ✅ Sitemap: 10 URLs

✅ Selesai! Total 6 halaman terbit.
   📍 https://muhdanfyan.github.io/catatan/
   📍 https://muhdanfyan.github.io/laporan/
   📍 https://muhdanfyan.github.io/project/
  ✅ Build selesai
[main 68a8f6d] gardener: auto-build 2026-07-14 07:30
 1 file changed, 20 insertions(+)
  ✅ Push ke GitHub Pages selesai
[2026-07-14 07:30:04] ✅ Selesai!

[2026-07-14 08:00:01] 🌱 Memulai deploy Digital Garden...
Already up to date.
  ✅ Pull selesai
🌱 Membangun Digital Garden...

  📁 catatan/ → 1 artikel
  📁 laporan/ → 4 artikel
  📁 project/ → 1 artikel
  ✅ Sitemap: 10 URLs

✅ Selesai! Total 6 halaman terbit.
   📍 https://muhdanfyan.github.io/catatan/
   📍 https://muhdanfyan.github.io/laporan/
   📍 https://muhdanfyan.github.io/project/
  ✅ Build selesai
[main 163b44d] gardener: auto-build 2026-07-14 08:00
 1 file changed, 20 insertions(+)
  ✅ Push ke GitHub Pages selesai
[2026-07-14 08:00:05] ✅ Selesai!

[2026-07-14 08:30:01] 🌱 Memulai deploy Digital Garden...
Already up to date.
  ✅ Pull selesai
🌱 Membangun Digital Garden...

  📁 catatan/ → 1 artikel
  📁 laporan/ → 4 artikel
  📁 project/ → 1 artikel
  ✅ Sitemap: 10 URLs

✅ Selesai! Total 6 halaman terbit.
   📍 https://muhdanfyan.github.io/catatan/
   📍 https://muhdanfyan.github.io/laporan/
   📍 https://muhdanfyan.github.io/project/
  ✅ Build selesai
[main b6f2b1d] gardener: auto-build 2026-07-14 08:30
 1 file changed, 20 insertions(+)
  ✅ Push ke GitHub Pages selesai
[2026-07-14 08:30:05] ✅ Selesai!

[2026-07-14 09:00:01] 🌱 Memulai deploy Digital Garden...
Already up to date.
  ✅ Pull selesai
🌱 Membangun Digital Garden...

  📁 catatan/ → 1 artikel
  📁 laporan/ → 4 artikel
  📁 project/ → 1 artikel
  ✅ Sitemap: 10 URLs

✅ Selesai! Total 6 halaman terbit.
   📍 https://muhdanfyan.github.io/catatan/
   📍 https://muhdanfyan.github.io/laporan/
   📍 https://muhdanfyan.github.io/project/
  ✅ Build selesai
[main 5bba0c8] gardener: auto-build 2026-07-14 09:00
 1 file changed, 20 insertions(+)
  ✅ Push ke GitHub Pages selesai
[2026-07-14 09:00:05] ✅ Selesai!

[2026-07-14 09:30:01] 🌱 Memulai deploy Digital Garden...
Already up to date.
  ✅ Pull selesai
🌱 Membangun Digital Garden...

  📁 catatan/ → 1 artikel
  📁 laporan/ → 4 artikel
  📁 project/ → 1 artikel
  ✅ Sitemap: 10 URLs

✅ Selesai! Total 6 halaman terbit.
   📍 https://muhdanfyan.github.io/catatan/
   📍 https://muhdanfyan.github.io/laporan/
   📍 https://muhdanfyan.github.io/project/
  ✅ Build selesai
[main 3648ac3] gardener: auto-build 2026-07-14 09:30
 1 file changed, 20 insertions(+)
  ✅ Push ke GitHub Pages selesai
[2026-07-14 09:30:05] ✅ Selesai!

[2026-07-14 10:00:01] 🌱 Memulai deploy Digital Garden...
Already up to date.
  ✅ Pull selesai
🌱 Membangun Digital Garden...

  📁 catatan/ → 1 artikel
  📁 laporan/ → 4 artikel
  📁 project/ → 1 artikel
  ✅ Sitemap: 10 URLs

✅ Selesai! Total 6 halaman terbit.
   📍 https://muhdanfyan.github.io/catatan/
   📍 https://muhdanfyan.github.io/laporan/
   📍 https://muhdanfyan.github.io/project/
  ✅ Build selesai
[main f804068] gardener: auto-build 2026-07-14 10:00
 1 file changed, 20 insertions(+)
  ✅ Push ke GitHub Pages selesai
[2026-07-14 10:00:05] ✅ Selesai!

[2026-07-14 10:30:01] 🌱 Memulai deploy Digital Garden...
Already up to date.
  ✅ Pull selesai
🌱 Membangun Digital Garden...

  📁 catatan/ → 1 artikel
  📁 laporan/ → 4 artikel
  📁 project/ → 1 artikel
  ✅ Sitemap: 10 URLs

✅ Selesai! Total 6 halaman terbit.
   📍 https://muhdanfyan.github.io/catatan/
   📍 https://muhdanfyan.github.io/laporan/
   📍 https://muhdanfyan.github.io/project/
  ✅ Build selesai
[main f668413] gardener: auto-build 2026-07-14 10:30
 1 file changed, 20 insertions(+)
  ✅ Push ke GitHub Pages selesai
[2026-07-14 10:30:04] ✅ Selesai!

[2026-07-14 11:00:01] 🌱 Memulai deploy Digital Garden...
Already up to date.
  ✅ Pull selesai
🌱 Membangun Digital Garden...

  📁 catatan/ → 1 artikel
  📁 laporan/ → 4 artikel
  📁 project/ → 1 artikel
  ✅ Sitemap: 10 URLs

✅ Selesai! Total 6 halaman terbit.
   📍 https://muhdanfyan.github.io/catatan/
   📍 https://muhdanfyan.github.io/laporan/
   📍 https://muhdanfyan.github.io/project/
  ✅ Build selesai
[main 897da10] gardener: auto-build 2026-07-14 11:00
 1 file changed, 20 insertions(+)
  ✅ Push ke GitHub Pages selesai
[2026-07-14 11:00:05] ✅ Selesai!

[2026-07-14 11:30:01] 🌱 Memulai deploy Digital Garden...
Already up to date.
  ✅ Pull selesai
🌱 Membangun Digital Garden...

  📁 catatan/ → 1 artikel
  📁 laporan/ → 4 artikel
  📁 project/ → 1 artikel
  ✅ Sitemap: 10 URLs

✅ Selesai! Total 6 halaman terbit.
   📍 https://muhdanfyan.github.io/catatan/
   📍 https://muhdanfyan.github.io/laporan/
   📍 https://muhdanfyan.github.io/project/
  ✅ Build selesai
[main c485cb3] gardener: auto-build 2026-07-14 11:30
 1 file changed, 20 insertions(+)
  ✅ Push ke GitHub Pages selesai
[2026-07-14 11:30:05] ✅ Selesai!

[2026-07-14 12:00:01] 🌱 Memulai deploy Digital Garden...
Already up to date.
  ✅ Pull selesai
🌱 Membangun Digital Garden...

  📁 catatan/ → 1 artikel
  📁 laporan/ → 4 artikel
  📁 project/ → 1 artikel
  ✅ Sitemap: 10 URLs

✅ Selesai! Total 6 halaman terbit.
   📍 https://muhdanfyan.github.io/catatan/
   📍 https://muhdanfyan.github.io/laporan/
   📍 https://muhdanfyan.github.io/project/
  ✅ Build selesai
[main 0f19e45] gardener: auto-build 2026-07-14 12:00
 1 file changed, 20 insertions(+)
  ✅ Push ke GitHub Pages selesai
[2026-07-14 12:00:06] ✅ Selesai!

[2026-07-14 12:30:01] 🌱 Memulai deploy Digital Garden...
Already up to date.
  ✅ Pull selesai
🌱 Membangun Digital Garden...

  📁 catatan/ → 1 artikel
  📁 laporan/ → 4 artikel
  📁 project/ → 1 artikel
  ✅ Sitemap: 10 URLs

✅ Selesai! Total 6 halaman terbit.
   📍 https://muhdanfyan.github.io/catatan/
   📍 https://muhdanfyan.github.io/laporan/
   📍 https://muhdanfyan.github.io/project/
  ✅ Build selesai
[main 7340551] gardener: auto-build 2026-07-14 12:30
 1 file changed, 20 insertions(+)
  ✅ Push ke GitHub Pages selesai
[2026-07-14 12:30:05] ✅ Selesai!

[2026-07-14 13:00:01] 🌱 Memulai deploy Digital Garden...
Already up to date.
  ✅ Pull selesai
🌱 Membangun Digital Garden...

  📁 catatan/ → 1 artikel
  📁 laporan/ → 4 artikel
  📁 project/ → 1 artikel
  ✅ Sitemap: 10 URLs

✅ Selesai! Total 6 halaman terbit.
   📍 https://muhdanfyan.github.io/catatan/
   📍 https://muhdanfyan.github.io/laporan/
   📍 https://muhdanfyan.github.io/project/
  ✅ Build selesai
[main 608b1f5] gardener: auto-build 2026-07-14 13:00
 1 file changed, 20 insertions(+)
  ✅ Push ke GitHub Pages selesai
[2026-07-14 13:00:05] ✅ Selesai!

[2026-07-14 13:30:01] 🌱 Memulai deploy Digital Garden...
Already up to date.
  ✅ Pull selesai
🌱 Membangun Digital Garden...

  📁 catatan/ → 1 artikel
  📁 laporan/ → 4 artikel
  📁 project/ → 1 artikel
  ✅ Sitemap: 10 URLs

✅ Selesai! Total 6 halaman terbit.
   📍 https://muhdanfyan.github.io/catatan/
   📍 https://muhdanfyan.github.io/laporan/
   📍 https://muhdanfyan.github.io/project/
  ✅ Build selesai
[main 0fc7ad6] gardener: auto-build 2026-07-14 13:30
 1 file changed, 20 insertions(+)
  ✅ Push ke GitHub Pages selesai
[2026-07-14 13:30:05] ✅ Selesai!

[2026-07-14 14:00:01] 🌱 Memulai deploy Digital Garden...
Already up to date.
  ✅ Pull selesai
🌱 Membangun Digital Garden...

  📁 catatan/ → 1 artikel
  📁 laporan/ → 4 artikel
  📁 project/ → 1 artikel
  ✅ Sitemap: 10 URLs

✅ Selesai! Total 6 halaman terbit.
   📍 https://muhdanfyan.github.io/catatan/
   📍 https://muhdanfyan.github.io/laporan/
   📍 https://muhdanfyan.github.io/project/
  ✅ Build selesai
[main 68b73e2] gardener: auto-build 2026-07-14 14:00
 1 file changed, 20 insertions(+)
  ✅ Push ke GitHub Pages selesai
[2026-07-14 14:00:05] ✅ Selesai!

[2026-07-14 14:30:01] 🌱 Memulai deploy Digital Garden...
Already up to date.
  ✅ Pull selesai
🌱 Membangun Digital Garden...

  📁 catatan/ → 1 artikel
  📁 laporan/ → 4 artikel
  📁 project/ → 1 artikel
  ✅ Sitemap: 10 URLs

✅ Selesai! Total 6 halaman terbit.
   📍 https://muhdanfyan.github.io/catatan/
   📍 https://muhdanfyan.github.io/laporan/
   📍 https://muhdanfyan.github.io/project/
  ✅ Build selesai
[main 4099579] gardener: auto-build 2026-07-14 14:30
 1 file changed, 20 insertions(+)
  ✅ Push ke GitHub Pages selesai
[2026-07-14 14:30:05] ✅ Selesai!

[2026-07-14 15:00:01] 🌱 Memulai deploy Digital Garden...
Already up to date.
  ✅ Pull selesai
🌱 Membangun Digital Garden...

  📁 catatan/ → 1 artikel
  📁 laporan/ → 4 artikel
  📁 project/ → 1 artikel
  ✅ Sitemap: 10 URLs

✅ Selesai! Total 6 halaman terbit.
   📍 https://muhdanfyan.github.io/catatan/
   📍 https://muhdanfyan.github.io/laporan/
   📍 https://muhdanfyan.github.io/project/
  ✅ Build selesai
[main ff5d293] gardener: auto-build 2026-07-14 15:00
 1 file changed, 20 insertions(+)
  ✅ Push ke GitHub Pages selesai
[2026-07-14 15:00:06] ✅ Selesai!

[2026-07-14 15:30:01] 🌱 Memulai deploy Digital Garden...
Already up to date.
  ✅ Pull selesai
🌱 Membangun Digital Garden...

  📁 catatan/ → 1 artikel
  📁 laporan/ → 4 artikel
  📁 project/ → 1 artikel
  ✅ Sitemap: 10 URLs

✅ Selesai! Total 6 halaman terbit.
   📍 https://muhdanfyan.github.io/catatan/
   📍 https://muhdanfyan.github.io/laporan/
   📍 https://muhdanfyan.github.io/project/
  ✅ Build selesai
[main c8742a5] gardener: auto-build 2026-07-14 15:30
 1 file changed, 20 insertions(+)
  ✅ Push ke GitHub Pages selesai
[2026-07-14 15:30:06] ✅ Selesai!

[2026-07-14 16:00:01] 🌱 Memulai deploy Digital Garden...
Already up to date.
  ✅ Pull selesai
🌱 Membangun Digital Garden...

  📁 catatan/ → 1 artikel
  📁 laporan/ → 4 artikel
  📁 project/ → 1 artikel
  ✅ Sitemap: 10 URLs

✅ Selesai! Total 6 halaman terbit.
   📍 https://muhdanfyan.github.io/catatan/
   📍 https://muhdanfyan.github.io/laporan/
   📍 https://muhdanfyan.github.io/project/
  ✅ Build selesai
[main 9896b25] gardener: auto-build 2026-07-14 16:00
 1 file changed, 20 insertions(+)
  ✅ Push ke GitHub Pages selesai
[2026-07-14 16:00:05] ✅ Selesai!

[2026-07-14 16:30:01] 🌱 Memulai deploy Digital Garden...
Already up to date.
  ✅ Pull selesai
🌱 Membangun Digital Garden...

  📁 catatan/ → 1 artikel
  📁 laporan/ → 4 artikel
  📁 project/ → 1 artikel
  ✅ Sitemap: 10 URLs

✅ Selesai! Total 6 halaman terbit.
   📍 https://muhdanfyan.github.io/catatan/
   📍 https://muhdanfyan.github.io/laporan/
   📍 https://muhdanfyan.github.io/project/
  ✅ Build selesai
[main 9db76f4] gardener: auto-build 2026-07-14 16:30
 1 file changed, 20 insertions(+)
  ✅ Push ke GitHub Pages selesai
[2026-07-14 16:30:05] ✅ Selesai!

[2026-07-14 17:00:01] 🌱 Memulai deploy Digital Garden...
Already up to date.
  ✅ Pull selesai
🌱 Membangun Digital Garden...

  📁 catatan/ → 1 artikel
  📁 laporan/ → 4 artikel
  📁 project/ → 1 artikel
  ✅ Sitemap: 10 URLs

✅ Selesai! Total 6 halaman terbit.
   📍 https://muhdanfyan.github.io/catatan/
   📍 https://muhdanfyan.github.io/laporan/
   📍 https://muhdanfyan.github.io/project/
  ✅ Build selesai
[main 7cba904] gardener: auto-build 2026-07-14 17:00
 1 file changed, 20 insertions(+)
  ✅ Push ke GitHub Pages selesai
[2026-07-14 17:00:06] ✅ Selesai!

[2026-07-14 17:30:01] 🌱 Memulai deploy Digital Garden...
Already up to date.
  ✅ Pull selesai
🌱 Membangun Digital Garden...

  📁 catatan/ → 1 artikel
  📁 laporan/ → 4 artikel
  📁 project/ → 1 artikel
  ✅ Sitemap: 10 URLs

✅ Selesai! Total 6 halaman terbit.
   📍 https://muhdanfyan.github.io/catatan/
   📍 https://muhdanfyan.github.io/laporan/
   📍 https://muhdanfyan.github.io/project/
  ✅ Build selesai
[main 46ebd49] gardener: auto-build 2026-07-14 17:30
 1 file changed, 20 insertions(+)
  ✅ Push ke GitHub Pages selesai
[2026-07-14 17:30:05] ✅ Selesai!

[2026-07-14 18:00:01] 🌱 Memulai deploy Digital Garden...
Already up to date.
  ✅ Pull selesai
🌱 Membangun Digital Garden...

  📁 catatan/ → 1 artikel
  📁 laporan/ → 4 artikel
  📁 project/ → 1 artikel
  ✅ Sitemap: 10 URLs

✅ Selesai! Total 6 halaman terbit.
   📍 https://muhdanfyan.github.io/catatan/
   📍 https://muhdanfyan.github.io/laporan/
   📍 https://muhdanfyan.github.io/project/
  ✅ Build selesai
[main 3db0b9f] gardener: auto-build 2026-07-14 18:00
 1 file changed, 20 insertions(+)
  ✅ Push ke GitHub Pages selesai
[2026-07-14 18:00:05] ✅ Selesai!

[2026-07-14 18:30:01] 🌱 Memulai deploy Digital Garden...
Already up to date.
  ✅ Pull selesai
🌱 Membangun Digital Garden...

  📁 catatan/ → 1 artikel
  📁 laporan/ → 4 artikel
  📁 project/ → 1 artikel
  ✅ Sitemap: 10 URLs

✅ Selesai! Total 6 halaman terbit.
   📍 https://muhdanfyan.github.io/catatan/
   📍 https://muhdanfyan.github.io/laporan/
   📍 https://muhdanfyan.github.io/project/
  ✅ Build selesai
[main 3e144cc] gardener: auto-build 2026-07-14 18:30
 1 file changed, 20 insertions(+)
  ✅ Push ke GitHub Pages selesai
[2026-07-14 18:30:05] ✅ Selesai!

[2026-07-14 19:00:01] 🌱 Memulai deploy Digital Garden...
Already up to date.
  ✅ Pull selesai
🌱 Membangun Digital Garden...

  📁 catatan/ → 1 artikel
  📁 laporan/ → 4 artikel
  📁 project/ → 1 artikel
  ✅ Sitemap: 10 URLs

✅ Selesai! Total 6 halaman terbit.
   📍 https://muhdanfyan.github.io/catatan/
   📍 https://muhdanfyan.github.io/laporan/
   📍 https://muhdanfyan.github.io/project/
  ✅ Build selesai
[main eefdc22] gardener: auto-build 2026-07-14 19:00
 1 file changed, 20 insertions(+)
  ✅ Push ke GitHub Pages selesai
[2026-07-14 19:00:07] ✅ Selesai!

[2026-07-14 19:30:01] 🌱 Memulai deploy Digital Garden...
Already up to date.
  ✅ Pull selesai
🌱 Membangun Digital Garden...

  📁 catatan/ → 1 artikel
  📁 laporan/ → 4 artikel
  📁 project/ → 1 artikel
  ✅ Sitemap: 10 URLs

✅ Selesai! Total 6 halaman terbit.
   📍 https://muhdanfyan.github.io/catatan/
   📍 https://muhdanfyan.github.io/laporan/
   📍 https://muhdanfyan.github.io/project/
  ✅ Build selesai
[main 2755ec8] gardener: auto-build 2026-07-14 19:30
 1 file changed, 20 insertions(+)
  ✅ Push ke GitHub Pages selesai
[2026-07-14 19:30:05] ✅ Selesai!

[2026-07-14 20:00:01] 🌱 Memulai deploy Digital Garden...
Already up to date.
  ✅ Pull selesai
🌱 Membangun Digital Garden...

  📁 catatan/ → 1 artikel
  📁 laporan/ → 4 artikel
  📁 project/ → 1 artikel
  ✅ Sitemap: 10 URLs

✅ Selesai! Total 6 halaman terbit.
   📍 https://muhdanfyan.github.io/catatan/
   📍 https://muhdanfyan.github.io/laporan/
   📍 https://muhdanfyan.github.io/project/
  ✅ Build selesai
[main e950a0d] gardener: auto-build 2026-07-14 20:00
 1 file changed, 20 insertions(+)
  ✅ Push ke GitHub Pages selesai
[2026-07-14 20:00:05] ✅ Selesai!

[2026-07-14 20:30:02] 🌱 Memulai deploy Digital Garden...
Already up to date.
  ✅ Pull selesai
🌱 Membangun Digital Garden...

  📁 catatan/ → 1 artikel
  📁 laporan/ → 4 artikel
  📁 project/ → 1 artikel
  ✅ Sitemap: 10 URLs

✅ Selesai! Total 6 halaman terbit.
   📍 https://muhdanfyan.github.io/catatan/
   📍 https://muhdanfyan.github.io/laporan/
   📍 https://muhdanfyan.github.io/project/
  ✅ Build selesai
[main 9d92911] gardener: auto-build 2026-07-14 20:30
 1 file changed, 20 insertions(+)
  ✅ Push ke GitHub Pages selesai
[2026-07-14 20:30:05] ✅ Selesai!

[2026-07-14 21:00:01] 🌱 Memulai deploy Digital Garden...
Already up to date.
  ✅ Pull selesai
🌱 Membangun Digital Garden...

  📁 catatan/ → 1 artikel
  📁 laporan/ → 4 artikel
  📁 project/ → 1 artikel
  ✅ Sitemap: 10 URLs

✅ Selesai! Total 6 halaman terbit.
   📍 https://muhdanfyan.github.io/catatan/
   📍 https://muhdanfyan.github.io/laporan/
   📍 https://muhdanfyan.github.io/project/
  ✅ Build selesai
[main 2c60695] gardener: auto-build 2026-07-14 21:00
 1 file changed, 20 insertions(+)
  ✅ Push ke GitHub Pages selesai
[2026-07-14 21:00:06] ✅ Selesai!

[2026-07-14 21:30:01] 🌱 Memulai deploy Digital Garden...
Already up to date.
  ✅ Pull selesai
🌱 Membangun Digital Garden...

  📁 catatan/ → 1 artikel
  📁 laporan/ → 4 artikel
  📁 project/ → 1 artikel
  ✅ Sitemap: 10 URLs

✅ Selesai! Total 6 halaman terbit.
   📍 https://muhdanfyan.github.io/catatan/
   📍 https://muhdanfyan.github.io/laporan/
   📍 https://muhdanfyan.github.io/project/
  ✅ Build selesai
[main 553a4ef] gardener: auto-build 2026-07-14 21:30
 1 file changed, 20 insertions(+)
  ✅ Push ke GitHub Pages selesai
[2026-07-14 21:30:05] ✅ Selesai!

[2026-07-14 22:00:01] 🌱 Memulai deploy Digital Garden...
Already up to date.
  ✅ Pull selesai
🌱 Membangun Digital Garden...

  📁 catatan/ → 1 artikel
  📁 laporan/ → 4 artikel
  📁 project/ → 1 artikel
  ✅ Sitemap: 10 URLs

✅ Selesai! Total 6 halaman terbit.
   📍 https://muhdanfyan.github.io/catatan/
   📍 https://muhdanfyan.github.io/laporan/
   📍 https://muhdanfyan.github.io/project/
  ✅ Build selesai
[main 6f226a0] gardener: auto-build 2026-07-14 22:00
 1 file changed, 20 insertions(+)
  ✅ Push ke GitHub Pages selesai
[2026-07-14 22:00:05] ✅ Selesai!

[2026-07-14 22:30:01] 🌱 Memulai deploy Digital Garden...
Already up to date.
  ✅ Pull selesai
🌱 Membangun Digital Garden...

  📁 catatan/ → 1 artikel
  📁 laporan/ → 4 artikel
  📁 project/ → 1 artikel
  ✅ Sitemap: 10 URLs

✅ Selesai! Total 6 halaman terbit.
   📍 https://muhdanfyan.github.io/catatan/
   📍 https://muhdanfyan.github.io/laporan/
   📍 https://muhdanfyan.github.io/project/
  ✅ Build selesai
[main 70ad136] gardener: auto-build 2026-07-14 22:30
 1 file changed, 20 insertions(+)
  ✅ Push ke GitHub Pages selesai
[2026-07-14 22:30:06] ✅ Selesai!

[2026-07-14 23:00:01] 🌱 Memulai deploy Digital Garden...
Already up to date.
  ✅ Pull selesai
🌱 Membangun Digital Garden...

  📁 catatan/ → 1 artikel
  📁 laporan/ → 4 artikel
  📁 project/ → 1 artikel
  ✅ Sitemap: 10 URLs

✅ Selesai! Total 6 halaman terbit.
   📍 https://muhdanfyan.github.io/catatan/
   📍 https://muhdanfyan.github.io/laporan/
   📍 https://muhdanfyan.github.io/project/
  ✅ Build selesai
[main b6d9f6e] gardener: auto-build 2026-07-14 23:00
 1 file changed, 20 insertions(+)
  ✅ Push ke GitHub Pages selesai
[2026-07-14 23:00:05] ✅ Selesai!

[2026-07-14 23:30:01] 🌱 Memulai deploy Digital Garden...
Already up to date.
  ✅ Pull selesai
🌱 Membangun Digital Garden...

  📁 catatan/ → 1 artikel
  📁 laporan/ → 4 artikel
  📁 project/ → 1 artikel
  ✅ Sitemap: 10 URLs

✅ Selesai! Total 6 halaman terbit.
   📍 https://muhdanfyan.github.io/catatan/
   📍 https://muhdanfyan.github.io/laporan/
   📍 https://muhdanfyan.github.io/project/
  ✅ Build selesai
[main 4b0b8da] gardener: auto-build 2026-07-14 23:30
 1 file changed, 20 insertions(+)
  ✅ Push ke GitHub Pages selesai
[2026-07-14 23:30:05] ✅ Selesai!

[2026-07-15 00:00:01] 🌱 Memulai deploy Digital Garden...
Already up to date.
  ✅ Pull selesai
🌱 Membangun Digital Garden...

  📁 catatan/ → 1 artikel
  📁 laporan/ → 4 artikel
  📁 project/ → 1 artikel
  ✅ Sitemap: 10 URLs

✅ Selesai! Total 6 halaman terbit.
   📍 https://muhdanfyan.github.io/catatan/
   📍 https://muhdanfyan.github.io/laporan/
   📍 https://muhdanfyan.github.io/project/
  ✅ Build selesai
[main 2bbda6e] gardener: auto-build 2026-07-15 00:00
 1 file changed, 20 insertions(+)
  ✅ Push ke GitHub Pages selesai
[2026-07-15 00:00:07] ✅ Selesai!

[2026-07-15 00:30:01] 🌱 Memulai deploy Digital Garden...
Already up to date.
  ✅ Pull selesai
🌱 Membangun Digital Garden...

  📁 catatan/ → 1 artikel
  📁 laporan/ → 4 artikel
  📁 project/ → 1 artikel
  ✅ Sitemap: 10 URLs

✅ Selesai! Total 6 halaman terbit.
   📍 https://muhdanfyan.github.io/catatan/
   📍 https://muhdanfyan.github.io/laporan/
   📍 https://muhdanfyan.github.io/project/
  ✅ Build selesai
[main 40c01bf] gardener: auto-build 2026-07-15 00:30
 1 file changed, 20 insertions(+)
  ✅ Push ke GitHub Pages selesai
[2026-07-15 00:30:05] ✅ Selesai!

[2026-07-15 01:00:01] 🌱 Memulai deploy Digital Garden...
Already up to date.
  ✅ Pull selesai
🌱 Membangun Digital Garden...

  📁 catatan/ → 1 artikel
  📁 laporan/ → 4 artikel
  📁 project/ → 1 artikel
  ✅ Sitemap: 10 URLs

✅ Selesai! Total 6 halaman terbit.
   📍 https://muhdanfyan.github.io/catatan/
   📍 https://muhdanfyan.github.io/laporan/
   📍 https://muhdanfyan.github.io/project/
  ✅ Build selesai
[main 028f6d7] gardener: auto-build 2026-07-15 01:00
 1 file changed, 20 insertions(+)
  ✅ Push ke GitHub Pages selesai
[2026-07-15 01:00:06] ✅ Selesai!

[2026-07-15 01:30:02] 🌱 Memulai deploy Digital Garden...
Already up to date.
  ✅ Pull selesai
🌱 Membangun Digital Garden...

  📁 catatan/ → 1 artikel
  📁 laporan/ → 4 artikel
  📁 project/ → 1 artikel
  ✅ Sitemap: 10 URLs

✅ Selesai! Total 6 halaman terbit.
   📍 https://muhdanfyan.github.io/catatan/
   📍 https://muhdanfyan.github.io/laporan/
   📍 https://muhdanfyan.github.io/project/
  ✅ Build selesai
[main bbc78c2] gardener: auto-build 2026-07-15 01:30
 1 file changed, 20 insertions(+)
  ✅ Push ke GitHub Pages selesai
[2026-07-15 01:30:05] ✅ Selesai!

[2026-07-15 02:00:01] 🌱 Memulai deploy Digital Garden...
Already up to date.
  ✅ Pull selesai
🌱 Membangun Digital Garden...

  📁 catatan/ → 1 artikel
  📁 laporan/ → 4 artikel
  📁 project/ → 1 artikel
  ✅ Sitemap: 10 URLs

✅ Selesai! Total 6 halaman terbit.
   📍 https://muhdanfyan.github.io/catatan/
   📍 https://muhdanfyan.github.io/laporan/
   📍 https://muhdanfyan.github.io/project/
  ✅ Build selesai
[main 5d4c2f4] gardener: auto-build 2026-07-15 02:00
 1 file changed, 20 insertions(+)
  ✅ Push ke GitHub Pages selesai
[2026-07-15 02:00:06] ✅ Selesai!

[2026-07-15 02:30:01] 🌱 Memulai deploy Digital Garden...
Already up to date.
  ✅ Pull selesai
🌱 Membangun Digital Garden...

  📁 catatan/ → 1 artikel
  📁 laporan/ → 4 artikel
  📁 project/ → 1 artikel
  ✅ Sitemap: 10 URLs

✅ Selesai! Total 6 halaman terbit.
   📍 https://muhdanfyan.github.io/catatan/
   📍 https://muhdanfyan.github.io/laporan/
   📍 https://muhdanfyan.github.io/project/
  ✅ Build selesai
[main 3dbca64] gardener: auto-build 2026-07-15 02:30
 1 file changed, 20 insertions(+)
  ✅ Push ke GitHub Pages selesai
[2026-07-15 02:30:04] ✅ Selesai!

[2026-07-15 03:00:01] 🌱 Memulai deploy Digital Garden...
Already up to date.
  ✅ Pull selesai
🌱 Membangun Digital Garden...

  📁 catatan/ → 1 artikel
  📁 laporan/ → 4 artikel
  📁 project/ → 1 artikel
  ✅ Sitemap: 10 URLs

✅ Selesai! Total 6 halaman terbit.
   📍 https://muhdanfyan.github.io/catatan/
   📍 https://muhdanfyan.github.io/laporan/
   📍 https://muhdanfyan.github.io/project/
  ✅ Build selesai
[main 208eea0] gardener: auto-build 2026-07-15 03:00
 1 file changed, 20 insertions(+)
  ✅ Push ke GitHub Pages selesai
[2026-07-15 03:00:05] ✅ Selesai!

[2026-07-15 03:30:01] 🌱 Memulai deploy Digital Garden...
Already up to date.
  ✅ Pull selesai
🌱 Membangun Digital Garden...

  📁 catatan/ → 1 artikel
  📁 laporan/ → 4 artikel
  📁 project/ → 1 artikel
  ✅ Sitemap: 10 URLs

✅ Selesai! Total 6 halaman terbit.
   📍 https://muhdanfyan.github.io/catatan/
   📍 https://muhdanfyan.github.io/laporan/
   📍 https://muhdanfyan.github.io/project/
  ✅ Build selesai
[main 2699b9b] gardener: auto-build 2026-07-15 03:30
 1 file changed, 20 insertions(+)
  ✅ Push ke GitHub Pages selesai
[2026-07-15 03:30:04] ✅ Selesai!

[2026-07-15 04:00:01] 🌱 Memulai deploy Digital Garden...
Already up to date.
  ✅ Pull selesai
🌱 Membangun Digital Garden...

  📁 catatan/ → 1 artikel
  📁 laporan/ → 4 artikel
  📁 project/ → 1 artikel
  ✅ Sitemap: 10 URLs

✅ Selesai! Total 6 halaman terbit.
   📍 https://muhdanfyan.github.io/catatan/
   📍 https://muhdanfyan.github.io/laporan/
   📍 https://muhdanfyan.github.io/project/
  ✅ Build selesai
[main 542d87e] gardener: auto-build 2026-07-15 04:00
 1 file changed, 20 insertions(+)
  ✅ Push ke GitHub Pages selesai
[2026-07-15 04:00:06] ✅ Selesai!

[2026-07-15 04:30:01] 🌱 Memulai deploy Digital Garden...
Already up to date.
  ✅ Pull selesai
🌱 Membangun Digital Garden...

  📁 catatan/ → 1 artikel
  📁 laporan/ → 4 artikel
  📁 project/ → 1 artikel
  ✅ Sitemap: 10 URLs

✅ Selesai! Total 6 halaman terbit.
   📍 https://muhdanfyan.github.io/catatan/
   📍 https://muhdanfyan.github.io/laporan/
   📍 https://muhdanfyan.github.io/project/
  ✅ Build selesai
[main c09fd22] gardener: auto-build 2026-07-15 04:30
 1 file changed, 20 insertions(+)
  ✅ Push ke GitHub Pages selesai
[2026-07-15 04:30:05] ✅ Selesai!

[2026-07-15 05:00:01] 🌱 Memulai deploy Digital Garden...
Already up to date.
  ✅ Pull selesai
🌱 Membangun Digital Garden...

  📁 catatan/ → 1 artikel
  📁 laporan/ → 4 artikel
  📁 project/ → 1 artikel
  ✅ Sitemap: 10 URLs

✅ Selesai! Total 6 halaman terbit.
   📍 https://muhdanfyan.github.io/catatan/
   📍 https://muhdanfyan.github.io/laporan/
   📍 https://muhdanfyan.github.io/project/
  ✅ Build selesai
[main 4390c1b] gardener: auto-build 2026-07-15 05:00
 1 file changed, 20 insertions(+)
  ✅ Push ke GitHub Pages selesai
[2026-07-15 05:00:06] ✅ Selesai!

[2026-07-15 05:30:01] 🌱 Memulai deploy Digital Garden...
Already up to date.
  ✅ Pull selesai
🌱 Membangun Digital Garden...

  📁 catatan/ → 1 artikel
  📁 laporan/ → 4 artikel
  📁 project/ → 1 artikel
  ✅ Sitemap: 10 URLs

✅ Selesai! Total 6 halaman terbit.
   📍 https://muhdanfyan.github.io/catatan/
   📍 https://muhdanfyan.github.io/laporan/
   📍 https://muhdanfyan.github.io/project/
  ✅ Build selesai
[main 45faa8d] gardener: auto-build 2026-07-15 05:30
 1 file changed, 20 insertions(+)
  ✅ Push ke GitHub Pages selesai
[2026-07-15 05:30:05] ✅ Selesai!

[2026-07-15 06:00:01] 🌱 Memulai deploy Digital Garden...
Already up to date.
  ✅ Pull selesai
🌱 Membangun Digital Garden...

  📁 catatan/ → 1 artikel
  📁 laporan/ → 4 artikel
  📁 project/ → 1 artikel
  ✅ Sitemap: 10 URLs

✅ Selesai! Total 6 halaman terbit.
   📍 https://muhdanfyan.github.io/catatan/
   📍 https://muhdanfyan.github.io/laporan/
   📍 https://muhdanfyan.github.io/project/
  ✅ Build selesai
[main 52e7bdb] gardener: auto-build 2026-07-15 06:00
 1 file changed, 20 insertions(+)
  ✅ Push ke GitHub Pages selesai
[2026-07-15 06:00:05] ✅ Selesai!

[2026-07-15 06:30:01] 🌱 Memulai deploy Digital Garden...
Already up to date.
  ✅ Pull selesai
🌱 Membangun Digital Garden...

  📁 catatan/ → 1 artikel
  📁 laporan/ → 4 artikel
  📁 project/ → 1 artikel
  ✅ Sitemap: 10 URLs

✅ Selesai! Total 6 halaman terbit.
   📍 https://muhdanfyan.github.io/catatan/
   📍 https://muhdanfyan.github.io/laporan/
   📍 https://muhdanfyan.github.io/project/
  ✅ Build selesai
[main f225789] gardener: auto-build 2026-07-15 06:30
 1 file changed, 20 insertions(+)
  ✅ Push ke GitHub Pages selesai
[2026-07-15 06:30:04] ✅ Selesai!

[2026-07-15 07:00:01] 🌱 Memulai deploy Digital Garden...
Already up to date.
  ✅ Pull selesai
🌱 Membangun Digital Garden...

  📁 catatan/ → 1 artikel
  📁 laporan/ → 4 artikel
  📁 project/ → 1 artikel
  ✅ Sitemap: 10 URLs

✅ Selesai! Total 6 halaman terbit.
   📍 https://muhdanfyan.github.io/catatan/
   📍 https://muhdanfyan.github.io/laporan/
   📍 https://muhdanfyan.github.io/project/
  ✅ Build selesai
[main e10f236] gardener: auto-build 2026-07-15 07:00
 1 file changed, 20 insertions(+)
  ✅ Push ke GitHub Pages selesai
[2026-07-15 07:00:06] ✅ Selesai!

[2026-07-15 07:30:01] 🌱 Memulai deploy Digital Garden...
Already up to date.
  ✅ Pull selesai
🌱 Membangun Digital Garden...

  📁 catatan/ → 1 artikel
  📁 laporan/ → 4 artikel
  📁 project/ → 1 artikel
  ✅ Sitemap: 10 URLs

✅ Selesai! Total 6 halaman terbit.
   📍 https://muhdanfyan.github.io/catatan/
   📍 https://muhdanfyan.github.io/laporan/
   📍 https://muhdanfyan.github.io/project/
  ✅ Build selesai
[main 99e91e8] gardener: auto-build 2026-07-15 07:30
 1 file changed, 20 insertions(+)
  ✅ Push ke GitHub Pages selesai
[2026-07-15 07:30:05] ✅ Selesai!

[2026-07-15 08:00:01] 🌱 Memulai deploy Digital Garden...
Already up to date.
  ✅ Pull selesai
🌱 Membangun Digital Garden...

  📁 catatan/ → 1 artikel
  📁 laporan/ → 4 artikel
  📁 project/ → 1 artikel
  ✅ Sitemap: 10 URLs

✅ Selesai! Total 6 halaman terbit.
   📍 https://muhdanfyan.github.io/catatan/
   📍 https://muhdanfyan.github.io/laporan/
   📍 https://muhdanfyan.github.io/project/
  ✅ Build selesai
[main 2958972] gardener: auto-build 2026-07-15 08:00
 1 file changed, 20 insertions(+)
  ✅ Push ke GitHub Pages selesai
[2026-07-15 08:00:04] ✅ Selesai!

[2026-07-15 08:30:01] 🌱 Memulai deploy Digital Garden...
Already up to date.
  ✅ Pull selesai
🌱 Membangun Digital Garden...

  📁 catatan/ → 1 artikel
  📁 laporan/ → 4 artikel
  📁 project/ → 1 artikel
  ✅ Sitemap: 10 URLs

✅ Selesai! Total 6 halaman terbit.
   📍 https://muhdanfyan.github.io/catatan/
   📍 https://muhdanfyan.github.io/laporan/
   📍 https://muhdanfyan.github.io/project/
  ✅ Build selesai
[main f73eb75] gardener: auto-build 2026-07-15 08:30
 1 file changed, 20 insertions(+)
  ✅ Push ke GitHub Pages selesai
[2026-07-15 08:30:05] ✅ Selesai!

[2026-07-15 09:00:01] 🌱 Memulai deploy Digital Garden...
Already up to date.
  ✅ Pull selesai
🌱 Membangun Digital Garden...

  📁 catatan/ → 1 artikel
  📁 laporan/ → 4 artikel
  📁 project/ → 1 artikel
  ✅ Sitemap: 10 URLs

✅ Selesai! Total 6 halaman terbit.
   📍 https://muhdanfyan.github.io/catatan/
   📍 https://muhdanfyan.github.io/laporan/
   📍 https://muhdanfyan.github.io/project/
  ✅ Build selesai
[main d17afb2] gardener: auto-build 2026-07-15 09:00
 1 file changed, 20 insertions(+)
  ✅ Push ke GitHub Pages selesai
[2026-07-15 09:00:06] ✅ Selesai!

[2026-07-15 09:30:01] 🌱 Memulai deploy Digital Garden...
Already up to date.
  ✅ Pull selesai
🌱 Membangun Digital Garden...

  📁 catatan/ → 1 artikel
  📁 laporan/ → 4 artikel
  📁 project/ → 1 artikel
  ✅ Sitemap: 10 URLs

✅ Selesai! Total 6 halaman terbit.
   📍 https://muhdanfyan.github.io/catatan/
   📍 https://muhdanfyan.github.io/laporan/
   📍 https://muhdanfyan.github.io/project/
  ✅ Build selesai
[main c88cc42] gardener: auto-build 2026-07-15 09:30
 1 file changed, 20 insertions(+)
  ✅ Push ke GitHub Pages selesai
[2026-07-15 09:30:05] ✅ Selesai!

[2026-07-15 10:00:01] 🌱 Memulai deploy Digital Garden...
Already up to date.
  ✅ Pull selesai
🌱 Membangun Digital Garden...

  📁 catatan/ → 1 artikel
  📁 laporan/ → 4 artikel
  📁 project/ → 1 artikel
  ✅ Sitemap: 10 URLs

✅ Selesai! Total 6 halaman terbit.
   📍 https://muhdanfyan.github.io/catatan/
   📍 https://muhdanfyan.github.io/laporan/
   📍 https://muhdanfyan.github.io/project/
  ✅ Build selesai
[main 4ddd06b] gardener: auto-build 2026-07-15 10:00
 1 file changed, 20 insertions(+)
  ✅ Push ke GitHub Pages selesai
[2026-07-15 10:00:05] ✅ Selesai!

[2026-07-15 10:30:01] 🌱 Memulai deploy Digital Garden...
Already up to date.
  ✅ Pull selesai
🌱 Membangun Digital Garden...

  📁 catatan/ → 1 artikel
  📁 laporan/ → 4 artikel
  📁 project/ → 1 artikel
  ✅ Sitemap: 10 URLs

✅ Selesai! Total 6 halaman terbit.
   📍 https://muhdanfyan.github.io/catatan/
   📍 https://muhdanfyan.github.io/laporan/
   📍 https://muhdanfyan.github.io/project/
  ✅ Build selesai
[main 4b94636] gardener: auto-build 2026-07-15 10:30
 1 file changed, 20 insertions(+)
  ✅ Push ke GitHub Pages selesai
[2026-07-15 10:30:04] ✅ Selesai!

[2026-07-15 11:00:01] 🌱 Memulai deploy Digital Garden...
Already up to date.
  ✅ Pull selesai
🌱 Membangun Digital Garden...

  📁 catatan/ → 1 artikel
  📁 laporan/ → 4 artikel
  📁 project/ → 1 artikel
  ✅ Sitemap: 10 URLs

✅ Selesai! Total 6 halaman terbit.
   📍 https://muhdanfyan.github.io/catatan/
   📍 https://muhdanfyan.github.io/laporan/
   📍 https://muhdanfyan.github.io/project/
  ✅ Build selesai
[main d6d767a] gardener: auto-build 2026-07-15 11:00
 1 file changed, 20 insertions(+)
  ✅ Push ke GitHub Pages selesai
[2026-07-15 11:00:05] ✅ Selesai!

[2026-07-15 11:30:01] 🌱 Memulai deploy Digital Garden...
Already up to date.
  ✅ Pull selesai
🌱 Membangun Digital Garden...

  📁 catatan/ → 1 artikel
  📁 laporan/ → 4 artikel
  📁 project/ → 1 artikel
  ✅ Sitemap: 10 URLs

✅ Selesai! Total 6 halaman terbit.
   📍 https://muhdanfyan.github.io/catatan/
   📍 https://muhdanfyan.github.io/laporan/
   📍 https://muhdanfyan.github.io/project/
  ✅ Build selesai
[main 9b946b8] gardener: auto-build 2026-07-15 11:30
 1 file changed, 20 insertions(+)
  ✅ Push ke GitHub Pages selesai
[2026-07-15 11:30:04] ✅ Selesai!

[2026-07-15 12:00:01] 🌱 Memulai deploy Digital Garden...
Already up to date.
  ✅ Pull selesai
🌱 Membangun Digital Garden...

  📁 catatan/ → 1 artikel
  📁 laporan/ → 4 artikel
  📁 project/ → 1 artikel
  ✅ Sitemap: 10 URLs

✅ Selesai! Total 6 halaman terbit.
   📍 https://muhdanfyan.github.io/catatan/
   📍 https://muhdanfyan.github.io/laporan/
   📍 https://muhdanfyan.github.io/project/
  ✅ Build selesai
[main 528d2fc] gardener: auto-build 2026-07-15 12:00
 1 file changed, 20 insertions(+)
  ✅ Push ke GitHub Pages selesai
[2026-07-15 12:00:06] ✅ Selesai!

[2026-07-15 12:30:01] 🌱 Memulai deploy Digital Garden...
Already up to date.
  ✅ Pull selesai
🌱 Membangun Digital Garden...

  📁 catatan/ → 1 artikel
  📁 laporan/ → 4 artikel
  📁 project/ → 1 artikel
  ✅ Sitemap: 10 URLs

✅ Selesai! Total 6 halaman terbit.
   📍 https://muhdanfyan.github.io/catatan/
   📍 https://muhdanfyan.github.io/laporan/
   📍 https://muhdanfyan.github.io/project/
  ✅ Build selesai
[main 55ca26b] gardener: auto-build 2026-07-15 12:30
 1 file changed, 20 insertions(+)
  ✅ Push ke GitHub Pages selesai
[2026-07-15 12:30:05] ✅ Selesai!

[2026-07-15 13:00:01] 🌱 Memulai deploy Digital Garden...
Already up to date.
  ✅ Pull selesai
🌱 Membangun Digital Garden...

  📁 catatan/ → 1 artikel
  📁 laporan/ → 4 artikel
  📁 project/ → 1 artikel
  ✅ Sitemap: 10 URLs

✅ Selesai! Total 6 halaman terbit.
   📍 https://muhdanfyan.github.io/catatan/
   📍 https://muhdanfyan.github.io/laporan/
   📍 https://muhdanfyan.github.io/project/
  ✅ Build selesai
[main 1cc2d9f] gardener: auto-build 2026-07-15 13:00
 1 file changed, 20 insertions(+)
  ✅ Push ke GitHub Pages selesai
[2026-07-15 13:00:05] ✅ Selesai!

[2026-07-15 13:30:01] 🌱 Memulai deploy Digital Garden...
Already up to date.
  ✅ Pull selesai
🌱 Membangun Digital Garden...

  📁 catatan/ → 1 artikel
  📁 laporan/ → 4 artikel
  📁 project/ → 1 artikel
  ✅ Sitemap: 10 URLs

✅ Selesai! Total 6 halaman terbit.
   📍 https://muhdanfyan.github.io/catatan/
   📍 https://muhdanfyan.github.io/laporan/
   📍 https://muhdanfyan.github.io/project/
  ✅ Build selesai
[main e06289e] gardener: auto-build 2026-07-15 13:30
 1 file changed, 20 insertions(+)
  ✅ Push ke GitHub Pages selesai
[2026-07-15 13:30:05] ✅ Selesai!

[2026-07-15 14:00:01] 🌱 Memulai deploy Digital Garden...
Already up to date.
  ✅ Pull selesai
🌱 Membangun Digital Garden...

  📁 catatan/ → 1 artikel
  📁 laporan/ → 4 artikel
  📁 project/ → 1 artikel
  ✅ Sitemap: 10 URLs

✅ Selesai! Total 6 halaman terbit.
   📍 https://muhdanfyan.github.io/catatan/
   📍 https://muhdanfyan.github.io/laporan/
   📍 https://muhdanfyan.github.io/project/
  ✅ Build selesai
[main 4ed178d] gardener: auto-build 2026-07-15 14:00
 1 file changed, 20 insertions(+)
  ✅ Push ke GitHub Pages selesai
[2026-07-15 14:00:06] ✅ Selesai!

[2026-07-15 14:30:01] 🌱 Memulai deploy Digital Garden...
Already up to date.
  ✅ Pull selesai
🌱 Membangun Digital Garden...

  📁 catatan/ → 1 artikel
  📁 laporan/ → 4 artikel
  📁 project/ → 1 artikel
  ✅ Sitemap: 10 URLs

✅ Selesai! Total 6 halaman terbit.
   📍 https://muhdanfyan.github.io/catatan/
   📍 https://muhdanfyan.github.io/laporan/
   📍 https://muhdanfyan.github.io/project/
  ✅ Build selesai
[main 7e66662] gardener: auto-build 2026-07-15 14:30
 1 file changed, 20 insertions(+)
  ✅ Push ke GitHub Pages selesai
[2026-07-15 14:30:04] ✅ Selesai!

[2026-07-15 15:00:01] 🌱 Memulai deploy Digital Garden...
Already up to date.
  ✅ Pull selesai
🌱 Membangun Digital Garden...

  📁 catatan/ → 1 artikel
  📁 laporan/ → 4 artikel
  📁 project/ → 1 artikel
  ✅ Sitemap: 10 URLs

✅ Selesai! Total 6 halaman terbit.
   📍 https://muhdanfyan.github.io/catatan/
   📍 https://muhdanfyan.github.io/laporan/
   📍 https://muhdanfyan.github.io/project/
  ✅ Build selesai
[main ede1239] gardener: auto-build 2026-07-15 15:00
 1 file changed, 20 insertions(+)
  ✅ Push ke GitHub Pages selesai
[2026-07-15 15:00:06] ✅ Selesai!

[2026-07-15 15:30:01] 🌱 Memulai deploy Digital Garden...
Already up to date.
  ✅ Pull selesai
🌱 Membangun Digital Garden...

  📁 catatan/ → 1 artikel
  📁 laporan/ → 4 artikel
  📁 project/ → 1 artikel
  ✅ Sitemap: 10 URLs

✅ Selesai! Total 6 halaman terbit.
   📍 https://muhdanfyan.github.io/catatan/
   📍 https://muhdanfyan.github.io/laporan/
   📍 https://muhdanfyan.github.io/project/
  ✅ Build selesai
[main 34e2ba7] gardener: auto-build 2026-07-15 15:30
 1 file changed, 20 insertions(+)
  ✅ Push ke GitHub Pages selesai
[2026-07-15 15:30:06] ✅ Selesai!

[2026-07-15 16:00:01] 🌱 Memulai deploy Digital Garden...
Already up to date.
  ✅ Pull selesai
🌱 Membangun Digital Garden...

  📁 catatan/ → 1 artikel
  📁 laporan/ → 4 artikel
  📁 project/ → 1 artikel
  ✅ Sitemap: 10 URLs

✅ Selesai! Total 6 halaman terbit.
   📍 https://muhdanfyan.github.io/catatan/
   📍 https://muhdanfyan.github.io/laporan/
   📍 https://muhdanfyan.github.io/project/
  ✅ Build selesai
[main 3c27d34] gardener: auto-build 2026-07-15 16:00
 1 file changed, 20 insertions(+)
  ✅ Push ke GitHub Pages selesai
[2026-07-15 16:00:05] ✅ Selesai!

[2026-07-15 16:30:01] 🌱 Memulai deploy Digital Garden...
Already up to date.
  ✅ Pull selesai
🌱 Membangun Digital Garden...

  📁 catatan/ → 1 artikel
  📁 laporan/ → 4 artikel
  📁 project/ → 1 artikel
  ✅ Sitemap: 10 URLs

✅ Selesai! Total 6 halaman terbit.
   📍 https://muhdanfyan.github.io/catatan/
   📍 https://muhdanfyan.github.io/laporan/
   📍 https://muhdanfyan.github.io/project/
  ✅ Build selesai
[main 28b97f7] gardener: auto-build 2026-07-15 16:30
 1 file changed, 20 insertions(+)
  ✅ Push ke GitHub Pages selesai
[2026-07-15 16:30:04] ✅ Selesai!

[2026-07-15 17:00:01] 🌱 Memulai deploy Digital Garden...
Already up to date.
  ✅ Pull selesai
🌱 Membangun Digital Garden...

  📁 catatan/ → 1 artikel
  📁 laporan/ → 4 artikel
  📁 project/ → 1 artikel
  ✅ Sitemap: 10 URLs

✅ Selesai! Total 6 halaman terbit.
   📍 https://muhdanfyan.github.io/catatan/
   📍 https://muhdanfyan.github.io/laporan/
   📍 https://muhdanfyan.github.io/project/
  ✅ Build selesai
[main 1594865] gardener: auto-build 2026-07-15 17:00
 1 file changed, 20 insertions(+)
  ✅ Push ke GitHub Pages selesai
[2026-07-15 17:00:09] ✅ Selesai!

[2026-07-15 17:30:01] 🌱 Memulai deploy Digital Garden...
Already up to date.
  ✅ Pull selesai
🌱 Membangun Digital Garden...

  📁 catatan/ → 1 artikel
  📁 laporan/ → 4 artikel
  📁 project/ → 1 artikel
  ✅ Sitemap: 10 URLs

✅ Selesai! Total 6 halaman terbit.
   📍 https://muhdanfyan.github.io/catatan/
   📍 https://muhdanfyan.github.io/laporan/
   📍 https://muhdanfyan.github.io/project/
  ✅ Build selesai
[main 9bb5941] gardener: auto-build 2026-07-15 17:30
 1 file changed, 20 insertions(+)
  ✅ Push ke GitHub Pages selesai
[2026-07-15 17:30:04] ✅ Selesai!

[2026-07-15 18:00:01] 🌱 Memulai deploy Digital Garden...
Already up to date.
  ✅ Pull selesai
🌱 Membangun Digital Garden...

  📁 catatan/ → 1 artikel
  📁 laporan/ → 4 artikel
  📁 project/ → 1 artikel
  ✅ Sitemap: 10 URLs

✅ Selesai! Total 6 halaman terbit.
   📍 https://muhdanfyan.github.io/catatan/
   📍 https://muhdanfyan.github.io/laporan/
   📍 https://muhdanfyan.github.io/project/
  ✅ Build selesai
[main b1b39ea] gardener: auto-build 2026-07-15 18:00
 1 file changed, 20 insertions(+)
  ✅ Push ke GitHub Pages selesai
[2026-07-15 18:00:06] ✅ Selesai!

[2026-07-15 18:30:01] 🌱 Memulai deploy Digital Garden...
Already up to date.
  ✅ Pull selesai
🌱 Membangun Digital Garden...

  📁 catatan/ → 1 artikel
  📁 laporan/ → 4 artikel
  📁 project/ → 1 artikel
  ✅ Sitemap: 10 URLs

✅ Selesai! Total 6 halaman terbit.
   📍 https://muhdanfyan.github.io/catatan/
   📍 https://muhdanfyan.github.io/laporan/
   📍 https://muhdanfyan.github.io/project/
  ✅ Build selesai
[main 67ab708] gardener: auto-build 2026-07-15 18:30
 1 file changed, 20 insertions(+)
  ✅ Push ke GitHub Pages selesai
[2026-07-15 18:30:05] ✅ Selesai!

[2026-07-15 19:00:01] 🌱 Memulai deploy Digital Garden...
Already up to date.
  ✅ Pull selesai
🌱 Membangun Digital Garden...

  📁 catatan/ → 1 artikel
  📁 laporan/ → 4 artikel
  📁 project/ → 1 artikel
  ✅ Sitemap: 10 URLs

✅ Selesai! Total 6 halaman terbit.
   📍 https://muhdanfyan.github.io/catatan/
   📍 https://muhdanfyan.github.io/laporan/
   📍 https://muhdanfyan.github.io/project/
  ✅ Build selesai
[main 965e1df] gardener: auto-build 2026-07-15 19:00
 1 file changed, 20 insertions(+)
  ✅ Push ke GitHub Pages selesai
[2026-07-15 19:00:05] ✅ Selesai!

[2026-07-15 19:30:01] 🌱 Memulai deploy Digital Garden...
Already up to date.
  ✅ Pull selesai
🌱 Membangun Digital Garden...

  📁 catatan/ → 1 artikel
  📁 laporan/ → 4 artikel
  📁 project/ → 1 artikel
  ✅ Sitemap: 10 URLs

✅ Selesai! Total 6 halaman terbit.
   📍 https://muhdanfyan.github.io/catatan/
   📍 https://muhdanfyan.github.io/laporan/
   📍 https://muhdanfyan.github.io/project/
  ✅ Build selesai
[main a7d3535] gardener: auto-build 2026-07-15 19:30
 1 file changed, 20 insertions(+)
  ✅ Push ke GitHub Pages selesai
[2026-07-15 19:30:04] ✅ Selesai!

[2026-07-15 20:00:01] 🌱 Memulai deploy Digital Garden...
Already up to date.
  ✅ Pull selesai
🌱 Membangun Digital Garden...

  📁 catatan/ → 1 artikel
  📁 laporan/ → 4 artikel
  📁 project/ → 1 artikel
  ✅ Sitemap: 10 URLs

✅ Selesai! Total 6 halaman terbit.
   📍 https://muhdanfyan.github.io/catatan/
   📍 https://muhdanfyan.github.io/laporan/
   📍 https://muhdanfyan.github.io/project/
  ✅ Build selesai
[main d11243e] gardener: auto-build 2026-07-15 20:00
 1 file changed, 20 insertions(+)
  ✅ Push ke GitHub Pages selesai
[2026-07-15 20:00:06] ✅ Selesai!

[2026-07-15 20:30:01] 🌱 Memulai deploy Digital Garden...
Already up to date.
  ✅ Pull selesai
🌱 Membangun Digital Garden...

  📁 catatan/ → 1 artikel
  📁 laporan/ → 4 artikel
  📁 project/ → 1 artikel
  ✅ Sitemap: 10 URLs

✅ Selesai! Total 6 halaman terbit.
   📍 https://muhdanfyan.github.io/catatan/
   📍 https://muhdanfyan.github.io/laporan/
   📍 https://muhdanfyan.github.io/project/
  ✅ Build selesai
[main 19a37b8] gardener: auto-build 2026-07-15 20:30
 1 file changed, 20 insertions(+)
  ✅ Push ke GitHub Pages selesai
[2026-07-15 20:30:06] ✅ Selesai!

[2026-07-15 21:00:01] 🌱 Memulai deploy Digital Garden...
Already up to date.
  ✅ Pull selesai
🌱 Membangun Digital Garden...

  📁 catatan/ → 1 artikel
  📁 laporan/ → 4 artikel
  📁 project/ → 1 artikel
  ✅ Sitemap: 10 URLs

✅ Selesai! Total 6 halaman terbit.
   📍 https://muhdanfyan.github.io/catatan/
   📍 https://muhdanfyan.github.io/laporan/
   📍 https://muhdanfyan.github.io/project/
  ✅ Build selesai
[main 2be565e] gardener: auto-build 2026-07-15 21:00
 1 file changed, 20 insertions(+)
  ✅ Push ke GitHub Pages selesai
[2026-07-15 21:00:07] ✅ Selesai!

[2026-07-15 21:30:01] 🌱 Memulai deploy Digital Garden...
Already up to date.
  ✅ Pull selesai
🌱 Membangun Digital Garden...

  📁 catatan/ → 1 artikel
  📁 laporan/ → 4 artikel
  📁 project/ → 1 artikel
  ✅ Sitemap: 10 URLs

✅ Selesai! Total 6 halaman terbit.
   📍 https://muhdanfyan.github.io/catatan/
   📍 https://muhdanfyan.github.io/laporan/
   📍 https://muhdanfyan.github.io/project/
  ✅ Build selesai
[main d2ae91a] gardener: auto-build 2026-07-15 21:30
 1 file changed, 20 insertions(+)
  ✅ Push ke GitHub Pages selesai
[2026-07-15 21:30:06] ✅ Selesai!

[2026-07-15 22:00:01] 🌱 Memulai deploy Digital Garden...
Already up to date.
  ✅ Pull selesai
🌱 Membangun Digital Garden...

  📁 catatan/ → 1 artikel
  📁 laporan/ → 4 artikel
  📁 project/ → 1 artikel
  ✅ Sitemap: 10 URLs

✅ Selesai! Total 6 halaman terbit.
   📍 https://muhdanfyan.github.io/catatan/
   📍 https://muhdanfyan.github.io/laporan/
   📍 https://muhdanfyan.github.io/project/
  ✅ Build selesai
[main 8378a33] gardener: auto-build 2026-07-15 22:00
 1 file changed, 20 insertions(+)
  ✅ Push ke GitHub Pages selesai
[2026-07-15 22:00:07] ✅ Selesai!

[2026-07-15 22:30:01] 🌱 Memulai deploy Digital Garden...
Already up to date.
  ✅ Pull selesai
🌱 Membangun Digital Garden...

  📁 catatan/ → 1 artikel
  📁 laporan/ → 4 artikel
  📁 project/ → 1 artikel
  ✅ Sitemap: 10 URLs

✅ Selesai! Total 6 halaman terbit.
   📍 https://muhdanfyan.github.io/catatan/
   📍 https://muhdanfyan.github.io/laporan/
   📍 https://muhdanfyan.github.io/project/
  ✅ Build selesai
[main 1dc58fa] gardener: auto-build 2026-07-15 22:30
 1 file changed, 20 insertions(+)
  ✅ Push ke GitHub Pages selesai
[2026-07-15 22:30:05] ✅ Selesai!

[2026-07-15 23:00:01] 🌱 Memulai deploy Digital Garden...
Already up to date.
  ✅ Pull selesai
🌱 Membangun Digital Garden...

  📁 catatan/ → 1 artikel
  📁 laporan/ → 4 artikel
  📁 project/ → 1 artikel
  ✅ Sitemap: 10 URLs

✅ Selesai! Total 6 halaman terbit.
   📍 https://muhdanfyan.github.io/catatan/
   📍 https://muhdanfyan.github.io/laporan/
   📍 https://muhdanfyan.github.io/project/
  ✅ Build selesai
[main 1320708] gardener: auto-build 2026-07-15 23:00
 1 file changed, 20 insertions(+)
  ✅ Push ke GitHub Pages selesai
[2026-07-15 23:00:05] ✅ Selesai!

[2026-07-15 23:30:01] 🌱 Memulai deploy Digital Garden...
Already up to date.
  ✅ Pull selesai
🌱 Membangun Digital Garden...

  📁 catatan/ → 1 artikel
  📁 laporan/ → 4 artikel
  📁 project/ → 1 artikel
  ✅ Sitemap: 10 URLs

✅ Selesai! Total 6 halaman terbit.
   📍 https://muhdanfyan.github.io/catatan/
   📍 https://muhdanfyan.github.io/laporan/
   📍 https://muhdanfyan.github.io/project/
  ✅ Build selesai
[main 1e5aa49] gardener: auto-build 2026-07-15 23:30
 1 file changed, 20 insertions(+)
  ✅ Push ke GitHub Pages selesai
[2026-07-15 23:30:04] ✅ Selesai!

[2026-07-16 00:00:01] 🌱 Memulai deploy Digital Garden...
Already up to date.
  ✅ Pull selesai
🌱 Membangun Digital Garden...

  📁 catatan/ → 1 artikel
  📁 laporan/ → 4 artikel
  📁 project/ → 1 artikel
  ✅ Sitemap: 10 URLs

✅ Selesai! Total 6 halaman terbit.
   📍 https://muhdanfyan.github.io/catatan/
   📍 https://muhdanfyan.github.io/laporan/
   📍 https://muhdanfyan.github.io/project/
  ✅ Build selesai
[main 29e4200] gardener: auto-build 2026-07-16 00:00
 1 file changed, 20 insertions(+)
  ✅ Push ke GitHub Pages selesai
[2026-07-16 00:00:06] ✅ Selesai!

[2026-07-16 00:30:01] 🌱 Memulai deploy Digital Garden...
Already up to date.
  ✅ Pull selesai
🌱 Membangun Digital Garden...

  📁 catatan/ → 1 artikel
  📁 laporan/ → 4 artikel
  📁 project/ → 1 artikel
  ✅ Sitemap: 10 URLs

✅ Selesai! Total 6 halaman terbit.
   📍 https://muhdanfyan.github.io/catatan/
   📍 https://muhdanfyan.github.io/laporan/
   📍 https://muhdanfyan.github.io/project/
  ✅ Build selesai
[main 34d7073] gardener: auto-build 2026-07-16 00:30
 1 file changed, 20 insertions(+)
  ✅ Push ke GitHub Pages selesai
[2026-07-16 00:30:16] ✅ Selesai!

[2026-07-16 01:00:01] 🌱 Memulai deploy Digital Garden...
Already up to date.
  ✅ Pull selesai
🌱 Membangun Digital Garden...

  📁 catatan/ → 1 artikel
  📁 laporan/ → 4 artikel
  📁 project/ → 1 artikel
  ✅ Sitemap: 10 URLs

✅ Selesai! Total 6 halaman terbit.
   📍 https://muhdanfyan.github.io/catatan/
   📍 https://muhdanfyan.github.io/laporan/
   📍 https://muhdanfyan.github.io/project/
  ✅ Build selesai
[main af4f0bb] gardener: auto-build 2026-07-16 01:00
 1 file changed, 20 insertions(+)
  ✅ Push ke GitHub Pages selesai
[2026-07-16 01:00:10] ✅ Selesai!

[2026-07-16 01:30:01] 🌱 Memulai deploy Digital Garden...
Already up to date.
  ✅ Pull selesai
🌱 Membangun Digital Garden...

  📁 catatan/ → 1 artikel
  📁 laporan/ → 4 artikel
  📁 project/ → 1 artikel
  ✅ Sitemap: 10 URLs

✅ Selesai! Total 6 halaman terbit.
   📍 https://muhdanfyan.github.io/catatan/
   📍 https://muhdanfyan.github.io/laporan/
   📍 https://muhdanfyan.github.io/project/
  ✅ Build selesai
[main df6e759] gardener: auto-build 2026-07-16 01:30
 1 file changed, 20 insertions(+)
  ✅ Push ke GitHub Pages selesai
[2026-07-16 01:30:04] ✅ Selesai!

[2026-07-16 02:00:01] 🌱 Memulai deploy Digital Garden...
Already up to date.
  ✅ Pull selesai
🌱 Membangun Digital Garden...

  📁 catatan/ → 1 artikel
  📁 laporan/ → 4 artikel
  📁 project/ → 1 artikel
  ✅ Sitemap: 10 URLs

✅ Selesai! Total 6 halaman terbit.
   📍 https://muhdanfyan.github.io/catatan/
   📍 https://muhdanfyan.github.io/laporan/
   📍 https://muhdanfyan.github.io/project/
  ✅ Build selesai
[main b997fef] gardener: auto-build 2026-07-16 02:00
 1 file changed, 20 insertions(+)
  ✅ Push ke GitHub Pages selesai
[2026-07-16 02:00:08] ✅ Selesai!

[2026-07-16 02:30:01] 🌱 Memulai deploy Digital Garden...
Already up to date.
  ✅ Pull selesai
🌱 Membangun Digital Garden...

  📁 catatan/ → 1 artikel
  📁 laporan/ → 4 artikel
  📁 project/ → 1 artikel
  ✅ Sitemap: 10 URLs

✅ Selesai! Total 6 halaman terbit.
   📍 https://muhdanfyan.github.io/catatan/
   📍 https://muhdanfyan.github.io/laporan/
   📍 https://muhdanfyan.github.io/project/
  ✅ Build selesai
[main 89c9320] gardener: auto-build 2026-07-16 02:30
 1 file changed, 20 insertions(+)
  ✅ Push ke GitHub Pages selesai
[2026-07-16 02:30:05] ✅ Selesai!

[2026-07-16 03:00:01] 🌱 Memulai deploy Digital Garden...
Already up to date.
  ✅ Pull selesai
🌱 Membangun Digital Garden...

  📁 catatan/ → 1 artikel
  📁 laporan/ → 4 artikel
  📁 project/ → 1 artikel
  ✅ Sitemap: 10 URLs

✅ Selesai! Total 6 halaman terbit.
   📍 https://muhdanfyan.github.io/catatan/
   📍 https://muhdanfyan.github.io/laporan/
   📍 https://muhdanfyan.github.io/project/
  ✅ Build selesai
[main f38280a] gardener: auto-build 2026-07-16 03:00
 1 file changed, 20 insertions(+)
  ✅ Push ke GitHub Pages selesai
[2026-07-16 03:00:05] ✅ Selesai!

[2026-07-16 03:30:01] 🌱 Memulai deploy Digital Garden...
Already up to date.
  ✅ Pull selesai
🌱 Membangun Digital Garden...

  📁 catatan/ → 1 artikel
  📁 laporan/ → 4 artikel
  📁 project/ → 1 artikel
  ✅ Sitemap: 10 URLs

✅ Selesai! Total 6 halaman terbit.
   📍 https://muhdanfyan.github.io/catatan/
   📍 https://muhdanfyan.github.io/laporan/
   📍 https://muhdanfyan.github.io/project/
  ✅ Build selesai
[main b5394ea] gardener: auto-build 2026-07-16 03:30
 1 file changed, 20 insertions(+)
  ✅ Push ke GitHub Pages selesai
[2026-07-16 03:30:05] ✅ Selesai!

[2026-07-16 04:00:01] 🌱 Memulai deploy Digital Garden...
Already up to date.
  ✅ Pull selesai
🌱 Membangun Digital Garden...

  📁 catatan/ → 1 artikel
  📁 laporan/ → 4 artikel
  📁 project/ → 1 artikel
  ✅ Sitemap: 10 URLs

✅ Selesai! Total 6 halaman terbit.
   📍 https://muhdanfyan.github.io/catatan/
   📍 https://muhdanfyan.github.io/laporan/
   📍 https://muhdanfyan.github.io/project/
  ✅ Build selesai
[main 4a23c47] gardener: auto-build 2026-07-16 04:00
 1 file changed, 20 insertions(+)
  ✅ Push ke GitHub Pages selesai
[2026-07-16 04:00:05] ✅ Selesai!

[2026-07-16 04:30:01] 🌱 Memulai deploy Digital Garden...
Already up to date.
  ✅ Pull selesai
🌱 Membangun Digital Garden...

  📁 catatan/ → 1 artikel
  📁 laporan/ → 4 artikel
  📁 project/ → 1 artikel
  ✅ Sitemap: 10 URLs

✅ Selesai! Total 6 halaman terbit.
   📍 https://muhdanfyan.github.io/catatan/
   📍 https://muhdanfyan.github.io/laporan/
   📍 https://muhdanfyan.github.io/project/
  ✅ Build selesai
[main 0b5e876] gardener: auto-build 2026-07-16 04:30
 1 file changed, 20 insertions(+)
  ✅ Push ke GitHub Pages selesai
[2026-07-16 04:30:04] ✅ Selesai!

[2026-07-16 05:00:01] 🌱 Memulai deploy Digital Garden...
Already up to date.
  ✅ Pull selesai
🌱 Membangun Digital Garden...

  📁 catatan/ → 1 artikel
  📁 laporan/ → 4 artikel
  📁 project/ → 1 artikel
  ✅ Sitemap: 10 URLs

✅ Selesai! Total 6 halaman terbit.
   📍 https://muhdanfyan.github.io/catatan/
   📍 https://muhdanfyan.github.io/laporan/
   📍 https://muhdanfyan.github.io/project/
  ✅ Build selesai
[main eaa75e6] gardener: auto-build 2026-07-16 05:00
 1 file changed, 20 insertions(+)
  ✅ Push ke GitHub Pages selesai
[2026-07-16 05:00:05] ✅ Selesai!

[2026-07-16 05:30:01] 🌱 Memulai deploy Digital Garden...
Already up to date.
  ✅ Pull selesai
🌱 Membangun Digital Garden...

  📁 catatan/ → 1 artikel
  📁 laporan/ → 4 artikel
  📁 project/ → 1 artikel
  ✅ Sitemap: 10 URLs

✅ Selesai! Total 6 halaman terbit.
   📍 https://muhdanfyan.github.io/catatan/
   📍 https://muhdanfyan.github.io/laporan/
   📍 https://muhdanfyan.github.io/project/
  ✅ Build selesai
[main 11206eb] gardener: auto-build 2026-07-16 05:30
 1 file changed, 20 insertions(+)
  ✅ Push ke GitHub Pages selesai
[2026-07-16 05:30:05] ✅ Selesai!

[2026-07-16 06:00:01] 🌱 Memulai deploy Digital Garden...
Already up to date.
  ✅ Pull selesai
🌱 Membangun Digital Garden...

  📁 catatan/ → 1 artikel
  📁 laporan/ → 4 artikel
  📁 project/ → 1 artikel
  ✅ Sitemap: 10 URLs

✅ Selesai! Total 6 halaman terbit.
   📍 https://muhdanfyan.github.io/catatan/
   📍 https://muhdanfyan.github.io/laporan/
   📍 https://muhdanfyan.github.io/project/
  ✅ Build selesai
[main c00bb59] gardener: auto-build 2026-07-16 06:00
 1 file changed, 20 insertions(+)
  ✅ Push ke GitHub Pages selesai
[2026-07-16 06:00:05] ✅ Selesai!

[2026-07-16 06:30:01] 🌱 Memulai deploy Digital Garden...
Already up to date.
  ✅ Pull selesai
🌱 Membangun Digital Garden...

  📁 catatan/ → 1 artikel
  📁 laporan/ → 4 artikel
  📁 project/ → 1 artikel
  ✅ Sitemap: 10 URLs

✅ Selesai! Total 6 halaman terbit.
   📍 https://muhdanfyan.github.io/catatan/
   📍 https://muhdanfyan.github.io/laporan/
   📍 https://muhdanfyan.github.io/project/
  ✅ Build selesai
[main a5e27e5] gardener: auto-build 2026-07-16 06:30
 1 file changed, 20 insertions(+)
  ✅ Push ke GitHub Pages selesai
[2026-07-16 06:30:04] ✅ Selesai!

[2026-07-16 07:00:01] 🌱 Memulai deploy Digital Garden...
Already up to date.
  ✅ Pull selesai
🌱 Membangun Digital Garden...

  📁 catatan/ → 1 artikel
  📁 laporan/ → 4 artikel
  📁 project/ → 1 artikel
  ✅ Sitemap: 10 URLs

✅ Selesai! Total 6 halaman terbit.
   📍 https://muhdanfyan.github.io/catatan/
   📍 https://muhdanfyan.github.io/laporan/
   📍 https://muhdanfyan.github.io/project/
  ✅ Build selesai
[main 0fc8159] gardener: auto-build 2026-07-16 07:00
 1 file changed, 20 insertions(+)
  ✅ Push ke GitHub Pages selesai
[2026-07-16 07:00:04] ✅ Selesai!

[2026-07-16 07:30:01] 🌱 Memulai deploy Digital Garden...
Already up to date.
  ✅ Pull selesai
🌱 Membangun Digital Garden...

  📁 catatan/ → 1 artikel
  📁 laporan/ → 4 artikel
  📁 project/ → 1 artikel
  ✅ Sitemap: 10 URLs

✅ Selesai! Total 6 halaman terbit.
   📍 https://muhdanfyan.github.io/catatan/
   📍 https://muhdanfyan.github.io/laporan/
   📍 https://muhdanfyan.github.io/project/
  ✅ Build selesai
[main 915d7c3] gardener: auto-build 2026-07-16 07:30
 1 file changed, 20 insertions(+)
  ✅ Push ke GitHub Pages selesai
[2026-07-16 07:30:04] ✅ Selesai!

[2026-07-16 08:00:01] 🌱 Memulai deploy Digital Garden...
Already up to date.
  ✅ Pull selesai
🌱 Membangun Digital Garden...

  📁 catatan/ → 1 artikel
  📁 laporan/ → 4 artikel
  📁 project/ → 1 artikel
  ✅ Sitemap: 10 URLs

✅ Selesai! Total 6 halaman terbit.
   📍 https://muhdanfyan.github.io/catatan/
   📍 https://muhdanfyan.github.io/laporan/
   📍 https://muhdanfyan.github.io/project/
  ✅ Build selesai
[main ab80aa8] gardener: auto-build 2026-07-16 08:00
 1 file changed, 20 insertions(+)
  ✅ Push ke GitHub Pages selesai
[2026-07-16 08:00:05] ✅ Selesai!

[2026-07-16 08:30:01] 🌱 Memulai deploy Digital Garden...
Already up to date.
  ✅ Pull selesai
🌱 Membangun Digital Garden...

  📁 catatan/ → 1 artikel
  📁 laporan/ → 5 artikel
  📁 project/ → 1 artikel
  ✅ Sitemap: 11 URLs

✅ Selesai! Total 7 halaman terbit.
   📍 https://muhdanfyan.github.io/catatan/
   📍 https://muhdanfyan.github.io/laporan/
   📍 https://muhdanfyan.github.io/project/
  ✅ Build selesai
[main 12c6196] gardener: auto-build 2026-07-16 08:30
 2 files changed, 60 insertions(+)
 create mode 100644 content/laporan/2026-07-16.md
  ✅ Push ke GitHub Pages selesai
[2026-07-16 08:30:04] ✅ Selesai!

[2026-07-16 09:00:01] 🌱 Memulai deploy Digital Garden...
Already up to date.
  ✅ Pull selesai
🌱 Membangun Digital Garden...

  📁 catatan/ → 1 artikel
  📁 laporan/ → 5 artikel
  📁 project/ → 1 artikel
  ✅ Sitemap: 11 URLs

✅ Selesai! Total 7 halaman terbit.
   📍 https://muhdanfyan.github.io/catatan/
   📍 https://muhdanfyan.github.io/laporan/
   📍 https://muhdanfyan.github.io/project/
  ✅ Build selesai
[main 7aac4d7] gardener: auto-build 2026-07-16 09:00
 1 file changed, 21 insertions(+)
  ✅ Push ke GitHub Pages selesai
[2026-07-16 09:00:05] ✅ Selesai!

[2026-07-16 09:30:01] 🌱 Memulai deploy Digital Garden...
Already up to date.
  ✅ Pull selesai
🌱 Membangun Digital Garden...

  📁 catatan/ → 1 artikel
  📁 laporan/ → 5 artikel
  📁 project/ → 1 artikel
  ✅ Sitemap: 11 URLs

✅ Selesai! Total 7 halaman terbit.
   📍 https://muhdanfyan.github.io/catatan/
   📍 https://muhdanfyan.github.io/laporan/
   📍 https://muhdanfyan.github.io/project/
  ✅ Build selesai
[main 952dfc0] gardener: auto-build 2026-07-16 09:30
 1 file changed, 20 insertions(+)
  ✅ Push ke GitHub Pages selesai
[2026-07-16 09:30:04] ✅ Selesai!

[2026-07-16 10:00:01] 🌱 Memulai deploy Digital Garden...
Already up to date.
  ✅ Pull selesai
🌱 Membangun Digital Garden...

  📁 catatan/ → 1 artikel
  📁 laporan/ → 5 artikel
  📁 project/ → 1 artikel
  ✅ Sitemap: 11 URLs

✅ Selesai! Total 7 halaman terbit.
   📍 https://muhdanfyan.github.io/catatan/
   📍 https://muhdanfyan.github.io/laporan/
   📍 https://muhdanfyan.github.io/project/
  ✅ Build selesai
[main cefbd1a] gardener: auto-build 2026-07-16 10:00
 1 file changed, 20 insertions(+)
  ✅ Push ke GitHub Pages selesai
[2026-07-16 10:00:24] ✅ Selesai!

[2026-07-16 10:30:01] 🌱 Memulai deploy Digital Garden...
Already up to date.
  ✅ Pull selesai
🌱 Membangun Digital Garden...

  📁 catatan/ → 1 artikel
  📁 laporan/ → 5 artikel
  📁 project/ → 1 artikel
  ✅ Sitemap: 11 URLs

✅ Selesai! Total 7 halaman terbit.
   📍 https://muhdanfyan.github.io/catatan/
   📍 https://muhdanfyan.github.io/laporan/
   📍 https://muhdanfyan.github.io/project/
  ✅ Build selesai
[main 4180f8d] gardener: auto-build 2026-07-16 10:30
 1 file changed, 20 insertions(+)
  ✅ Push ke GitHub Pages selesai
[2026-07-16 10:30:12] ✅ Selesai!

[2026-07-16 11:00:01] 🌱 Memulai deploy Digital Garden...
Already up to date.
  ✅ Pull selesai
🌱 Membangun Digital Garden...

  📁 catatan/ → 1 artikel
  📁 laporan/ → 5 artikel
  📁 project/ → 1 artikel
  ✅ Sitemap: 11 URLs

✅ Selesai! Total 7 halaman terbit.
   📍 https://muhdanfyan.github.io/catatan/
   📍 https://muhdanfyan.github.io/laporan/
   📍 https://muhdanfyan.github.io/project/
  ✅ Build selesai
[main f71a37c] gardener: auto-build 2026-07-16 11:00
 1 file changed, 20 insertions(+)
  ✅ Push ke GitHub Pages selesai
[2026-07-16 11:00:05] ✅ Selesai!

[2026-07-16 11:30:01] 🌱 Memulai deploy Digital Garden...
Already up to date.
  ✅ Pull selesai
🌱 Membangun Digital Garden...

  📁 catatan/ → 1 artikel
  📁 laporan/ → 5 artikel
  📁 project/ → 1 artikel
  ✅ Sitemap: 11 URLs

✅ Selesai! Total 7 halaman terbit.
   📍 https://muhdanfyan.github.io/catatan/
   📍 https://muhdanfyan.github.io/laporan/
   📍 https://muhdanfyan.github.io/project/
  ✅ Build selesai
[main c3c7123] gardener: auto-build 2026-07-16 11:30
 1 file changed, 20 insertions(+)
  ✅ Push ke GitHub Pages selesai
[2026-07-16 11:30:05] ✅ Selesai!

[2026-07-16 12:00:01] 🌱 Memulai deploy Digital Garden...
Already up to date.
  ✅ Pull selesai
🌱 Membangun Digital Garden...

  📁 catatan/ → 1 artikel
  📁 laporan/ → 5 artikel
  📁 project/ → 1 artikel
  ✅ Sitemap: 11 URLs

✅ Selesai! Total 7 halaman terbit.
   📍 https://muhdanfyan.github.io/catatan/
   📍 https://muhdanfyan.github.io/laporan/
   📍 https://muhdanfyan.github.io/project/
  ✅ Build selesai
[main 95b5497] gardener: auto-build 2026-07-16 12:00
 1 file changed, 20 insertions(+)
  ✅ Push ke GitHub Pages selesai
[2026-07-16 12:00:08] ✅ Selesai!

[2026-07-16 12:30:01] 🌱 Memulai deploy Digital Garden...
Already up to date.
  ✅ Pull selesai
🌱 Membangun Digital Garden...

  📁 catatan/ → 1 artikel
  📁 laporan/ → 5 artikel
  📁 project/ → 1 artikel
  ✅ Sitemap: 11 URLs

✅ Selesai! Total 7 halaman terbit.
   📍 https://muhdanfyan.github.io/catatan/
   📍 https://muhdanfyan.github.io/laporan/
   📍 https://muhdanfyan.github.io/project/
  ✅ Build selesai
[main a42f9e1] gardener: auto-build 2026-07-16 12:30
 1 file changed, 20 insertions(+)
  ✅ Push ke GitHub Pages selesai
[2026-07-16 12:30:04] ✅ Selesai!

[2026-07-16 13:00:01] 🌱 Memulai deploy Digital Garden...
Already up to date.
  ✅ Pull selesai
🌱 Membangun Digital Garden...

  📁 catatan/ → 1 artikel
  📁 laporan/ → 5 artikel
  📁 project/ → 1 artikel
  ✅ Sitemap: 11 URLs

✅ Selesai! Total 7 halaman terbit.
   📍 https://muhdanfyan.github.io/catatan/
   📍 https://muhdanfyan.github.io/laporan/
   📍 https://muhdanfyan.github.io/project/
  ✅ Build selesai
[main 419fd36] gardener: auto-build 2026-07-16 13:00
 1 file changed, 20 insertions(+)
  ✅ Push ke GitHub Pages selesai
[2026-07-16 13:00:06] ✅ Selesai!

[2026-07-16 13:30:01] 🌱 Memulai deploy Digital Garden...
Already up to date.
  ✅ Pull selesai
🌱 Membangun Digital Garden...

  📁 catatan/ → 1 artikel
  📁 laporan/ → 5 artikel
  📁 project/ → 1 artikel
  ✅ Sitemap: 11 URLs

✅ Selesai! Total 7 halaman terbit.
   📍 https://muhdanfyan.github.io/catatan/
   📍 https://muhdanfyan.github.io/laporan/
   📍 https://muhdanfyan.github.io/project/
  ✅ Build selesai
[main 7dfd6de] gardener: auto-build 2026-07-16 13:30
 1 file changed, 20 insertions(+)
  ✅ Push ke GitHub Pages selesai
[2026-07-16 13:30:06] ✅ Selesai!

[2026-07-16 14:00:01] 🌱 Memulai deploy Digital Garden...
Already up to date.
  ✅ Pull selesai
🌱 Membangun Digital Garden...

  📁 catatan/ → 1 artikel
  📁 laporan/ → 5 artikel
  📁 project/ → 1 artikel
  ✅ Sitemap: 11 URLs

✅ Selesai! Total 7 halaman terbit.
   📍 https://muhdanfyan.github.io/catatan/
   📍 https://muhdanfyan.github.io/laporan/
   📍 https://muhdanfyan.github.io/project/
  ✅ Build selesai
[main e187a38] gardener: auto-build 2026-07-16 14:00
 1 file changed, 20 insertions(+)
  ✅ Push ke GitHub Pages selesai
[2026-07-16 14:00:14] ✅ Selesai!

[2026-07-16 14:30:01] 🌱 Memulai deploy Digital Garden...
Already up to date.
  ✅ Pull selesai
🌱 Membangun Digital Garden...

  📁 catatan/ → 1 artikel
  📁 laporan/ → 5 artikel
  📁 project/ → 1 artikel
  ✅ Sitemap: 11 URLs

✅ Selesai! Total 7 halaman terbit.
   📍 https://muhdanfyan.github.io/catatan/
   📍 https://muhdanfyan.github.io/laporan/
   📍 https://muhdanfyan.github.io/project/
  ✅ Build selesai
[main 73452e7] gardener: auto-build 2026-07-16 14:30
 1 file changed, 20 insertions(+)
  ✅ Push ke GitHub Pages selesai
[2026-07-16 14:30:05] ✅ Selesai!

[2026-07-16 15:00:01] 🌱 Memulai deploy Digital Garden...
Already up to date.
  ✅ Pull selesai
🌱 Membangun Digital Garden...

  📁 catatan/ → 1 artikel
  📁 laporan/ → 5 artikel
  📁 project/ → 1 artikel
  ✅ Sitemap: 11 URLs

✅ Selesai! Total 7 halaman terbit.
   📍 https://muhdanfyan.github.io/catatan/
   📍 https://muhdanfyan.github.io/laporan/
   📍 https://muhdanfyan.github.io/project/
  ✅ Build selesai
[main ebc9d3c] gardener: auto-build 2026-07-16 15:00
 1 file changed, 20 insertions(+)
  ✅ Push ke GitHub Pages selesai
[2026-07-16 15:00:04] ✅ Selesai!

[2026-07-16 15:30:01] 🌱 Memulai deploy Digital Garden...
Already up to date.
  ✅ Pull selesai
🌱 Membangun Digital Garden...

  📁 catatan/ → 1 artikel
  📁 laporan/ → 5 artikel
  📁 project/ → 1 artikel
  ✅ Sitemap: 11 URLs

✅ Selesai! Total 7 halaman terbit.
   📍 https://muhdanfyan.github.io/catatan/
   📍 https://muhdanfyan.github.io/laporan/
   📍 https://muhdanfyan.github.io/project/
  ✅ Build selesai
[main 896bac9] gardener: auto-build 2026-07-16 15:30
 1 file changed, 20 insertions(+)
  ✅ Push ke GitHub Pages selesai
[2026-07-16 15:30:18] ✅ Selesai!

[2026-07-16 16:00:01] 🌱 Memulai deploy Digital Garden...
Already up to date.
  ✅ Pull selesai
🌱 Membangun Digital Garden...

  📁 catatan/ → 1 artikel
  📁 laporan/ → 5 artikel
  📁 project/ → 1 artikel
  ✅ Sitemap: 11 URLs

✅ Selesai! Total 7 halaman terbit.
   📍 https://muhdanfyan.github.io/catatan/
   📍 https://muhdanfyan.github.io/laporan/
   📍 https://muhdanfyan.github.io/project/
  ✅ Build selesai
[main af10f04] gardener: auto-build 2026-07-16 16:00
 1 file changed, 20 insertions(+)
  ✅ Push ke GitHub Pages selesai
[2026-07-16 16:00:04] ✅ Selesai!

[2026-07-16 16:30:01] 🌱 Memulai deploy Digital Garden...
Already up to date.
  ✅ Pull selesai
🌱 Membangun Digital Garden...

  📁 catatan/ → 1 artikel
  📁 laporan/ → 5 artikel
  📁 project/ → 1 artikel
  ✅ Sitemap: 11 URLs

✅ Selesai! Total 7 halaman terbit.
   📍 https://muhdanfyan.github.io/catatan/
   📍 https://muhdanfyan.github.io/laporan/
   📍 https://muhdanfyan.github.io/project/
  ✅ Build selesai
[main e05d807] gardener: auto-build 2026-07-16 16:30
 1 file changed, 20 insertions(+)
  ✅ Push ke GitHub Pages selesai
[2026-07-16 16:30:05] ✅ Selesai!

[2026-07-16 17:00:01] 🌱 Memulai deploy Digital Garden...
Already up to date.
  ✅ Pull selesai
🌱 Membangun Digital Garden...

  📁 catatan/ → 1 artikel
  📁 laporan/ → 5 artikel
  📁 project/ → 1 artikel
  ✅ Sitemap: 11 URLs

✅ Selesai! Total 7 halaman terbit.
   📍 https://muhdanfyan.github.io/catatan/
   📍 https://muhdanfyan.github.io/laporan/
   📍 https://muhdanfyan.github.io/project/
  ✅ Build selesai
[main 2b2e303] gardener: auto-build 2026-07-16 17:00
 1 file changed, 20 insertions(+)
  ✅ Push ke GitHub Pages selesai
[2026-07-16 17:00:25] ✅ Selesai!

[2026-07-16 17:30:01] 🌱 Memulai deploy Digital Garden...
Already up to date.
  ✅ Pull selesai
🌱 Membangun Digital Garden...

  📁 catatan/ → 1 artikel
  📁 laporan/ → 5 artikel
  📁 project/ → 1 artikel
  ✅ Sitemap: 11 URLs

✅ Selesai! Total 7 halaman terbit.
   📍 https://muhdanfyan.github.io/catatan/
   📍 https://muhdanfyan.github.io/laporan/
   📍 https://muhdanfyan.github.io/project/
  ✅ Build selesai
[main 8f6e0c9] gardener: auto-build 2026-07-16 17:30
 1 file changed, 20 insertions(+)
  ✅ Push ke GitHub Pages selesai
[2026-07-16 17:30:04] ✅ Selesai!

[2026-07-16 18:00:01] 🌱 Memulai deploy Digital Garden...
Already up to date.
  ✅ Pull selesai
🌱 Membangun Digital Garden...

  📁 catatan/ → 1 artikel
  📁 laporan/ → 5 artikel
  📁 project/ → 1 artikel
  ✅ Sitemap: 11 URLs

✅ Selesai! Total 7 halaman terbit.
   📍 https://muhdanfyan.github.io/catatan/
   📍 https://muhdanfyan.github.io/laporan/
   📍 https://muhdanfyan.github.io/project/
  ✅ Build selesai
[main 0f3f7ab] gardener: auto-build 2026-07-16 18:00
 1 file changed, 20 insertions(+)
  ✅ Push ke GitHub Pages selesai
[2026-07-16 18:00:05] ✅ Selesai!

[2026-07-16 18:30:01] 🌱 Memulai deploy Digital Garden...
Already up to date.
  ✅ Pull selesai
🌱 Membangun Digital Garden...

  📁 catatan/ → 1 artikel
  📁 laporan/ → 5 artikel
  📁 project/ → 1 artikel
  ✅ Sitemap: 11 URLs

✅ Selesai! Total 7 halaman terbit.
   📍 https://muhdanfyan.github.io/catatan/
   📍 https://muhdanfyan.github.io/laporan/
   📍 https://muhdanfyan.github.io/project/
  ✅ Build selesai
[main cea137f] gardener: auto-build 2026-07-16 18:30
 1 file changed, 20 insertions(+)
  ✅ Push ke GitHub Pages selesai
[2026-07-16 18:30:05] ✅ Selesai!

[2026-07-16 19:00:01] 🌱 Memulai deploy Digital Garden...
Already up to date.
  ✅ Pull selesai
🌱 Membangun Digital Garden...

  📁 catatan/ → 1 artikel
  📁 laporan/ → 5 artikel
  📁 project/ → 1 artikel
  ✅ Sitemap: 11 URLs

✅ Selesai! Total 7 halaman terbit.
   📍 https://muhdanfyan.github.io/catatan/
   📍 https://muhdanfyan.github.io/laporan/
   📍 https://muhdanfyan.github.io/project/
  ✅ Build selesai
[main acfc61d] gardener: auto-build 2026-07-16 19:00
 1 file changed, 20 insertions(+)
  ✅ Push ke GitHub Pages selesai
[2026-07-16 19:00:07] ✅ Selesai!

[2026-07-16 19:30:01] 🌱 Memulai deploy Digital Garden...
Already up to date.
  ✅ Pull selesai
🌱 Membangun Digital Garden...

  📁 catatan/ → 1 artikel
  📁 laporan/ → 5 artikel
  📁 project/ → 1 artikel
  ✅ Sitemap: 11 URLs

✅ Selesai! Total 7 halaman terbit.
   📍 https://muhdanfyan.github.io/catatan/
   📍 https://muhdanfyan.github.io/laporan/
   📍 https://muhdanfyan.github.io/project/
  ✅ Build selesai
[main 8e0ce3a] gardener: auto-build 2026-07-16 19:30
 1 file changed, 20 insertions(+)
  ✅ Push ke GitHub Pages selesai
[2026-07-16 19:30:05] ✅ Selesai!

[2026-07-16 20:00:01] 🌱 Memulai deploy Digital Garden...
Already up to date.
  ✅ Pull selesai
🌱 Membangun Digital Garden...

  📁 catatan/ → 1 artikel
  📁 laporan/ → 5 artikel
  📁 project/ → 1 artikel
  ✅ Sitemap: 11 URLs

✅ Selesai! Total 7 halaman terbit.
   📍 https://muhdanfyan.github.io/catatan/
   📍 https://muhdanfyan.github.io/laporan/
   📍 https://muhdanfyan.github.io/project/
  ✅ Build selesai
[main 03c8e4d] gardener: auto-build 2026-07-16 20:00
 1 file changed, 20 insertions(+)
  ✅ Push ke GitHub Pages selesai
[2026-07-16 20:00:04] ✅ Selesai!

[2026-07-16 20:30:01] 🌱 Memulai deploy Digital Garden...
Already up to date.
  ✅ Pull selesai
🌱 Membangun Digital Garden...

  📁 catatan/ → 1 artikel
  📁 laporan/ → 5 artikel
  📁 project/ → 1 artikel
  ✅ Sitemap: 11 URLs

✅ Selesai! Total 7 halaman terbit.
   📍 https://muhdanfyan.github.io/catatan/
   📍 https://muhdanfyan.github.io/laporan/
   📍 https://muhdanfyan.github.io/project/
  ✅ Build selesai
[main c9b1465] gardener: auto-build 2026-07-16 20:30
 1 file changed, 20 insertions(+)
  ✅ Push ke GitHub Pages selesai
[2026-07-16 20:30:05] ✅ Selesai!

[2026-07-16 21:00:01] 🌱 Memulai deploy Digital Garden...
Already up to date.
  ✅ Pull selesai
🌱 Membangun Digital Garden...

  📁 catatan/ → 1 artikel
  📁 laporan/ → 5 artikel
  📁 project/ → 1 artikel
  ✅ Sitemap: 11 URLs

✅ Selesai! Total 7 halaman terbit.
   📍 https://muhdanfyan.github.io/catatan/
   📍 https://muhdanfyan.github.io/laporan/
   📍 https://muhdanfyan.github.io/project/
  ✅ Build selesai
[main 7505003] gardener: auto-build 2026-07-16 21:00
 1 file changed, 20 insertions(+)
  ✅ Push ke GitHub Pages selesai
[2026-07-16 21:00:06] ✅ Selesai!

[2026-07-16 21:30:07] 🌱 Memulai deploy Digital Garden...
Already up to date.
  ✅ Pull selesai
🌱 Membangun Digital Garden...

  📁 catatan/ → 1 artikel
  📁 laporan/ → 5 artikel
  📁 project/ → 1 artikel
  ✅ Sitemap: 11 URLs

✅ Selesai! Total 7 halaman terbit.
   📍 https://muhdanfyan.github.io/catatan/
   📍 https://muhdanfyan.github.io/laporan/
   📍 https://muhdanfyan.github.io/project/
  ✅ Build selesai
[main 41abb6e] gardener: auto-build 2026-07-16 21:30
 1 file changed, 20 insertions(+)
  ✅ Push ke GitHub Pages selesai
[2026-07-16 21:30:10] ✅ Selesai!

[2026-07-16 22:00:01] 🌱 Memulai deploy Digital Garden...
Already up to date.
  ✅ Pull selesai
🌱 Membangun Digital Garden...

  📁 catatan/ → 1 artikel
  📁 laporan/ → 5 artikel
  📁 project/ → 1 artikel
  ✅ Sitemap: 11 URLs

✅ Selesai! Total 7 halaman terbit.
   📍 https://muhdanfyan.github.io/catatan/
   📍 https://muhdanfyan.github.io/laporan/
   📍 https://muhdanfyan.github.io/project/
  ✅ Build selesai
[main d997c50] gardener: auto-build 2026-07-16 22:00
 1 file changed, 20 insertions(+)
  ✅ Push ke GitHub Pages selesai
[2026-07-16 22:00:07] ✅ Selesai!

[2026-07-16 22:30:01] 🌱 Memulai deploy Digital Garden...
Already up to date.
  ✅ Pull selesai
🌱 Membangun Digital Garden...

  📁 catatan/ → 1 artikel
  📁 laporan/ → 5 artikel
  📁 project/ → 1 artikel
  ✅ Sitemap: 11 URLs

✅ Selesai! Total 7 halaman terbit.
   📍 https://muhdanfyan.github.io/catatan/
   📍 https://muhdanfyan.github.io/laporan/
   📍 https://muhdanfyan.github.io/project/
  ✅ Build selesai
[main f7774aa] gardener: auto-build 2026-07-16 22:30
 1 file changed, 20 insertions(+)
  ✅ Push ke GitHub Pages selesai
[2026-07-16 22:30:06] ✅ Selesai!

[2026-07-16 23:00:01] 🌱 Memulai deploy Digital Garden...
Already up to date.
  ✅ Pull selesai
🌱 Membangun Digital Garden...

  📁 catatan/ → 1 artikel
  📁 laporan/ → 5 artikel
  📁 project/ → 1 artikel
  ✅ Sitemap: 11 URLs

✅ Selesai! Total 7 halaman terbit.
   📍 https://muhdanfyan.github.io/catatan/
   📍 https://muhdanfyan.github.io/laporan/
   📍 https://muhdanfyan.github.io/project/
  ✅ Build selesai
[main 16c3d45] gardener: auto-build 2026-07-16 23:00
 1 file changed, 20 insertions(+)
  ✅ Push ke GitHub Pages selesai
[2026-07-16 23:00:08] ✅ Selesai!

[2026-07-16 23:30:01] 🌱 Memulai deploy Digital Garden...
Already up to date.
  ✅ Pull selesai
🌱 Membangun Digital Garden...

  📁 catatan/ → 1 artikel
  📁 laporan/ → 5 artikel
  📁 project/ → 1 artikel
  ✅ Sitemap: 11 URLs

✅ Selesai! Total 7 halaman terbit.
   📍 https://muhdanfyan.github.io/catatan/
   📍 https://muhdanfyan.github.io/laporan/
   📍 https://muhdanfyan.github.io/project/
  ✅ Build selesai
[main b75da83] gardener: auto-build 2026-07-16 23:30
 1 file changed, 20 insertions(+)
  ✅ Push ke GitHub Pages selesai
[2026-07-16 23:30:28] ✅ Selesai!

[2026-07-17 00:00:01] 🌱 Memulai deploy Digital Garden...
Already up to date.
  ✅ Pull selesai
🌱 Membangun Digital Garden...

  📁 catatan/ → 1 artikel
  📁 laporan/ → 5 artikel
  📁 project/ → 1 artikel
  ✅ Sitemap: 11 URLs

✅ Selesai! Total 7 halaman terbit.
   📍 https://muhdanfyan.github.io/catatan/
   📍 https://muhdanfyan.github.io/laporan/
   📍 https://muhdanfyan.github.io/project/
  ✅ Build selesai
[main 65d3676] gardener: auto-build 2026-07-17 00:00
 1 file changed, 20 insertions(+)
  ✅ Push ke GitHub Pages selesai
[2026-07-17 00:00:05] ✅ Selesai!

[2026-07-17 00:30:01] 🌱 Memulai deploy Digital Garden...
Already up to date.
  ✅ Pull selesai
🌱 Membangun Digital Garden...

  📁 catatan/ → 1 artikel
  📁 laporan/ → 6 artikel
  📁 project/ → 1 artikel
  ✅ Sitemap: 12 URLs

✅ Selesai! Total 8 halaman terbit.
   📍 https://muhdanfyan.github.io/catatan/
   📍 https://muhdanfyan.github.io/laporan/
   📍 https://muhdanfyan.github.io/project/
  ✅ Build selesai
[main 6c47e66] gardener: auto-build 2026-07-17 00:30
 2 files changed, 60 insertions(+)
 create mode 100644 content/laporan/2026-07-17.md
  ✅ Push ke GitHub Pages selesai
[2026-07-17 00:30:06] ✅ Selesai!

[2026-07-17 01:00:01] 🌱 Memulai deploy Digital Garden...
Already up to date.
  ✅ Pull selesai
🌱 Membangun Digital Garden...

  📁 catatan/ → 1 artikel
  📁 laporan/ → 6 artikel
  📁 project/ → 1 artikel
  ✅ Sitemap: 12 URLs

✅ Selesai! Total 8 halaman terbit.
   📍 https://muhdanfyan.github.io/catatan/
   📍 https://muhdanfyan.github.io/laporan/
   📍 https://muhdanfyan.github.io/project/
  ✅ Build selesai
[main 143f3c0] gardener: auto-build 2026-07-17 01:00
 1 file changed, 21 insertions(+)
  ✅ Push ke GitHub Pages selesai
[2026-07-17 01:00:04] ✅ Selesai!

[2026-07-17 01:30:01] 🌱 Memulai deploy Digital Garden...
Already up to date.
  ✅ Pull selesai
🌱 Membangun Digital Garden...

  📁 catatan/ → 1 artikel
  📁 laporan/ → 6 artikel
  📁 project/ → 1 artikel
  ✅ Sitemap: 12 URLs

✅ Selesai! Total 8 halaman terbit.
   📍 https://muhdanfyan.github.io/catatan/
   📍 https://muhdanfyan.github.io/laporan/
   📍 https://muhdanfyan.github.io/project/
  ✅ Build selesai
[main 443d8d3] gardener: auto-build 2026-07-17 01:30
 1 file changed, 20 insertions(+)
  ✅ Push ke GitHub Pages selesai
[2026-07-17 01:30:04] ✅ Selesai!

[2026-07-17 02:00:01] 🌱 Memulai deploy Digital Garden...
Already up to date.
  ✅ Pull selesai
🌱 Membangun Digital Garden...

  📁 catatan/ → 1 artikel
  📁 laporan/ → 6 artikel
  📁 project/ → 1 artikel
  ✅ Sitemap: 12 URLs

✅ Selesai! Total 8 halaman terbit.
   📍 https://muhdanfyan.github.io/catatan/
   📍 https://muhdanfyan.github.io/laporan/
   📍 https://muhdanfyan.github.io/project/
  ✅ Build selesai
[main d69ba2a] gardener: auto-build 2026-07-17 02:00
 1 file changed, 20 insertions(+)
  ✅ Push ke GitHub Pages selesai
[2026-07-17 02:00:04] ✅ Selesai!

[2026-07-17 02:30:01] 🌱 Memulai deploy Digital Garden...
Already up to date.
  ✅ Pull selesai
🌱 Membangun Digital Garden...

  📁 catatan/ → 1 artikel
  📁 laporan/ → 6 artikel
  📁 project/ → 1 artikel
  ✅ Sitemap: 12 URLs

✅ Selesai! Total 8 halaman terbit.
   📍 https://muhdanfyan.github.io/catatan/
   📍 https://muhdanfyan.github.io/laporan/
   📍 https://muhdanfyan.github.io/project/
  ✅ Build selesai
[main 2070836] gardener: auto-build 2026-07-17 02:30
 1 file changed, 20 insertions(+)
  ✅ Push ke GitHub Pages selesai
[2026-07-17 02:30:04] ✅ Selesai!

[2026-07-17 03:00:01] 🌱 Memulai deploy Digital Garden...
Already up to date.
  ✅ Pull selesai
🌱 Membangun Digital Garden...

  📁 catatan/ → 1 artikel
  📁 laporan/ → 6 artikel
  📁 project/ → 1 artikel
  ✅ Sitemap: 12 URLs

✅ Selesai! Total 8 halaman terbit.
   📍 https://muhdanfyan.github.io/catatan/
   📍 https://muhdanfyan.github.io/laporan/
   📍 https://muhdanfyan.github.io/project/
  ✅ Build selesai
[main 77db352] gardener: auto-build 2026-07-17 03:00
 1 file changed, 20 insertions(+)
  ✅ Push ke GitHub Pages selesai
[2026-07-17 03:00:08] ✅ Selesai!

[2026-07-17 03:30:14] 🌱 Memulai deploy Digital Garden...
Already up to date.
  ✅ Pull selesai
🌱 Membangun Digital Garden...

  📁 catatan/ → 1 artikel
  📁 laporan/ → 6 artikel
  📁 project/ → 1 artikel
  ✅ Sitemap: 12 URLs

✅ Selesai! Total 8 halaman terbit.
   📍 https://muhdanfyan.github.io/catatan/
   📍 https://muhdanfyan.github.io/laporan/
   📍 https://muhdanfyan.github.io/project/
  ✅ Build selesai
[main 1dd7554] gardener: auto-build 2026-07-17 03:30
 1 file changed, 20 insertions(+)
  ✅ Push ke GitHub Pages selesai
[2026-07-17 03:30:17] ✅ Selesai!

[2026-07-17 04:00:14] 🌱 Memulai deploy Digital Garden...
Already up to date.
  ✅ Pull selesai
🌱 Membangun Digital Garden...

  📁 catatan/ → 1 artikel
  📁 laporan/ → 6 artikel
  📁 project/ → 1 artikel
  ✅ Sitemap: 12 URLs

✅ Selesai! Total 8 halaman terbit.
   📍 https://muhdanfyan.github.io/catatan/
   📍 https://muhdanfyan.github.io/laporan/
   📍 https://muhdanfyan.github.io/project/
  ✅ Build selesai
[main 58e056f] gardener: auto-build 2026-07-17 04:00
 1 file changed, 20 insertions(+)
  ✅ Push ke GitHub Pages selesai
[2026-07-17 04:00:17] ✅ Selesai!

[2026-07-17 04:30:01] 🌱 Memulai deploy Digital Garden...
Already up to date.
  ✅ Pull selesai
🌱 Membangun Digital Garden...

  📁 catatan/ → 1 artikel
  📁 laporan/ → 6 artikel
  📁 project/ → 1 artikel
  ✅ Sitemap: 12 URLs

✅ Selesai! Total 8 halaman terbit.
   📍 https://muhdanfyan.github.io/catatan/
   📍 https://muhdanfyan.github.io/laporan/
   📍 https://muhdanfyan.github.io/project/
  ✅ Build selesai
[main 2bb3f07] gardener: auto-build 2026-07-17 04:30
 1 file changed, 20 insertions(+)
  ✅ Push ke GitHub Pages selesai
[2026-07-17 04:30:04] ✅ Selesai!

[2026-07-17 05:00:01] 🌱 Memulai deploy Digital Garden...
Already up to date.
  ✅ Pull selesai
🌱 Membangun Digital Garden...

  📁 catatan/ → 1 artikel
  📁 laporan/ → 6 artikel
  📁 project/ → 1 artikel
  ✅ Sitemap: 12 URLs

✅ Selesai! Total 8 halaman terbit.
   📍 https://muhdanfyan.github.io/catatan/
   📍 https://muhdanfyan.github.io/laporan/
   📍 https://muhdanfyan.github.io/project/
  ✅ Build selesai
[main 75b1096] gardener: auto-build 2026-07-17 05:00
 1 file changed, 20 insertions(+)
  ✅ Push ke GitHub Pages selesai
[2026-07-17 05:00:04] ✅ Selesai!

[2026-07-17 05:30:01] 🌱 Memulai deploy Digital Garden...
Already up to date.
  ✅ Pull selesai
🌱 Membangun Digital Garden...

  📁 catatan/ → 1 artikel
  📁 laporan/ → 6 artikel
  📁 project/ → 1 artikel
  ✅ Sitemap: 12 URLs

✅ Selesai! Total 8 halaman terbit.
   📍 https://muhdanfyan.github.io/catatan/
   📍 https://muhdanfyan.github.io/laporan/
   📍 https://muhdanfyan.github.io/project/
  ✅ Build selesai
[main e619ecf] gardener: auto-build 2026-07-17 05:30
 1 file changed, 20 insertions(+)
  ✅ Push ke GitHub Pages selesai
[2026-07-17 05:30:04] ✅ Selesai!

[2026-07-17 06:00:01] 🌱 Memulai deploy Digital Garden...
Already up to date.
  ✅ Pull selesai
🌱 Membangun Digital Garden...

  📁 catatan/ → 1 artikel
  📁 laporan/ → 6 artikel
  📁 project/ → 1 artikel
  ✅ Sitemap: 12 URLs

✅ Selesai! Total 8 halaman terbit.
   📍 https://muhdanfyan.github.io/catatan/
   📍 https://muhdanfyan.github.io/laporan/
   📍 https://muhdanfyan.github.io/project/
  ✅ Build selesai
[main b854bd5] gardener: auto-build 2026-07-17 06:00
 1 file changed, 20 insertions(+)
  ✅ Push ke GitHub Pages selesai
[2026-07-17 06:00:06] ✅ Selesai!

[2026-07-17 06:30:01] 🌱 Memulai deploy Digital Garden...
Already up to date.
  ✅ Pull selesai
🌱 Membangun Digital Garden...

  📁 catatan/ → 1 artikel
  📁 laporan/ → 6 artikel
  📁 project/ → 1 artikel
  ✅ Sitemap: 12 URLs

✅ Selesai! Total 8 halaman terbit.
   📍 https://muhdanfyan.github.io/catatan/
   📍 https://muhdanfyan.github.io/laporan/
   📍 https://muhdanfyan.github.io/project/
  ✅ Build selesai
[main 071d5cd] gardener: auto-build 2026-07-17 06:30
 1 file changed, 20 insertions(+)
  ✅ Push ke GitHub Pages selesai
[2026-07-17 06:30:04] ✅ Selesai!

[2026-07-17 07:00:01] 🌱 Memulai deploy Digital Garden...
Already up to date.
  ✅ Pull selesai
🌱 Membangun Digital Garden...

  📁 catatan/ → 1 artikel
  📁 laporan/ → 6 artikel
  📁 project/ → 1 artikel
  ✅ Sitemap: 12 URLs

✅ Selesai! Total 8 halaman terbit.
   📍 https://muhdanfyan.github.io/catatan/
   📍 https://muhdanfyan.github.io/laporan/
   📍 https://muhdanfyan.github.io/project/
  ✅ Build selesai
[main 051c1c4] gardener: auto-build 2026-07-17 07:00
 1 file changed, 20 insertions(+)
  ✅ Push ke GitHub Pages selesai
[2026-07-17 07:00:13] ✅ Selesai!

[2026-07-17 07:30:01] 🌱 Memulai deploy Digital Garden...
Already up to date.
  ✅ Pull selesai
🌱 Membangun Digital Garden...

  📁 catatan/ → 1 artikel
  📁 laporan/ → 6 artikel
  📁 project/ → 1 artikel
  ✅ Sitemap: 12 URLs

✅ Selesai! Total 8 halaman terbit.
   📍 https://muhdanfyan.github.io/catatan/
   📍 https://muhdanfyan.github.io/laporan/
   📍 https://muhdanfyan.github.io/project/
  ✅ Build selesai
[main 6e3693f] gardener: auto-build 2026-07-17 07:30
 1 file changed, 20 insertions(+)
  ✅ Push ke GitHub Pages selesai
[2026-07-17 07:30:04] ✅ Selesai!

[2026-07-17 08:00:01] 🌱 Memulai deploy Digital Garden...
Already up to date.
  ✅ Pull selesai
🌱 Membangun Digital Garden...

  📁 catatan/ → 1 artikel
  📁 laporan/ → 6 artikel
  📁 project/ → 1 artikel
  ✅ Sitemap: 12 URLs

✅ Selesai! Total 8 halaman terbit.
   📍 https://muhdanfyan.github.io/catatan/
   📍 https://muhdanfyan.github.io/laporan/
   📍 https://muhdanfyan.github.io/project/
  ✅ Build selesai
[main d020f9d] gardener: auto-build 2026-07-17 08:00
 1 file changed, 20 insertions(+)
  ✅ Push ke GitHub Pages selesai
[2026-07-17 08:00:04] ✅ Selesai!

[2026-07-17 08:30:01] 🌱 Memulai deploy Digital Garden...
Already up to date.
  ✅ Pull selesai
🌱 Membangun Digital Garden...

  📁 catatan/ → 1 artikel
  📁 laporan/ → 6 artikel
  📁 project/ → 1 artikel
  ✅ Sitemap: 12 URLs

✅ Selesai! Total 8 halaman terbit.
   📍 https://muhdanfyan.github.io/catatan/
   📍 https://muhdanfyan.github.io/laporan/
   📍 https://muhdanfyan.github.io/project/
  ✅ Build selesai
[main 04284c8] gardener: auto-build 2026-07-17 08:30
 1 file changed, 20 insertions(+)
  ✅ Push ke GitHub Pages selesai
[2026-07-17 08:30:04] ✅ Selesai!

[2026-07-17 09:00:01] 🌱 Memulai deploy Digital Garden...
Already up to date.
  ✅ Pull selesai
🌱 Membangun Digital Garden...

  📁 catatan/ → 1 artikel
  📁 laporan/ → 6 artikel
  📁 project/ → 1 artikel
  ✅ Sitemap: 12 URLs

✅ Selesai! Total 8 halaman terbit.
   📍 https://muhdanfyan.github.io/catatan/
   📍 https://muhdanfyan.github.io/laporan/
   📍 https://muhdanfyan.github.io/project/
  ✅ Build selesai
[main 7c533f8] gardener: auto-build 2026-07-17 09:00
 1 file changed, 20 insertions(+)
  ✅ Push ke GitHub Pages selesai
[2026-07-17 09:00:06] ✅ Selesai!

[2026-07-17 09:30:01] 🌱 Memulai deploy Digital Garden...
Already up to date.
  ✅ Pull selesai
🌱 Membangun Digital Garden...

  📁 catatan/ → 1 artikel
  📁 laporan/ → 6 artikel
  📁 project/ → 1 artikel
  ✅ Sitemap: 12 URLs

✅ Selesai! Total 8 halaman terbit.
   📍 https://muhdanfyan.github.io/catatan/
   📍 https://muhdanfyan.github.io/laporan/
   📍 https://muhdanfyan.github.io/project/
  ✅ Build selesai
[main 439095a] gardener: auto-build 2026-07-17 09:30
 1 file changed, 20 insertions(+)
  ✅ Push ke GitHub Pages selesai
[2026-07-17 09:30:04] ✅ Selesai!

[2026-07-17 10:00:01] 🌱 Memulai deploy Digital Garden...
Already up to date.
  ✅ Pull selesai
🌱 Membangun Digital Garden...

  📁 catatan/ → 1 artikel
  📁 laporan/ → 6 artikel
  📁 project/ → 1 artikel
  ✅ Sitemap: 12 URLs

✅ Selesai! Total 8 halaman terbit.
   📍 https://muhdanfyan.github.io/catatan/
   📍 https://muhdanfyan.github.io/laporan/
   📍 https://muhdanfyan.github.io/project/
  ✅ Build selesai
[main 8458668] gardener: auto-build 2026-07-17 10:00
 1 file changed, 20 insertions(+)
  ✅ Push ke GitHub Pages selesai
[2026-07-17 10:00:21] ✅ Selesai!

[2026-07-17 10:30:01] 🌱 Memulai deploy Digital Garden...
Already up to date.
  ✅ Pull selesai
🌱 Membangun Digital Garden...

  📁 catatan/ → 1 artikel
  📁 laporan/ → 6 artikel
  📁 project/ → 1 artikel
  ✅ Sitemap: 12 URLs

✅ Selesai! Total 8 halaman terbit.
   📍 https://muhdanfyan.github.io/catatan/
   📍 https://muhdanfyan.github.io/laporan/
   📍 https://muhdanfyan.github.io/project/
  ✅ Build selesai
[main 82e636b] gardener: auto-build 2026-07-17 10:30
 1 file changed, 20 insertions(+)
  ✅ Push ke GitHub Pages selesai
[2026-07-17 10:30:04] ✅ Selesai!

[2026-07-17 11:00:01] 🌱 Memulai deploy Digital Garden...
Already up to date.
  ✅ Pull selesai
🌱 Membangun Digital Garden...

  📁 catatan/ → 1 artikel
  📁 laporan/ → 6 artikel
  📁 project/ → 1 artikel
  ✅ Sitemap: 12 URLs

✅ Selesai! Total 8 halaman terbit.
   📍 https://muhdanfyan.github.io/catatan/
   📍 https://muhdanfyan.github.io/laporan/
   📍 https://muhdanfyan.github.io/project/
  ✅ Build selesai
[main 77e59c1] gardener: auto-build 2026-07-17 11:00
 1 file changed, 20 insertions(+)
  ✅ Push ke GitHub Pages selesai
[2026-07-17 11:00:05] ✅ Selesai!

[2026-07-17 11:30:01] 🌱 Memulai deploy Digital Garden...
Already up to date.
  ✅ Pull selesai
🌱 Membangun Digital Garden...

  📁 catatan/ → 1 artikel
  📁 laporan/ → 6 artikel
  📁 project/ → 1 artikel
  ✅ Sitemap: 12 URLs

✅ Selesai! Total 8 halaman terbit.
   📍 https://muhdanfyan.github.io/catatan/
   📍 https://muhdanfyan.github.io/laporan/
   📍 https://muhdanfyan.github.io/project/
  ✅ Build selesai
[main 11b8741] gardener: auto-build 2026-07-17 11:30
 1 file changed, 20 insertions(+)
  ✅ Push ke GitHub Pages selesai
[2026-07-17 11:30:05] ✅ Selesai!

[2026-07-17 12:00:01] 🌱 Memulai deploy Digital Garden...
Already up to date.
  ✅ Pull selesai
🌱 Membangun Digital Garden...

  📁 catatan/ → 1 artikel
  📁 laporan/ → 6 artikel
  📁 project/ → 1 artikel
  ✅ Sitemap: 12 URLs

✅ Selesai! Total 8 halaman terbit.
   📍 https://muhdanfyan.github.io/catatan/
   📍 https://muhdanfyan.github.io/laporan/
   📍 https://muhdanfyan.github.io/project/
  ✅ Build selesai
[main e41a7c0] gardener: auto-build 2026-07-17 12:00
 1 file changed, 20 insertions(+)
  ✅ Push ke GitHub Pages selesai
[2026-07-17 12:00:10] ✅ Selesai!

[2026-07-17 12:30:01] 🌱 Memulai deploy Digital Garden...
Already up to date.
  ✅ Pull selesai
🌱 Membangun Digital Garden...

  📁 catatan/ → 1 artikel
  📁 laporan/ → 6 artikel
  📁 project/ → 1 artikel
  ✅ Sitemap: 12 URLs

✅ Selesai! Total 8 halaman terbit.
   📍 https://muhdanfyan.github.io/catatan/
   📍 https://muhdanfyan.github.io/laporan/
   📍 https://muhdanfyan.github.io/project/
  ✅ Build selesai
[main 887e64a] gardener: auto-build 2026-07-17 12:30
 1 file changed, 20 insertions(+)
  ✅ Push ke GitHub Pages selesai
[2026-07-17 12:30:04] ✅ Selesai!

[2026-07-17 13:00:03] 🌱 Memulai deploy Digital Garden...
Already up to date.
  ✅ Pull selesai
🌱 Membangun Digital Garden...

  📁 catatan/ → 1 artikel
  📁 laporan/ → 6 artikel
  📁 project/ → 1 artikel
  ✅ Sitemap: 12 URLs

✅ Selesai! Total 8 halaman terbit.
   📍 https://muhdanfyan.github.io/catatan/
   📍 https://muhdanfyan.github.io/laporan/
   📍 https://muhdanfyan.github.io/project/
  ✅ Build selesai
[main ced992d] gardener: auto-build 2026-07-17 13:00
 1 file changed, 20 insertions(+)
  ✅ Push ke GitHub Pages selesai
[2026-07-17 13:00:15] ✅ Selesai!

[2026-07-17 13:30:01] 🌱 Memulai deploy Digital Garden...
Already up to date.
  ✅ Pull selesai
🌱 Membangun Digital Garden...

  📁 catatan/ → 1 artikel
  📁 laporan/ → 6 artikel
  📁 project/ → 1 artikel
  ✅ Sitemap: 12 URLs

✅ Selesai! Total 8 halaman terbit.
   📍 https://muhdanfyan.github.io/catatan/
   📍 https://muhdanfyan.github.io/laporan/
   📍 https://muhdanfyan.github.io/project/
  ✅ Build selesai
[main ec3fc04] gardener: auto-build 2026-07-17 13:30
 1 file changed, 20 insertions(+)
  ✅ Push ke GitHub Pages selesai
[2026-07-17 13:30:05] ✅ Selesai!

[2026-07-17 14:00:01] 🌱 Memulai deploy Digital Garden...
Already up to date.
  ✅ Pull selesai
🌱 Membangun Digital Garden...

  📁 catatan/ → 1 artikel
  📁 laporan/ → 6 artikel
  📁 project/ → 1 artikel
  ✅ Sitemap: 12 URLs

✅ Selesai! Total 8 halaman terbit.
   📍 https://muhdanfyan.github.io/catatan/
   📍 https://muhdanfyan.github.io/laporan/
   📍 https://muhdanfyan.github.io/project/
  ✅ Build selesai
[main 92c108f] gardener: auto-build 2026-07-17 14:00
 1 file changed, 20 insertions(+)
  ✅ Push ke GitHub Pages selesai
[2026-07-17 14:00:06] ✅ Selesai!

[2026-07-17 14:30:01] 🌱 Memulai deploy Digital Garden...
Already up to date.
  ✅ Pull selesai
🌱 Membangun Digital Garden...

  📁 catatan/ → 1 artikel
  📁 laporan/ → 6 artikel
  📁 project/ → 1 artikel
  ✅ Sitemap: 12 URLs

✅ Selesai! Total 8 halaman terbit.
   📍 https://muhdanfyan.github.io/catatan/
   📍 https://muhdanfyan.github.io/laporan/
   📍 https://muhdanfyan.github.io/project/
  ✅ Build selesai
[main e0943ae] gardener: auto-build 2026-07-17 14:30
 1 file changed, 20 insertions(+)
  ✅ Push ke GitHub Pages selesai
[2026-07-17 14:30:05] ✅ Selesai!

[2026-07-17 15:00:01] 🌱 Memulai deploy Digital Garden...
Already up to date.
  ✅ Pull selesai
🌱 Membangun Digital Garden...

  📁 catatan/ → 1 artikel
  📁 laporan/ → 6 artikel
  📁 project/ → 1 artikel
  ✅ Sitemap: 12 URLs

✅ Selesai! Total 8 halaman terbit.
   📍 https://muhdanfyan.github.io/catatan/
   📍 https://muhdanfyan.github.io/laporan/
   📍 https://muhdanfyan.github.io/project/
  ✅ Build selesai
[main 465c064] gardener: auto-build 2026-07-17 15:00
 1 file changed, 20 insertions(+)
  ✅ Push ke GitHub Pages selesai
[2026-07-17 15:00:16] ✅ Selesai!

[2026-07-17 15:30:01] 🌱 Memulai deploy Digital Garden...
Already up to date.
  ✅ Pull selesai
🌱 Membangun Digital Garden...

  📁 catatan/ → 1 artikel
  📁 laporan/ → 6 artikel
  📁 project/ → 1 artikel
  ✅ Sitemap: 12 URLs

✅ Selesai! Total 8 halaman terbit.
   📍 https://muhdanfyan.github.io/catatan/
   📍 https://muhdanfyan.github.io/laporan/
   📍 https://muhdanfyan.github.io/project/
  ✅ Build selesai
[main dc30475] gardener: auto-build 2026-07-17 15:30
 1 file changed, 20 insertions(+)
  ✅ Push ke GitHub Pages selesai
[2026-07-17 15:30:09] ✅ Selesai!

[2026-07-17 16:00:01] 🌱 Memulai deploy Digital Garden...
Already up to date.
  ✅ Pull selesai
🌱 Membangun Digital Garden...

  📁 catatan/ → 1 artikel
  📁 laporan/ → 6 artikel
  📁 project/ → 1 artikel
  ✅ Sitemap: 12 URLs

✅ Selesai! Total 8 halaman terbit.
   📍 https://muhdanfyan.github.io/catatan/
   📍 https://muhdanfyan.github.io/laporan/
   📍 https://muhdanfyan.github.io/project/
  ✅ Build selesai
[main ef505ab] gardener: auto-build 2026-07-17 16:00
 1 file changed, 20 insertions(+)
  ✅ Push ke GitHub Pages selesai
[2026-07-17 16:00:06] ✅ Selesai!

[2026-07-17 16:30:01] 🌱 Memulai deploy Digital Garden...
Already up to date.
  ✅ Pull selesai
🌱 Membangun Digital Garden...

  📁 catatan/ → 1 artikel
  📁 laporan/ → 6 artikel
  📁 project/ → 1 artikel
  ✅ Sitemap: 12 URLs

✅ Selesai! Total 8 halaman terbit.
   📍 https://muhdanfyan.github.io/catatan/
   📍 https://muhdanfyan.github.io/laporan/
   📍 https://muhdanfyan.github.io/project/
  ✅ Build selesai
[main dba1831] gardener: auto-build 2026-07-17 16:30
 1 file changed, 20 insertions(+)
  ✅ Push ke GitHub Pages selesai
[2026-07-17 16:30:04] ✅ Selesai!

[2026-07-17 17:00:01] 🌱 Memulai deploy Digital Garden...
Already up to date.
  ✅ Pull selesai
🌱 Membangun Digital Garden...

  📁 catatan/ → 1 artikel
  📁 laporan/ → 6 artikel
  📁 project/ → 1 artikel
  ✅ Sitemap: 12 URLs

✅ Selesai! Total 8 halaman terbit.
   📍 https://muhdanfyan.github.io/catatan/
   📍 https://muhdanfyan.github.io/laporan/
   📍 https://muhdanfyan.github.io/project/
  ✅ Build selesai
[main 18222e1] gardener: auto-build 2026-07-17 17:00
 1 file changed, 20 insertions(+)
  ✅ Push ke GitHub Pages selesai
[2026-07-17 17:00:05] ✅ Selesai!

[2026-07-17 17:30:01] 🌱 Memulai deploy Digital Garden...
Already up to date.
  ✅ Pull selesai
🌱 Membangun Digital Garden...

  📁 catatan/ → 1 artikel
  📁 laporan/ → 6 artikel
  📁 project/ → 1 artikel
  ✅ Sitemap: 12 URLs

✅ Selesai! Total 8 halaman terbit.
   📍 https://muhdanfyan.github.io/catatan/
   📍 https://muhdanfyan.github.io/laporan/
   📍 https://muhdanfyan.github.io/project/
  ✅ Build selesai
[main aab4529] gardener: auto-build 2026-07-17 17:30
 1 file changed, 20 insertions(+)
  ✅ Push ke GitHub Pages selesai
[2026-07-17 17:30:05] ✅ Selesai!

[2026-07-17 18:00:01] 🌱 Memulai deploy Digital Garden...
Already up to date.
  ✅ Pull selesai
🌱 Membangun Digital Garden...

  📁 catatan/ → 1 artikel
  📁 laporan/ → 6 artikel
  📁 project/ → 1 artikel
  ✅ Sitemap: 12 URLs

✅ Selesai! Total 8 halaman terbit.
   📍 https://muhdanfyan.github.io/catatan/
   📍 https://muhdanfyan.github.io/laporan/
   📍 https://muhdanfyan.github.io/project/
  ✅ Build selesai
[main 9975995] gardener: auto-build 2026-07-17 18:00
 1 file changed, 20 insertions(+)
  ✅ Push ke GitHub Pages selesai
[2026-07-17 18:00:48] ✅ Selesai!

[2026-07-17 18:30:01] 🌱 Memulai deploy Digital Garden...
Already up to date.
  ✅ Pull selesai
🌱 Membangun Digital Garden...

  📁 catatan/ → 1 artikel
  📁 laporan/ → 6 artikel
  📁 project/ → 1 artikel
  ✅ Sitemap: 12 URLs

✅ Selesai! Total 8 halaman terbit.
   📍 https://muhdanfyan.github.io/catatan/
   📍 https://muhdanfyan.github.io/laporan/
   📍 https://muhdanfyan.github.io/project/
  ✅ Build selesai
[main c22ae2e] gardener: auto-build 2026-07-17 18:30
 1 file changed, 20 insertions(+)
  ✅ Push ke GitHub Pages selesai
[2026-07-17 18:30:06] ✅ Selesai!

[2026-07-17 19:00:01] 🌱 Memulai deploy Digital Garden...
Already up to date.
  ✅ Pull selesai
🌱 Membangun Digital Garden...

  📁 catatan/ → 1 artikel
  📁 laporan/ → 6 artikel
  📁 project/ → 1 artikel
  ✅ Sitemap: 12 URLs

✅ Selesai! Total 8 halaman terbit.
   📍 https://muhdanfyan.github.io/catatan/
   📍 https://muhdanfyan.github.io/laporan/
   📍 https://muhdanfyan.github.io/project/
  ✅ Build selesai
[main d3ca364] gardener: auto-build 2026-07-17 19:00
 1 file changed, 20 insertions(+)
  ✅ Push ke GitHub Pages selesai
[2026-07-17 19:00:05] ✅ Selesai!

[2026-07-17 19:30:01] 🌱 Memulai deploy Digital Garden...
Already up to date.
  ✅ Pull selesai
🌱 Membangun Digital Garden...

  📁 catatan/ → 1 artikel
  📁 laporan/ → 6 artikel
  📁 project/ → 1 artikel
  ✅ Sitemap: 12 URLs

✅ Selesai! Total 8 halaman terbit.
   📍 https://muhdanfyan.github.io/catatan/
   📍 https://muhdanfyan.github.io/laporan/
   📍 https://muhdanfyan.github.io/project/
  ✅ Build selesai
[main c29710d] gardener: auto-build 2026-07-17 19:30
 1 file changed, 20 insertions(+)
  ✅ Push ke GitHub Pages selesai
[2026-07-17 19:30:05] ✅ Selesai!

[2026-07-17 20:00:01] 🌱 Memulai deploy Digital Garden...
Already up to date.
  ✅ Pull selesai
🌱 Membangun Digital Garden...

  📁 catatan/ → 1 artikel
  📁 laporan/ → 6 artikel
  📁 project/ → 1 artikel
  ✅ Sitemap: 12 URLs

✅ Selesai! Total 8 halaman terbit.
   📍 https://muhdanfyan.github.io/catatan/
   📍 https://muhdanfyan.github.io/laporan/
   📍 https://muhdanfyan.github.io/project/
  ✅ Build selesai
[main e285624] gardener: auto-build 2026-07-17 20:00
 1 file changed, 20 insertions(+)
  ✅ Push ke GitHub Pages selesai
[2026-07-17 20:00:05] ✅ Selesai!

[2026-07-17 20:30:01] 🌱 Memulai deploy Digital Garden...
Already up to date.
  ✅ Pull selesai
🌱 Membangun Digital Garden...

  📁 catatan/ → 1 artikel
  📁 laporan/ → 6 artikel
  📁 project/ → 1 artikel
  ✅ Sitemap: 12 URLs

✅ Selesai! Total 8 halaman terbit.
   📍 https://muhdanfyan.github.io/catatan/
   📍 https://muhdanfyan.github.io/laporan/
   📍 https://muhdanfyan.github.io/project/
  ✅ Build selesai
[main fc8f2a9] gardener: auto-build 2026-07-17 20:30
 1 file changed, 20 insertions(+)
  ✅ Push ke GitHub Pages selesai
[2026-07-17 20:30:07] ✅ Selesai!

[2026-07-17 21:00:06] 🌱 Memulai deploy Digital Garden...
Already up to date.
  ✅ Pull selesai
🌱 Membangun Digital Garden...

  📁 catatan/ → 1 artikel
  📁 laporan/ → 6 artikel
  📁 project/ → 1 artikel
  ✅ Sitemap: 12 URLs

✅ Selesai! Total 8 halaman terbit.
   📍 https://muhdanfyan.github.io/catatan/
   📍 https://muhdanfyan.github.io/laporan/
   📍 https://muhdanfyan.github.io/project/
  ✅ Build selesai
[main deaafde] gardener: auto-build 2026-07-17 21:00
 1 file changed, 20 insertions(+)
  ✅ Push ke GitHub Pages selesai
[2026-07-17 21:00:17] ✅ Selesai!

[2026-07-17 21:30:01] 🌱 Memulai deploy Digital Garden...
Already up to date.
  ✅ Pull selesai
🌱 Membangun Digital Garden...

  📁 catatan/ → 1 artikel
  📁 laporan/ → 6 artikel
  📁 project/ → 1 artikel
  ✅ Sitemap: 12 URLs

✅ Selesai! Total 8 halaman terbit.
   📍 https://muhdanfyan.github.io/catatan/
   📍 https://muhdanfyan.github.io/laporan/
   📍 https://muhdanfyan.github.io/project/
  ✅ Build selesai
[main a217894] gardener: auto-build 2026-07-17 21:30
 1 file changed, 20 insertions(+)
  ✅ Push ke GitHub Pages selesai
[2026-07-17 21:30:05] ✅ Selesai!

[2026-07-17 22:00:01] 🌱 Memulai deploy Digital Garden...
Already up to date.
  ✅ Pull selesai
🌱 Membangun Digital Garden...

  📁 catatan/ → 1 artikel
  📁 laporan/ → 6 artikel
  📁 project/ → 1 artikel
  ✅ Sitemap: 12 URLs

✅ Selesai! Total 8 halaman terbit.
   📍 https://muhdanfyan.github.io/catatan/
   📍 https://muhdanfyan.github.io/laporan/
   📍 https://muhdanfyan.github.io/project/
  ✅ Build selesai
[main 7b23481] gardener: auto-build 2026-07-17 22:00
 1 file changed, 20 insertions(+)
  ✅ Push ke GitHub Pages selesai
[2026-07-17 22:00:07] ✅ Selesai!

[2026-07-17 22:30:01] 🌱 Memulai deploy Digital Garden...
Already up to date.
  ✅ Pull selesai
🌱 Membangun Digital Garden...

  📁 catatan/ → 1 artikel
  📁 laporan/ → 6 artikel
  📁 project/ → 1 artikel
  ✅ Sitemap: 12 URLs

✅ Selesai! Total 8 halaman terbit.
   📍 https://muhdanfyan.github.io/catatan/
   📍 https://muhdanfyan.github.io/laporan/
   📍 https://muhdanfyan.github.io/project/
  ✅ Build selesai
[main ba83e69] gardener: auto-build 2026-07-17 22:30
 1 file changed, 20 insertions(+)
  ✅ Push ke GitHub Pages selesai
[2026-07-17 22:30:05] ✅ Selesai!

[2026-07-17 23:00:01] 🌱 Memulai deploy Digital Garden...
Already up to date.
  ✅ Pull selesai
🌱 Membangun Digital Garden...

  📁 catatan/ → 1 artikel
  📁 laporan/ → 6 artikel
  📁 project/ → 1 artikel
  ✅ Sitemap: 12 URLs

✅ Selesai! Total 8 halaman terbit.
   📍 https://muhdanfyan.github.io/catatan/
   📍 https://muhdanfyan.github.io/laporan/
   📍 https://muhdanfyan.github.io/project/
  ✅ Build selesai
[main b7b8ce9] gardener: auto-build 2026-07-17 23:00
 1 file changed, 20 insertions(+)
  ✅ Push ke GitHub Pages selesai
[2026-07-17 23:00:06] ✅ Selesai!

[2026-07-17 23:30:01] 🌱 Memulai deploy Digital Garden...
Already up to date.
  ✅ Pull selesai
🌱 Membangun Digital Garden...

  📁 catatan/ → 1 artikel
  📁 laporan/ → 6 artikel
  📁 project/ → 1 artikel
  ✅ Sitemap: 12 URLs

✅ Selesai! Total 8 halaman terbit.
   📍 https://muhdanfyan.github.io/catatan/
   📍 https://muhdanfyan.github.io/laporan/
   📍 https://muhdanfyan.github.io/project/
  ✅ Build selesai
[main f548ee9] gardener: auto-build 2026-07-17 23:30
 1 file changed, 20 insertions(+)
  ✅ Push ke GitHub Pages selesai
[2026-07-17 23:30:05] ✅ Selesai!

[2026-07-18 00:00:01] 🌱 Memulai deploy Digital Garden...
Already up to date.
  ✅ Pull selesai
🌱 Membangun Digital Garden...

  📁 catatan/ → 1 artikel
  📁 laporan/ → 6 artikel
  📁 project/ → 1 artikel
  ✅ Sitemap: 12 URLs

✅ Selesai! Total 8 halaman terbit.
   📍 https://muhdanfyan.github.io/catatan/
   📍 https://muhdanfyan.github.io/laporan/
   📍 https://muhdanfyan.github.io/project/
  ✅ Build selesai
[main 1171710] gardener: auto-build 2026-07-18 00:00
 1 file changed, 20 insertions(+)
  ✅ Push ke GitHub Pages selesai
[2026-07-18 00:00:21] ✅ Selesai!

[2026-07-18 00:30:01] 🌱 Memulai deploy Digital Garden...
Already up to date.
  ✅ Pull selesai
🌱 Membangun Digital Garden...

  📁 catatan/ → 1 artikel
  📁 laporan/ → 7 artikel
  📁 project/ → 1 artikel
  ✅ Sitemap: 13 URLs

✅ Selesai! Total 9 halaman terbit.
   📍 https://muhdanfyan.github.io/catatan/
   📍 https://muhdanfyan.github.io/laporan/
   📍 https://muhdanfyan.github.io/project/
  ✅ Build selesai
[main 62bf71f] gardener: auto-build 2026-07-18 00:30
 2 files changed, 73 insertions(+)
 create mode 100644 content/laporan/2026-07-18.md
  ✅ Push ke GitHub Pages selesai
[2026-07-18 00:30:04] ✅ Selesai!

[2026-07-18 01:00:01] 🌱 Memulai deploy Digital Garden...
Already up to date.
  ✅ Pull selesai
🌱 Membangun Digital Garden...

  📁 catatan/ → 1 artikel
  📁 laporan/ → 7 artikel
  📁 project/ → 1 artikel
  ✅ Sitemap: 13 URLs

✅ Selesai! Total 9 halaman terbit.
   📍 https://muhdanfyan.github.io/catatan/
   📍 https://muhdanfyan.github.io/laporan/
   📍 https://muhdanfyan.github.io/project/
  ✅ Build selesai
[main 9372cfa] gardener: auto-build 2026-07-18 01:00
 1 file changed, 21 insertions(+)
  ✅ Push ke GitHub Pages selesai
[2026-07-18 01:00:07] ✅ Selesai!

[2026-07-18 01:30:01] 🌱 Memulai deploy Digital Garden...
Already up to date.
  ✅ Pull selesai
🌱 Membangun Digital Garden...

  📁 catatan/ → 1 artikel
  📁 laporan/ → 7 artikel
  📁 project/ → 1 artikel
  ✅ Sitemap: 13 URLs

✅ Selesai! Total 9 halaman terbit.
   📍 https://muhdanfyan.github.io/catatan/
   📍 https://muhdanfyan.github.io/laporan/
   📍 https://muhdanfyan.github.io/project/
  ✅ Build selesai
[main e367575] gardener: auto-build 2026-07-18 01:30
 1 file changed, 20 insertions(+)
  ✅ Push ke GitHub Pages selesai
[2026-07-18 01:30:05] ✅ Selesai!

[2026-07-18 02:00:01] 🌱 Memulai deploy Digital Garden...
Already up to date.
  ✅ Pull selesai
🌱 Membangun Digital Garden...

  📁 catatan/ → 1 artikel
  📁 laporan/ → 7 artikel
  📁 project/ → 1 artikel
  ✅ Sitemap: 13 URLs

✅ Selesai! Total 9 halaman terbit.
   📍 https://muhdanfyan.github.io/catatan/
   📍 https://muhdanfyan.github.io/laporan/
   📍 https://muhdanfyan.github.io/project/
  ✅ Build selesai
[main 18195bf] gardener: auto-build 2026-07-18 02:00
 1 file changed, 20 insertions(+)
  ✅ Push ke GitHub Pages selesai
[2026-07-18 02:00:31] ✅ Selesai!

[2026-07-18 02:30:01] 🌱 Memulai deploy Digital Garden...
Already up to date.
  ✅ Pull selesai
🌱 Membangun Digital Garden...

  📁 catatan/ → 1 artikel
  📁 laporan/ → 7 artikel
  📁 project/ → 1 artikel
  ✅ Sitemap: 13 URLs

✅ Selesai! Total 9 halaman terbit.
   📍 https://muhdanfyan.github.io/catatan/
   📍 https://muhdanfyan.github.io/laporan/
   📍 https://muhdanfyan.github.io/project/
  ✅ Build selesai
[main 9e3d84e] gardener: auto-build 2026-07-18 02:30
 1 file changed, 20 insertions(+)
  ✅ Push ke GitHub Pages selesai
[2026-07-18 02:30:05] ✅ Selesai!

[2026-07-18 03:00:01] 🌱 Memulai deploy Digital Garden...
Already up to date.
  ✅ Pull selesai
🌱 Membangun Digital Garden...

  📁 catatan/ → 1 artikel
  📁 laporan/ → 7 artikel
  📁 project/ → 1 artikel
  ✅ Sitemap: 13 URLs

✅ Selesai! Total 9 halaman terbit.
   📍 https://muhdanfyan.github.io/catatan/
   📍 https://muhdanfyan.github.io/laporan/
   📍 https://muhdanfyan.github.io/project/
  ✅ Build selesai
[main d3a7707] gardener: auto-build 2026-07-18 03:00
 1 file changed, 20 insertions(+)
  ✅ Push ke GitHub Pages selesai
[2026-07-18 03:00:05] ✅ Selesai!

[2026-07-18 03:30:01] 🌱 Memulai deploy Digital Garden...
Already up to date.
  ✅ Pull selesai
🌱 Membangun Digital Garden...

  📁 catatan/ → 1 artikel
  📁 laporan/ → 7 artikel
  📁 project/ → 1 artikel
  ✅ Sitemap: 13 URLs

✅ Selesai! Total 9 halaman terbit.
   📍 https://muhdanfyan.github.io/catatan/
   📍 https://muhdanfyan.github.io/laporan/
   📍 https://muhdanfyan.github.io/project/
  ✅ Build selesai
[main d3a612e] gardener: auto-build 2026-07-18 03:30
 1 file changed, 20 insertions(+)
  ✅ Push ke GitHub Pages selesai
[2026-07-18 03:30:05] ✅ Selesai!

[2026-07-18 04:00:01] 🌱 Memulai deploy Digital Garden...
Already up to date.
  ✅ Pull selesai
🌱 Membangun Digital Garden...

  📁 catatan/ → 1 artikel
  📁 laporan/ → 7 artikel
  📁 project/ → 1 artikel
  ✅ Sitemap: 13 URLs

✅ Selesai! Total 9 halaman terbit.
   📍 https://muhdanfyan.github.io/catatan/
   📍 https://muhdanfyan.github.io/laporan/
   📍 https://muhdanfyan.github.io/project/
  ✅ Build selesai
[main 99b843b] gardener: auto-build 2026-07-18 04:00
 1 file changed, 20 insertions(+)
  ✅ Push ke GitHub Pages selesai
[2026-07-18 04:00:04] ✅ Selesai!

[2026-07-18 04:30:01] 🌱 Memulai deploy Digital Garden...
Already up to date.
  ✅ Pull selesai
🌱 Membangun Digital Garden...

  📁 catatan/ → 1 artikel
  📁 laporan/ → 7 artikel
  📁 project/ → 1 artikel
  ✅ Sitemap: 13 URLs

✅ Selesai! Total 9 halaman terbit.
   📍 https://muhdanfyan.github.io/catatan/
   📍 https://muhdanfyan.github.io/laporan/
   📍 https://muhdanfyan.github.io/project/
  ✅ Build selesai
[main 622375f] gardener: auto-build 2026-07-18 04:30
 1 file changed, 20 insertions(+)
  ✅ Push ke GitHub Pages selesai
[2026-07-18 04:30:05] ✅ Selesai!

[2026-07-18 05:00:01] 🌱 Memulai deploy Digital Garden...
Already up to date.
  ✅ Pull selesai
🌱 Membangun Digital Garden...

  📁 catatan/ → 1 artikel
  📁 laporan/ → 7 artikel
  📁 project/ → 1 artikel
  ✅ Sitemap: 13 URLs

✅ Selesai! Total 9 halaman terbit.
   📍 https://muhdanfyan.github.io/catatan/
   📍 https://muhdanfyan.github.io/laporan/
   📍 https://muhdanfyan.github.io/project/
  ✅ Build selesai
[main e8fefa2] gardener: auto-build 2026-07-18 05:00
 1 file changed, 20 insertions(+)
  ✅ Push ke GitHub Pages selesai
[2026-07-18 05:00:04] ✅ Selesai!

[2026-07-18 05:30:01] 🌱 Memulai deploy Digital Garden...
Already up to date.
  ✅ Pull selesai
🌱 Membangun Digital Garden...

  📁 catatan/ → 1 artikel
  📁 laporan/ → 7 artikel
  📁 project/ → 1 artikel
  ✅ Sitemap: 13 URLs

✅ Selesai! Total 9 halaman terbit.
   📍 https://muhdanfyan.github.io/catatan/
   📍 https://muhdanfyan.github.io/laporan/
   📍 https://muhdanfyan.github.io/project/
  ✅ Build selesai
[main 2683441] gardener: auto-build 2026-07-18 05:30
 1 file changed, 20 insertions(+)
  ✅ Push ke GitHub Pages selesai
[2026-07-18 05:30:04] ✅ Selesai!

[2026-07-18 06:00:01] 🌱 Memulai deploy Digital Garden...
Already up to date.
  ✅ Pull selesai
🌱 Membangun Digital Garden...

  📁 catatan/ → 1 artikel
  📁 laporan/ → 7 artikel
  📁 project/ → 1 artikel
  ✅ Sitemap: 13 URLs

✅ Selesai! Total 9 halaman terbit.
   📍 https://muhdanfyan.github.io/catatan/
   📍 https://muhdanfyan.github.io/laporan/
   📍 https://muhdanfyan.github.io/project/
  ✅ Build selesai
[main b42e002] gardener: auto-build 2026-07-18 06:00
 1 file changed, 20 insertions(+)
  ✅ Push ke GitHub Pages selesai
[2026-07-18 06:00:04] ✅ Selesai!

[2026-07-18 06:30:01] 🌱 Memulai deploy Digital Garden...
Already up to date.
  ✅ Pull selesai
🌱 Membangun Digital Garden...

  📁 catatan/ → 1 artikel
  📁 laporan/ → 7 artikel
  📁 project/ → 1 artikel
  ✅ Sitemap: 13 URLs

✅ Selesai! Total 9 halaman terbit.
   📍 https://muhdanfyan.github.io/catatan/
   📍 https://muhdanfyan.github.io/laporan/
   📍 https://muhdanfyan.github.io/project/
  ✅ Build selesai
[main d764898] gardener: auto-build 2026-07-18 06:30
 1 file changed, 20 insertions(+)
  ✅ Push ke GitHub Pages selesai
[2026-07-18 06:30:04] ✅ Selesai!

[2026-07-18 07:00:01] 🌱 Memulai deploy Digital Garden...
Already up to date.
  ✅ Pull selesai
🌱 Membangun Digital Garden...

  📁 catatan/ → 1 artikel
  📁 laporan/ → 7 artikel
  📁 project/ → 1 artikel
  ✅ Sitemap: 13 URLs

✅ Selesai! Total 9 halaman terbit.
   📍 https://muhdanfyan.github.io/catatan/
   📍 https://muhdanfyan.github.io/laporan/
   📍 https://muhdanfyan.github.io/project/
  ✅ Build selesai
[main 8e8d834] gardener: auto-build 2026-07-18 07:00
 1 file changed, 20 insertions(+)
  ✅ Push ke GitHub Pages selesai
[2026-07-18 07:00:08] ✅ Selesai!

[2026-07-18 07:30:01] 🌱 Memulai deploy Digital Garden...
Already up to date.
  ✅ Pull selesai
🌱 Membangun Digital Garden...

  📁 catatan/ → 1 artikel
  📁 laporan/ → 7 artikel
  📁 project/ → 1 artikel
  ✅ Sitemap: 13 URLs

✅ Selesai! Total 9 halaman terbit.
   📍 https://muhdanfyan.github.io/catatan/
   📍 https://muhdanfyan.github.io/laporan/
   📍 https://muhdanfyan.github.io/project/
  ✅ Build selesai
[main db8f535] gardener: auto-build 2026-07-18 07:30
 1 file changed, 20 insertions(+)
  ✅ Push ke GitHub Pages selesai
[2026-07-18 07:30:04] ✅ Selesai!

[2026-07-18 08:00:01] 🌱 Memulai deploy Digital Garden...
Already up to date.
  ✅ Pull selesai
🌱 Membangun Digital Garden...

  📁 catatan/ → 1 artikel
  📁 laporan/ → 7 artikel
  📁 project/ → 1 artikel
  ✅ Sitemap: 13 URLs

✅ Selesai! Total 9 halaman terbit.
   📍 https://muhdanfyan.github.io/catatan/
   📍 https://muhdanfyan.github.io/laporan/
   📍 https://muhdanfyan.github.io/project/
  ✅ Build selesai
[main ffce2bc] gardener: auto-build 2026-07-18 08:00
 1 file changed, 20 insertions(+)
  ✅ Push ke GitHub Pages selesai
[2026-07-18 08:00:04] ✅ Selesai!

[2026-07-18 08:30:01] 🌱 Memulai deploy Digital Garden...
Already up to date.
  ✅ Pull selesai
🌱 Membangun Digital Garden...

  📁 catatan/ → 1 artikel
  📁 laporan/ → 7 artikel
  📁 project/ → 1 artikel
  ✅ Sitemap: 13 URLs

✅ Selesai! Total 9 halaman terbit.
   📍 https://muhdanfyan.github.io/catatan/
   📍 https://muhdanfyan.github.io/laporan/
   📍 https://muhdanfyan.github.io/project/
  ✅ Build selesai
[main cd86cbf] gardener: auto-build 2026-07-18 08:30
 1 file changed, 20 insertions(+)
  ✅ Push ke GitHub Pages selesai
[2026-07-18 08:30:26] ✅ Selesai!

[2026-07-18 09:00:01] 🌱 Memulai deploy Digital Garden...
Already up to date.
  ✅ Pull selesai
🌱 Membangun Digital Garden...

  📁 catatan/ → 1 artikel
  📁 laporan/ → 7 artikel
  📁 project/ → 1 artikel
  ✅ Sitemap: 13 URLs

✅ Selesai! Total 9 halaman terbit.
   📍 https://muhdanfyan.github.io/catatan/
   📍 https://muhdanfyan.github.io/laporan/
   📍 https://muhdanfyan.github.io/project/
  ✅ Build selesai
[main bda3014] gardener: auto-build 2026-07-18 09:00
 1 file changed, 20 insertions(+)
  ✅ Push ke GitHub Pages selesai
[2026-07-18 09:00:04] ✅ Selesai!

[2026-07-18 09:30:01] 🌱 Memulai deploy Digital Garden...
Already up to date.
  ✅ Pull selesai
🌱 Membangun Digital Garden...

  📁 catatan/ → 1 artikel
  📁 laporan/ → 7 artikel
  📁 project/ → 1 artikel
  ✅ Sitemap: 13 URLs

✅ Selesai! Total 9 halaman terbit.
   📍 https://muhdanfyan.github.io/catatan/
   📍 https://muhdanfyan.github.io/laporan/
   📍 https://muhdanfyan.github.io/project/
  ✅ Build selesai
[main 8dba70f] gardener: auto-build 2026-07-18 09:30
 1 file changed, 20 insertions(+)
  ✅ Push ke GitHub Pages selesai
[2026-07-18 09:30:05] ✅ Selesai!

[2026-07-18 10:00:01] 🌱 Memulai deploy Digital Garden...
Already up to date.
  ✅ Pull selesai
🌱 Membangun Digital Garden...

  📁 catatan/ → 1 artikel
  📁 laporan/ → 7 artikel
  📁 project/ → 1 artikel
  ✅ Sitemap: 13 URLs

✅ Selesai! Total 9 halaman terbit.
   📍 https://muhdanfyan.github.io/catatan/
   📍 https://muhdanfyan.github.io/laporan/
   📍 https://muhdanfyan.github.io/project/
  ✅ Build selesai
[main 0457ebc] gardener: auto-build 2026-07-18 10:00
 1 file changed, 20 insertions(+)
  ✅ Push ke GitHub Pages selesai
[2026-07-18 10:00:05] ✅ Selesai!

[2026-07-18 10:30:01] 🌱 Memulai deploy Digital Garden...
Already up to date.
  ✅ Pull selesai
🌱 Membangun Digital Garden...

  📁 catatan/ → 1 artikel
  📁 laporan/ → 7 artikel
  📁 project/ → 1 artikel
  ✅ Sitemap: 13 URLs

✅ Selesai! Total 9 halaman terbit.
   📍 https://muhdanfyan.github.io/catatan/
   📍 https://muhdanfyan.github.io/laporan/
   📍 https://muhdanfyan.github.io/project/
  ✅ Build selesai
[main 8de2914] gardener: auto-build 2026-07-18 10:30
 1 file changed, 20 insertions(+)
  ✅ Push ke GitHub Pages selesai
[2026-07-18 10:30:04] ✅ Selesai!

[2026-07-18 11:00:01] 🌱 Memulai deploy Digital Garden...
Already up to date.
  ✅ Pull selesai
🌱 Membangun Digital Garden...

  📁 catatan/ → 1 artikel
  📁 laporan/ → 7 artikel
  📁 project/ → 1 artikel
  ✅ Sitemap: 13 URLs

✅ Selesai! Total 9 halaman terbit.
   📍 https://muhdanfyan.github.io/catatan/
   📍 https://muhdanfyan.github.io/laporan/
   📍 https://muhdanfyan.github.io/project/
  ✅ Build selesai
[main 7a75363] gardener: auto-build 2026-07-18 11:00
 1 file changed, 20 insertions(+)
  ✅ Push ke GitHub Pages selesai
[2026-07-18 11:00:14] ✅ Selesai!

[2026-07-18 11:30:01] 🌱 Memulai deploy Digital Garden...
Already up to date.
  ✅ Pull selesai
🌱 Membangun Digital Garden...

  📁 catatan/ → 1 artikel
  📁 laporan/ → 7 artikel
  📁 project/ → 1 artikel
  ✅ Sitemap: 13 URLs

✅ Selesai! Total 9 halaman terbit.
   📍 https://muhdanfyan.github.io/catatan/
   📍 https://muhdanfyan.github.io/laporan/
   📍 https://muhdanfyan.github.io/project/
  ✅ Build selesai
[main 32ab167] gardener: auto-build 2026-07-18 11:30
 1 file changed, 20 insertions(+)
  ✅ Push ke GitHub Pages selesai
[2026-07-18 11:30:05] ✅ Selesai!

[2026-07-18 12:00:01] 🌱 Memulai deploy Digital Garden...
Already up to date.
  ✅ Pull selesai
🌱 Membangun Digital Garden...

  📁 catatan/ → 1 artikel
  📁 laporan/ → 7 artikel
  📁 project/ → 1 artikel
  ✅ Sitemap: 13 URLs

✅ Selesai! Total 9 halaman terbit.
   📍 https://muhdanfyan.github.io/catatan/
   📍 https://muhdanfyan.github.io/laporan/
   📍 https://muhdanfyan.github.io/project/
  ✅ Build selesai
[main b39403e] gardener: auto-build 2026-07-18 12:00
 1 file changed, 20 insertions(+)
  ✅ Push ke GitHub Pages selesai
[2026-07-18 12:00:04] ✅ Selesai!

[2026-07-18 12:30:01] 🌱 Memulai deploy Digital Garden...
Already up to date.
  ✅ Pull selesai
🌱 Membangun Digital Garden...

  📁 catatan/ → 1 artikel
  📁 laporan/ → 7 artikel
  📁 project/ → 1 artikel
  ✅ Sitemap: 13 URLs

✅ Selesai! Total 9 halaman terbit.
   📍 https://muhdanfyan.github.io/catatan/
   📍 https://muhdanfyan.github.io/laporan/
   📍 https://muhdanfyan.github.io/project/
  ✅ Build selesai
[main 411312b] gardener: auto-build 2026-07-18 12:30
 1 file changed, 20 insertions(+)
  ✅ Push ke GitHub Pages selesai
[2026-07-18 12:30:03] ✅ Selesai!

[2026-07-18 13:00:01] 🌱 Memulai deploy Digital Garden...
Already up to date.
  ✅ Pull selesai
🌱 Membangun Digital Garden...

  📁 catatan/ → 1 artikel
  📁 laporan/ → 7 artikel
  📁 project/ → 1 artikel
  ✅ Sitemap: 13 URLs

✅ Selesai! Total 9 halaman terbit.
   📍 https://muhdanfyan.github.io/catatan/
   📍 https://muhdanfyan.github.io/laporan/
   📍 https://muhdanfyan.github.io/project/
  ✅ Build selesai
[main 7c27b01] gardener: auto-build 2026-07-18 13:00
 1 file changed, 20 insertions(+)
  ✅ Push ke GitHub Pages selesai
[2026-07-18 13:00:04] ✅ Selesai!

[2026-07-18 13:30:01] 🌱 Memulai deploy Digital Garden...
Already up to date.
  ✅ Pull selesai
🌱 Membangun Digital Garden...

  📁 catatan/ → 1 artikel
  📁 laporan/ → 7 artikel
  📁 project/ → 1 artikel
  ✅ Sitemap: 13 URLs

✅ Selesai! Total 9 halaman terbit.
   📍 https://muhdanfyan.github.io/catatan/
   📍 https://muhdanfyan.github.io/laporan/
   📍 https://muhdanfyan.github.io/project/
  ✅ Build selesai
[main 3d11596] gardener: auto-build 2026-07-18 13:30
 1 file changed, 20 insertions(+)
  ✅ Push ke GitHub Pages selesai
[2026-07-18 13:30:04] ✅ Selesai!

[2026-07-18 14:00:01] 🌱 Memulai deploy Digital Garden...
Already up to date.
  ✅ Pull selesai
🌱 Membangun Digital Garden...

  📁 catatan/ → 1 artikel
  📁 laporan/ → 7 artikel
  📁 project/ → 1 artikel
  ✅ Sitemap: 13 URLs

✅ Selesai! Total 9 halaman terbit.
   📍 https://muhdanfyan.github.io/catatan/
   📍 https://muhdanfyan.github.io/laporan/
   📍 https://muhdanfyan.github.io/project/
  ✅ Build selesai
[main 60137e3] gardener: auto-build 2026-07-18 14:00
 1 file changed, 20 insertions(+)
  ✅ Push ke GitHub Pages selesai
[2026-07-18 14:00:22] ✅ Selesai!

[2026-07-18 14:30:01] 🌱 Memulai deploy Digital Garden...
Already up to date.
  ✅ Pull selesai
🌱 Membangun Digital Garden...

  📁 catatan/ → 1 artikel
  📁 laporan/ → 7 artikel
  📁 project/ → 1 artikel
  ✅ Sitemap: 13 URLs

✅ Selesai! Total 9 halaman terbit.
   📍 https://muhdanfyan.github.io/catatan/
   📍 https://muhdanfyan.github.io/laporan/
   📍 https://muhdanfyan.github.io/project/
  ✅ Build selesai
[main 26379bf] gardener: auto-build 2026-07-18 14:30
 1 file changed, 20 insertions(+)
  ✅ Push ke GitHub Pages selesai
[2026-07-18 14:30:05] ✅ Selesai!

[2026-07-18 15:00:01] 🌱 Memulai deploy Digital Garden...
Already up to date.
  ✅ Pull selesai
🌱 Membangun Digital Garden...

  📁 catatan/ → 1 artikel
  📁 laporan/ → 7 artikel
  📁 project/ → 1 artikel
  ✅ Sitemap: 13 URLs

✅ Selesai! Total 9 halaman terbit.
   📍 https://muhdanfyan.github.io/catatan/
   📍 https://muhdanfyan.github.io/laporan/
   📍 https://muhdanfyan.github.io/project/
  ✅ Build selesai
[main 7fdd6b5] gardener: auto-build 2026-07-18 15:00
 1 file changed, 20 insertions(+)
  ✅ Push ke GitHub Pages selesai
[2026-07-18 15:00:05] ✅ Selesai!

[2026-07-18 15:30:01] 🌱 Memulai deploy Digital Garden...
Already up to date.
  ✅ Pull selesai
🌱 Membangun Digital Garden...

  📁 catatan/ → 1 artikel
  📁 laporan/ → 7 artikel
  📁 project/ → 1 artikel
  ✅ Sitemap: 13 URLs

✅ Selesai! Total 9 halaman terbit.
   📍 https://muhdanfyan.github.io/catatan/
   📍 https://muhdanfyan.github.io/laporan/
   📍 https://muhdanfyan.github.io/project/
  ✅ Build selesai
[main c1c20ce] gardener: auto-build 2026-07-18 15:30
 1 file changed, 20 insertions(+)
  ✅ Push ke GitHub Pages selesai
[2026-07-18 15:30:04] ✅ Selesai!

[2026-07-18 16:00:01] 🌱 Memulai deploy Digital Garden...
Already up to date.
  ✅ Pull selesai
🌱 Membangun Digital Garden...

  📁 catatan/ → 1 artikel
  📁 laporan/ → 7 artikel
  📁 project/ → 1 artikel
  ✅ Sitemap: 13 URLs

✅ Selesai! Total 9 halaman terbit.
   📍 https://muhdanfyan.github.io/catatan/
   📍 https://muhdanfyan.github.io/laporan/
   📍 https://muhdanfyan.github.io/project/
  ✅ Build selesai
[main 501c13f] gardener: auto-build 2026-07-18 16:00
 1 file changed, 20 insertions(+)
  ✅ Push ke GitHub Pages selesai
[2026-07-18 16:00:03] ✅ Selesai!

[2026-07-18 16:30:01] 🌱 Memulai deploy Digital Garden...
Already up to date.
  ✅ Pull selesai
🌱 Membangun Digital Garden...

  📁 catatan/ → 1 artikel
  📁 laporan/ → 7 artikel
  📁 project/ → 1 artikel
  ✅ Sitemap: 13 URLs

✅ Selesai! Total 9 halaman terbit.
   📍 https://muhdanfyan.github.io/catatan/
   📍 https://muhdanfyan.github.io/laporan/
   📍 https://muhdanfyan.github.io/project/
  ✅ Build selesai
[main a3322a2] gardener: auto-build 2026-07-18 16:30
 1 file changed, 20 insertions(+)
  ✅ Push ke GitHub Pages selesai
[2026-07-18 16:30:04] ✅ Selesai!

[2026-07-18 17:00:01] 🌱 Memulai deploy Digital Garden...
Already up to date.
  ✅ Pull selesai
🌱 Membangun Digital Garden...

  📁 catatan/ → 1 artikel
  📁 laporan/ → 7 artikel
  📁 project/ → 1 artikel
  ✅ Sitemap: 13 URLs

✅ Selesai! Total 9 halaman terbit.
   📍 https://muhdanfyan.github.io/catatan/
   📍 https://muhdanfyan.github.io/laporan/
   📍 https://muhdanfyan.github.io/project/
  ✅ Build selesai
[main 28e2de5] gardener: auto-build 2026-07-18 17:00
 1 file changed, 20 insertions(+)
  ✅ Push ke GitHub Pages selesai
[2026-07-18 17:00:06] ✅ Selesai!

[2026-07-18 17:30:01] 🌱 Memulai deploy Digital Garden...
Already up to date.
  ✅ Pull selesai
🌱 Membangun Digital Garden...

  📁 catatan/ → 1 artikel
  📁 laporan/ → 7 artikel
  📁 project/ → 1 artikel
  ✅ Sitemap: 13 URLs

✅ Selesai! Total 9 halaman terbit.
   📍 https://muhdanfyan.github.io/catatan/
   📍 https://muhdanfyan.github.io/laporan/
   📍 https://muhdanfyan.github.io/project/
  ✅ Build selesai
[main c2d28c6] gardener: auto-build 2026-07-18 17:30
 1 file changed, 20 insertions(+)
  ✅ Push ke GitHub Pages selesai
[2026-07-18 17:30:05] ✅ Selesai!

[2026-07-18 18:00:01] 🌱 Memulai deploy Digital Garden...
Already up to date.
  ✅ Pull selesai
🌱 Membangun Digital Garden...

  📁 catatan/ → 1 artikel
  📁 laporan/ → 7 artikel
  📁 project/ → 1 artikel
  ✅ Sitemap: 13 URLs

✅ Selesai! Total 9 halaman terbit.
   📍 https://muhdanfyan.github.io/catatan/
   📍 https://muhdanfyan.github.io/laporan/
   📍 https://muhdanfyan.github.io/project/
  ✅ Build selesai
[main 11ba7e2] gardener: auto-build 2026-07-18 18:00
 1 file changed, 20 insertions(+)
  ✅ Push ke GitHub Pages selesai
[2026-07-18 18:00:05] ✅ Selesai!

[2026-07-18 18:30:01] 🌱 Memulai deploy Digital Garden...
Already up to date.
  ✅ Pull selesai
🌱 Membangun Digital Garden...

  📁 catatan/ → 1 artikel
  📁 laporan/ → 7 artikel
  📁 project/ → 1 artikel
  ✅ Sitemap: 13 URLs

✅ Selesai! Total 9 halaman terbit.
   📍 https://muhdanfyan.github.io/catatan/
   📍 https://muhdanfyan.github.io/laporan/
   📍 https://muhdanfyan.github.io/project/
  ✅ Build selesai
[main 95eb401] gardener: auto-build 2026-07-18 18:30
 1 file changed, 20 insertions(+)
  ✅ Push ke GitHub Pages selesai
[2026-07-18 18:30:04] ✅ Selesai!

[2026-07-18 19:00:01] 🌱 Memulai deploy Digital Garden...
Already up to date.
  ✅ Pull selesai
🌱 Membangun Digital Garden...

  📁 catatan/ → 1 artikel
  📁 laporan/ → 7 artikel
  📁 project/ → 1 artikel
  ✅ Sitemap: 13 URLs

✅ Selesai! Total 9 halaman terbit.
   📍 https://muhdanfyan.github.io/catatan/
   📍 https://muhdanfyan.github.io/laporan/
   📍 https://muhdanfyan.github.io/project/
  ✅ Build selesai
[main 2086b75] gardener: auto-build 2026-07-18 19:00
 1 file changed, 20 insertions(+)
  ✅ Push ke GitHub Pages selesai
[2026-07-18 19:00:05] ✅ Selesai!

[2026-07-18 19:30:01] 🌱 Memulai deploy Digital Garden...
Already up to date.
  ✅ Pull selesai
🌱 Membangun Digital Garden...

  📁 catatan/ → 1 artikel
  📁 laporan/ → 7 artikel
  📁 project/ → 1 artikel
  ✅ Sitemap: 13 URLs

✅ Selesai! Total 9 halaman terbit.
   📍 https://muhdanfyan.github.io/catatan/
   📍 https://muhdanfyan.github.io/laporan/
   📍 https://muhdanfyan.github.io/project/
  ✅ Build selesai
[main 6359bbe] gardener: auto-build 2026-07-18 19:30
 1 file changed, 20 insertions(+)
  ✅ Push ke GitHub Pages selesai
[2026-07-18 19:30:08] ✅ Selesai!

[2026-07-18 20:00:01] 🌱 Memulai deploy Digital Garden...
Already up to date.
  ✅ Pull selesai
🌱 Membangun Digital Garden...

  📁 catatan/ → 1 artikel
  📁 laporan/ → 7 artikel
  📁 project/ → 1 artikel
  ✅ Sitemap: 13 URLs

✅ Selesai! Total 9 halaman terbit.
   📍 https://muhdanfyan.github.io/catatan/
   📍 https://muhdanfyan.github.io/laporan/
   📍 https://muhdanfyan.github.io/project/
  ✅ Build selesai
[main dfd1797] gardener: auto-build 2026-07-18 20:00
 1 file changed, 20 insertions(+)
  ✅ Push ke GitHub Pages selesai
[2026-07-18 20:00:06] ✅ Selesai!

[2026-07-18 20:30:01] 🌱 Memulai deploy Digital Garden...
Already up to date.
  ✅ Pull selesai
🌱 Membangun Digital Garden...

  📁 catatan/ → 1 artikel
  📁 laporan/ → 7 artikel
  📁 project/ → 1 artikel
  ✅ Sitemap: 13 URLs

✅ Selesai! Total 9 halaman terbit.
   📍 https://muhdanfyan.github.io/catatan/
   📍 https://muhdanfyan.github.io/laporan/
   📍 https://muhdanfyan.github.io/project/
  ✅ Build selesai
[main c277cc4] gardener: auto-build 2026-07-18 20:30
 1 file changed, 20 insertions(+)
  ✅ Push ke GitHub Pages selesai
[2026-07-18 20:30:04] ✅ Selesai!

[2026-07-18 21:00:01] 🌱 Memulai deploy Digital Garden...
Already up to date.
  ✅ Pull selesai
🌱 Membangun Digital Garden...

  📁 catatan/ → 1 artikel
  📁 laporan/ → 7 artikel
  📁 project/ → 1 artikel
  ✅ Sitemap: 13 URLs

✅ Selesai! Total 9 halaman terbit.
   📍 https://muhdanfyan.github.io/catatan/
   📍 https://muhdanfyan.github.io/laporan/
   📍 https://muhdanfyan.github.io/project/
  ✅ Build selesai
[main 09a0a78] gardener: auto-build 2026-07-18 21:00
 1 file changed, 20 insertions(+)
  ✅ Push ke GitHub Pages selesai
[2026-07-18 21:00:04] ✅ Selesai!

[2026-07-18 21:30:01] 🌱 Memulai deploy Digital Garden...
Already up to date.
  ✅ Pull selesai
🌱 Membangun Digital Garden...

  📁 catatan/ → 1 artikel
  📁 laporan/ → 7 artikel
  📁 project/ → 1 artikel
  ✅ Sitemap: 13 URLs

✅ Selesai! Total 9 halaman terbit.
   📍 https://muhdanfyan.github.io/catatan/
   📍 https://muhdanfyan.github.io/laporan/
   📍 https://muhdanfyan.github.io/project/
  ✅ Build selesai
[main 8dbd886] gardener: auto-build 2026-07-18 21:30
 1 file changed, 20 insertions(+)
  ✅ Push ke GitHub Pages selesai
[2026-07-18 21:30:04] ✅ Selesai!

[2026-07-18 22:00:01] 🌱 Memulai deploy Digital Garden...
Already up to date.
  ✅ Pull selesai
🌱 Membangun Digital Garden...

  📁 catatan/ → 1 artikel
  📁 laporan/ → 7 artikel
  📁 project/ → 1 artikel
  ✅ Sitemap: 13 URLs

✅ Selesai! Total 9 halaman terbit.
   📍 https://muhdanfyan.github.io/catatan/
   📍 https://muhdanfyan.github.io/laporan/
   📍 https://muhdanfyan.github.io/project/
  ✅ Build selesai
[main 89089c3] gardener: auto-build 2026-07-18 22:00
 1 file changed, 20 insertions(+)
  ✅ Push ke GitHub Pages selesai
[2026-07-18 22:00:04] ✅ Selesai!

[2026-07-18 22:30:01] 🌱 Memulai deploy Digital Garden...
Already up to date.
  ✅ Pull selesai
🌱 Membangun Digital Garden...

  📁 catatan/ → 1 artikel
  📁 laporan/ → 7 artikel
  📁 project/ → 1 artikel
  ✅ Sitemap: 13 URLs

✅ Selesai! Total 9 halaman terbit.
   📍 https://muhdanfyan.github.io/catatan/
   📍 https://muhdanfyan.github.io/laporan/
   📍 https://muhdanfyan.github.io/project/
  ✅ Build selesai
[main dc957b0] gardener: auto-build 2026-07-18 22:30
 1 file changed, 20 insertions(+)
  ✅ Push ke GitHub Pages selesai
[2026-07-18 22:30:05] ✅ Selesai!

[2026-07-18 23:00:01] 🌱 Memulai deploy Digital Garden...
Already up to date.
  ✅ Pull selesai
🌱 Membangun Digital Garden...

  📁 catatan/ → 1 artikel
  📁 laporan/ → 7 artikel
  📁 project/ → 1 artikel
  ✅ Sitemap: 13 URLs

✅ Selesai! Total 9 halaman terbit.
   📍 https://muhdanfyan.github.io/catatan/
   📍 https://muhdanfyan.github.io/laporan/
   📍 https://muhdanfyan.github.io/project/
  ✅ Build selesai
[main a9bc70c] gardener: auto-build 2026-07-18 23:00
 1 file changed, 20 insertions(+)
  ✅ Push ke GitHub Pages selesai
[2026-07-18 23:00:04] ✅ Selesai!

[2026-07-18 23:30:01] 🌱 Memulai deploy Digital Garden...
Already up to date.
  ✅ Pull selesai
🌱 Membangun Digital Garden...

  📁 catatan/ → 1 artikel
  📁 laporan/ → 7 artikel
  📁 project/ → 1 artikel
  ✅ Sitemap: 13 URLs

✅ Selesai! Total 9 halaman terbit.
   📍 https://muhdanfyan.github.io/catatan/
   📍 https://muhdanfyan.github.io/laporan/
   📍 https://muhdanfyan.github.io/project/
  ✅ Build selesai
[main c23a87a] gardener: auto-build 2026-07-18 23:30
 1 file changed, 20 insertions(+)
  ✅ Push ke GitHub Pages selesai
[2026-07-18 23:30:08] ✅ Selesai!

[2026-07-19 00:00:01] 🌱 Memulai deploy Digital Garden...
Already up to date.
  ✅ Pull selesai
🌱 Membangun Digital Garden...

  📁 catatan/ → 1 artikel
  📁 laporan/ → 7 artikel
  📁 project/ → 1 artikel
  ✅ Sitemap: 13 URLs

✅ Selesai! Total 9 halaman terbit.
   📍 https://muhdanfyan.github.io/catatan/
   📍 https://muhdanfyan.github.io/laporan/
   📍 https://muhdanfyan.github.io/project/
  ✅ Build selesai
[main 00837b0] gardener: auto-build 2026-07-19 00:00
 1 file changed, 20 insertions(+)
  ✅ Push ke GitHub Pages selesai
[2026-07-19 00:00:05] ✅ Selesai!

[2026-07-19 00:30:01] 🌱 Memulai deploy Digital Garden...
Already up to date.
  ✅ Pull selesai
🌱 Membangun Digital Garden...

  📁 catatan/ → 1 artikel
  📁 laporan/ → 7 artikel
  📁 project/ → 1 artikel
  ✅ Sitemap: 13 URLs

✅ Selesai! Total 9 halaman terbit.
   📍 https://muhdanfyan.github.io/catatan/
   📍 https://muhdanfyan.github.io/laporan/
   📍 https://muhdanfyan.github.io/project/
  ✅ Build selesai
[main 05217f2] gardener: auto-build 2026-07-19 00:30
 1 file changed, 20 insertions(+)
  ✅ Push ke GitHub Pages selesai
[2026-07-19 00:30:05] ✅ Selesai!

[2026-07-19 01:00:01] 🌱 Memulai deploy Digital Garden...
Already up to date.
  ✅ Pull selesai
🌱 Membangun Digital Garden...

  📁 catatan/ → 1 artikel
  📁 laporan/ → 7 artikel
  📁 project/ → 1 artikel
  ✅ Sitemap: 13 URLs

✅ Selesai! Total 9 halaman terbit.
   📍 https://muhdanfyan.github.io/catatan/
   📍 https://muhdanfyan.github.io/laporan/
   📍 https://muhdanfyan.github.io/project/
  ✅ Build selesai
[main 06e4e1b] gardener: auto-build 2026-07-19 01:00
 1 file changed, 20 insertions(+)
  ✅ Push ke GitHub Pages selesai
[2026-07-19 01:00:13] ✅ Selesai!

[2026-07-19 01:30:01] 🌱 Memulai deploy Digital Garden...
Already up to date.
  ✅ Pull selesai
🌱 Membangun Digital Garden...

  📁 catatan/ → 1 artikel
  📁 laporan/ → 7 artikel
  📁 project/ → 1 artikel
  ✅ Sitemap: 13 URLs

✅ Selesai! Total 9 halaman terbit.
   📍 https://muhdanfyan.github.io/catatan/
   📍 https://muhdanfyan.github.io/laporan/
   📍 https://muhdanfyan.github.io/project/
  ✅ Build selesai
[main d67a98d] gardener: auto-build 2026-07-19 01:30
 1 file changed, 20 insertions(+)
  ✅ Push ke GitHub Pages selesai
[2026-07-19 01:30:04] ✅ Selesai!

[2026-07-19 02:00:01] 🌱 Memulai deploy Digital Garden...
Already up to date.
  ✅ Pull selesai
🌱 Membangun Digital Garden...

  📁 catatan/ → 1 artikel
  📁 laporan/ → 7 artikel
  📁 project/ → 1 artikel
  ✅ Sitemap: 13 URLs

✅ Selesai! Total 9 halaman terbit.
   📍 https://muhdanfyan.github.io/catatan/
   📍 https://muhdanfyan.github.io/laporan/
   📍 https://muhdanfyan.github.io/project/
  ✅ Build selesai
[main eca5bd8] gardener: auto-build 2026-07-19 02:00
 1 file changed, 20 insertions(+)
  ✅ Push ke GitHub Pages selesai
[2026-07-19 02:00:05] ✅ Selesai!

[2026-07-19 02:30:01] 🌱 Memulai deploy Digital Garden...
Already up to date.
  ✅ Pull selesai
🌱 Membangun Digital Garden...

  📁 catatan/ → 1 artikel
  📁 laporan/ → 7 artikel
  📁 project/ → 1 artikel
  ✅ Sitemap: 13 URLs

✅ Selesai! Total 9 halaman terbit.
   📍 https://muhdanfyan.github.io/catatan/
   📍 https://muhdanfyan.github.io/laporan/
   📍 https://muhdanfyan.github.io/project/
  ✅ Build selesai
[main c6adea6] gardener: auto-build 2026-07-19 02:30
 1 file changed, 20 insertions(+)
  ✅ Push ke GitHub Pages selesai
[2026-07-19 02:30:04] ✅ Selesai!

[2026-07-19 03:00:01] 🌱 Memulai deploy Digital Garden...
Already up to date.
  ✅ Pull selesai
🌱 Membangun Digital Garden...

  📁 catatan/ → 1 artikel
  📁 laporan/ → 7 artikel
  📁 project/ → 1 artikel
  ✅ Sitemap: 13 URLs

✅ Selesai! Total 9 halaman terbit.
   📍 https://muhdanfyan.github.io/catatan/
   📍 https://muhdanfyan.github.io/laporan/
   📍 https://muhdanfyan.github.io/project/
  ✅ Build selesai
[main 4b50253] gardener: auto-build 2026-07-19 03:00
 1 file changed, 20 insertions(+)
  ✅ Push ke GitHub Pages selesai
[2026-07-19 03:00:05] ✅ Selesai!

[2026-07-19 03:30:01] 🌱 Memulai deploy Digital Garden...
Already up to date.
  ✅ Pull selesai
🌱 Membangun Digital Garden...

  📁 catatan/ → 1 artikel
  📁 laporan/ → 7 artikel
  📁 project/ → 1 artikel
  ✅ Sitemap: 13 URLs

✅ Selesai! Total 9 halaman terbit.
   📍 https://muhdanfyan.github.io/catatan/
   📍 https://muhdanfyan.github.io/laporan/
   📍 https://muhdanfyan.github.io/project/
  ✅ Build selesai
[main fe93d79] gardener: auto-build 2026-07-19 03:30
 1 file changed, 20 insertions(+)
  ✅ Push ke GitHub Pages selesai
[2026-07-19 03:30:04] ✅ Selesai!

[2026-07-19 04:00:01] 🌱 Memulai deploy Digital Garden...
Already up to date.
  ✅ Pull selesai
🌱 Membangun Digital Garden...

  📁 catatan/ → 1 artikel
  📁 laporan/ → 7 artikel
  📁 project/ → 1 artikel
  ✅ Sitemap: 13 URLs

✅ Selesai! Total 9 halaman terbit.
   📍 https://muhdanfyan.github.io/catatan/
   📍 https://muhdanfyan.github.io/laporan/
   📍 https://muhdanfyan.github.io/project/
  ✅ Build selesai
[main d2b0d8b] gardener: auto-build 2026-07-19 04:00
 1 file changed, 20 insertions(+)
  ✅ Push ke GitHub Pages selesai
[2026-07-19 04:00:04] ✅ Selesai!

[2026-07-19 04:30:01] 🌱 Memulai deploy Digital Garden...
Already up to date.
  ✅ Pull selesai
🌱 Membangun Digital Garden...

  📁 catatan/ → 1 artikel
  📁 laporan/ → 7 artikel
  📁 project/ → 1 artikel
  ✅ Sitemap: 13 URLs

✅ Selesai! Total 9 halaman terbit.
   📍 https://muhdanfyan.github.io/catatan/
   📍 https://muhdanfyan.github.io/laporan/
   📍 https://muhdanfyan.github.io/project/
  ✅ Build selesai
[main 54d1f72] gardener: auto-build 2026-07-19 04:30
 1 file changed, 20 insertions(+)
  ✅ Push ke GitHub Pages selesai
[2026-07-19 04:30:04] ✅ Selesai!

[2026-07-19 05:00:01] 🌱 Memulai deploy Digital Garden...
Already up to date.
  ✅ Pull selesai
🌱 Membangun Digital Garden...

  📁 catatan/ → 1 artikel
  📁 laporan/ → 7 artikel
  📁 project/ → 1 artikel
  ✅ Sitemap: 13 URLs

✅ Selesai! Total 9 halaman terbit.
   📍 https://muhdanfyan.github.io/catatan/
   📍 https://muhdanfyan.github.io/laporan/
   📍 https://muhdanfyan.github.io/project/
  ✅ Build selesai
[main 49e6df2] gardener: auto-build 2026-07-19 05:00
 1 file changed, 20 insertions(+)
  ✅ Push ke GitHub Pages selesai
[2026-07-19 05:00:04] ✅ Selesai!

[2026-07-19 05:30:01] 🌱 Memulai deploy Digital Garden...
Already up to date.
  ✅ Pull selesai
🌱 Membangun Digital Garden...

  📁 catatan/ → 1 artikel
  📁 laporan/ → 7 artikel
  📁 project/ → 1 artikel
  ✅ Sitemap: 13 URLs

✅ Selesai! Total 9 halaman terbit.
   📍 https://muhdanfyan.github.io/catatan/
   📍 https://muhdanfyan.github.io/laporan/
   📍 https://muhdanfyan.github.io/project/
  ✅ Build selesai
[main 977d9dd] gardener: auto-build 2026-07-19 05:30
 1 file changed, 20 insertions(+)
  ✅ Push ke GitHub Pages selesai
[2026-07-19 05:30:04] ✅ Selesai!

[2026-07-19 06:00:01] 🌱 Memulai deploy Digital Garden...
Already up to date.
  ✅ Pull selesai
🌱 Membangun Digital Garden...

  📁 catatan/ → 1 artikel
  📁 laporan/ → 7 artikel
  📁 project/ → 1 artikel
  ✅ Sitemap: 13 URLs

✅ Selesai! Total 9 halaman terbit.
   📍 https://muhdanfyan.github.io/catatan/
   📍 https://muhdanfyan.github.io/laporan/
   📍 https://muhdanfyan.github.io/project/
  ✅ Build selesai
[main ad3a65a] gardener: auto-build 2026-07-19 06:00
 1 file changed, 20 insertions(+)
  ✅ Push ke GitHub Pages selesai
[2026-07-19 06:00:05] ✅ Selesai!

[2026-07-19 06:30:01] 🌱 Memulai deploy Digital Garden...
Already up to date.
  ✅ Pull selesai
🌱 Membangun Digital Garden...

  📁 catatan/ → 1 artikel
  📁 laporan/ → 7 artikel
  📁 project/ → 1 artikel
  ✅ Sitemap: 13 URLs

✅ Selesai! Total 9 halaman terbit.
   📍 https://muhdanfyan.github.io/catatan/
   📍 https://muhdanfyan.github.io/laporan/
   📍 https://muhdanfyan.github.io/project/
  ✅ Build selesai
[main 70b13dd] gardener: auto-build 2026-07-19 06:30
 1 file changed, 20 insertions(+)
  ✅ Push ke GitHub Pages selesai
[2026-07-19 06:30:04] ✅ Selesai!

[2026-07-19 07:00:01] 🌱 Memulai deploy Digital Garden...
Already up to date.
  ✅ Pull selesai
🌱 Membangun Digital Garden...

  📁 catatan/ → 1 artikel
  📁 laporan/ → 7 artikel
  📁 project/ → 1 artikel
  ✅ Sitemap: 13 URLs

✅ Selesai! Total 9 halaman terbit.
   📍 https://muhdanfyan.github.io/catatan/
   📍 https://muhdanfyan.github.io/laporan/
   📍 https://muhdanfyan.github.io/project/
  ✅ Build selesai
[main ba901ee] gardener: auto-build 2026-07-19 07:00
 1 file changed, 20 insertions(+)
  ✅ Push ke GitHub Pages selesai
[2026-07-19 07:00:05] ✅ Selesai!

[2026-07-19 07:30:01] 🌱 Memulai deploy Digital Garden...
Already up to date.
  ✅ Pull selesai
🌱 Membangun Digital Garden...

  📁 catatan/ → 1 artikel
  📁 laporan/ → 7 artikel
  📁 project/ → 1 artikel
  ✅ Sitemap: 13 URLs

✅ Selesai! Total 9 halaman terbit.
   📍 https://muhdanfyan.github.io/catatan/
   📍 https://muhdanfyan.github.io/laporan/
   📍 https://muhdanfyan.github.io/project/
  ✅ Build selesai
[main e0eb801] gardener: auto-build 2026-07-19 07:30
 1 file changed, 20 insertions(+)
  ✅ Push ke GitHub Pages selesai
[2026-07-19 07:30:04] ✅ Selesai!

[2026-07-19 08:00:01] 🌱 Memulai deploy Digital Garden...
Already up to date.
  ✅ Pull selesai
🌱 Membangun Digital Garden...

  📁 catatan/ → 1 artikel
  📁 laporan/ → 7 artikel
  📁 project/ → 1 artikel
  ✅ Sitemap: 13 URLs

✅ Selesai! Total 9 halaman terbit.
   📍 https://muhdanfyan.github.io/catatan/
   📍 https://muhdanfyan.github.io/laporan/
   📍 https://muhdanfyan.github.io/project/
  ✅ Build selesai
[main 19150cb] gardener: auto-build 2026-07-19 08:00
 1 file changed, 20 insertions(+)
  ✅ Push ke GitHub Pages selesai
[2026-07-19 08:00:05] ✅ Selesai!

[2026-07-19 08:30:01] 🌱 Memulai deploy Digital Garden...
Already up to date.
  ✅ Pull selesai
🌱 Membangun Digital Garden...

  📁 catatan/ → 1 artikel
  📁 laporan/ → 7 artikel
  📁 project/ → 1 artikel
  ✅ Sitemap: 13 URLs

✅ Selesai! Total 9 halaman terbit.
   📍 https://muhdanfyan.github.io/catatan/
   📍 https://muhdanfyan.github.io/laporan/
   📍 https://muhdanfyan.github.io/project/
  ✅ Build selesai
[main 5c4fc76] gardener: auto-build 2026-07-19 08:30
 1 file changed, 20 insertions(+)
  ✅ Push ke GitHub Pages selesai
[2026-07-19 08:30:04] ✅ Selesai!

[2026-07-19 09:00:01] 🌱 Memulai deploy Digital Garden...
Already up to date.
  ✅ Pull selesai
🌱 Membangun Digital Garden...

  📁 catatan/ → 1 artikel
  📁 laporan/ → 7 artikel
  📁 project/ → 1 artikel
  ✅ Sitemap: 13 URLs

✅ Selesai! Total 9 halaman terbit.
   📍 https://muhdanfyan.github.io/catatan/
   📍 https://muhdanfyan.github.io/laporan/
   📍 https://muhdanfyan.github.io/project/
  ✅ Build selesai
[main 0912edf] gardener: auto-build 2026-07-19 09:00
 1 file changed, 20 insertions(+)
  ✅ Push ke GitHub Pages selesai
[2026-07-19 09:00:04] ✅ Selesai!

[2026-07-19 09:30:01] 🌱 Memulai deploy Digital Garden...
Already up to date.
  ✅ Pull selesai
🌱 Membangun Digital Garden...

  📁 catatan/ → 1 artikel
  📁 laporan/ → 7 artikel
  📁 project/ → 1 artikel
  ✅ Sitemap: 13 URLs

✅ Selesai! Total 9 halaman terbit.
   📍 https://muhdanfyan.github.io/catatan/
   📍 https://muhdanfyan.github.io/laporan/
   📍 https://muhdanfyan.github.io/project/
  ✅ Build selesai
[main 760e22c] gardener: auto-build 2026-07-19 09:30
 1 file changed, 20 insertions(+)
  ✅ Push ke GitHub Pages selesai
[2026-07-19 09:30:04] ✅ Selesai!

[2026-07-19 10:00:02] 🌱 Memulai deploy Digital Garden...
Already up to date.
  ✅ Pull selesai
🌱 Membangun Digital Garden...

  📁 catatan/ → 1 artikel
  📁 laporan/ → 7 artikel
  📁 project/ → 1 artikel
  ✅ Sitemap: 13 URLs

✅ Selesai! Total 9 halaman terbit.
   📍 https://muhdanfyan.github.io/catatan/
   📍 https://muhdanfyan.github.io/laporan/
   📍 https://muhdanfyan.github.io/project/
  ✅ Build selesai
[main 9ede0fc] gardener: auto-build 2026-07-19 10:00
 1 file changed, 20 insertions(+)
  ✅ Push ke GitHub Pages selesai
[2026-07-19 10:00:05] ✅ Selesai!

[2026-07-19 10:30:01] 🌱 Memulai deploy Digital Garden...
Already up to date.
  ✅ Pull selesai
🌱 Membangun Digital Garden...

  📁 catatan/ → 1 artikel
  📁 laporan/ → 7 artikel
  📁 project/ → 1 artikel
  ✅ Sitemap: 13 URLs

✅ Selesai! Total 9 halaman terbit.
   📍 https://muhdanfyan.github.io/catatan/
   📍 https://muhdanfyan.github.io/laporan/
   📍 https://muhdanfyan.github.io/project/
  ✅ Build selesai
[main b14c498] gardener: auto-build 2026-07-19 10:30
 1 file changed, 20 insertions(+)
  ✅ Push ke GitHub Pages selesai
[2026-07-19 10:30:04] ✅ Selesai!

[2026-07-19 11:00:01] 🌱 Memulai deploy Digital Garden...
Already up to date.
  ✅ Pull selesai
🌱 Membangun Digital Garden...

  📁 catatan/ → 1 artikel
  📁 laporan/ → 7 artikel
  📁 project/ → 1 artikel
  ✅ Sitemap: 13 URLs

✅ Selesai! Total 9 halaman terbit.
   📍 https://muhdanfyan.github.io/catatan/
   📍 https://muhdanfyan.github.io/laporan/
   📍 https://muhdanfyan.github.io/project/
  ✅ Build selesai
[main fc27f6a] gardener: auto-build 2026-07-19 11:00
 1 file changed, 20 insertions(+)
  ✅ Push ke GitHub Pages selesai
[2026-07-19 11:00:04] ✅ Selesai!

[2026-07-19 11:30:01] 🌱 Memulai deploy Digital Garden...
Already up to date.
  ✅ Pull selesai
🌱 Membangun Digital Garden...

  📁 catatan/ → 1 artikel
  📁 laporan/ → 7 artikel
  📁 project/ → 1 artikel
  ✅ Sitemap: 13 URLs

✅ Selesai! Total 9 halaman terbit.
   📍 https://muhdanfyan.github.io/catatan/
   📍 https://muhdanfyan.github.io/laporan/
   📍 https://muhdanfyan.github.io/project/
  ✅ Build selesai
[main 55c7b7f] gardener: auto-build 2026-07-19 11:30
 1 file changed, 20 insertions(+)
  ✅ Push ke GitHub Pages selesai
[2026-07-19 11:30:04] ✅ Selesai!

[2026-07-19 12:00:01] 🌱 Memulai deploy Digital Garden...
Already up to date.
  ✅ Pull selesai
🌱 Membangun Digital Garden...

  📁 catatan/ → 1 artikel
  📁 laporan/ → 7 artikel
  📁 project/ → 1 artikel
  ✅ Sitemap: 13 URLs

✅ Selesai! Total 9 halaman terbit.
   📍 https://muhdanfyan.github.io/catatan/
   📍 https://muhdanfyan.github.io/laporan/
   📍 https://muhdanfyan.github.io/project/
  ✅ Build selesai
[main 026db81] gardener: auto-build 2026-07-19 12:00
 1 file changed, 20 insertions(+)
  ✅ Push ke GitHub Pages selesai
[2026-07-19 12:00:15] ✅ Selesai!

[2026-07-19 12:30:01] 🌱 Memulai deploy Digital Garden...
Already up to date.
  ✅ Pull selesai
🌱 Membangun Digital Garden...

  📁 catatan/ → 1 artikel
  📁 laporan/ → 7 artikel
  📁 project/ → 1 artikel
  ✅ Sitemap: 13 URLs

✅ Selesai! Total 9 halaman terbit.
   📍 https://muhdanfyan.github.io/catatan/
   📍 https://muhdanfyan.github.io/laporan/
   📍 https://muhdanfyan.github.io/project/
  ✅ Build selesai
[main 4fde145] gardener: auto-build 2026-07-19 12:30
 1 file changed, 20 insertions(+)
  ✅ Push ke GitHub Pages selesai
[2026-07-19 12:30:04] ✅ Selesai!

[2026-07-19 13:00:01] 🌱 Memulai deploy Digital Garden...
Already up to date.
  ✅ Pull selesai
🌱 Membangun Digital Garden...

  📁 catatan/ → 1 artikel
  📁 laporan/ → 7 artikel
  📁 project/ → 1 artikel
  ✅ Sitemap: 13 URLs

✅ Selesai! Total 9 halaman terbit.
   📍 https://muhdanfyan.github.io/catatan/
   📍 https://muhdanfyan.github.io/laporan/
   📍 https://muhdanfyan.github.io/project/
  ✅ Build selesai
[main e8f559e] gardener: auto-build 2026-07-19 13:00
 1 file changed, 20 insertions(+)
  ✅ Push ke GitHub Pages selesai
[2026-07-19 13:00:04] ✅ Selesai!

[2026-07-19 13:30:01] 🌱 Memulai deploy Digital Garden...
Already up to date.
  ✅ Pull selesai
🌱 Membangun Digital Garden...

  📁 catatan/ → 1 artikel
  📁 laporan/ → 7 artikel
  📁 project/ → 1 artikel
  ✅ Sitemap: 13 URLs

✅ Selesai! Total 9 halaman terbit.
   📍 https://muhdanfyan.github.io/catatan/
   📍 https://muhdanfyan.github.io/laporan/
   📍 https://muhdanfyan.github.io/project/
  ✅ Build selesai
[main 2f2e4cb] gardener: auto-build 2026-07-19 13:30
 1 file changed, 20 insertions(+)
  ✅ Push ke GitHub Pages selesai
[2026-07-19 13:30:05] ✅ Selesai!

[2026-07-19 14:00:01] 🌱 Memulai deploy Digital Garden...
Already up to date.
  ✅ Pull selesai
🌱 Membangun Digital Garden...

  📁 catatan/ → 1 artikel
  📁 laporan/ → 7 artikel
  📁 project/ → 1 artikel
  ✅ Sitemap: 13 URLs

✅ Selesai! Total 9 halaman terbit.
   📍 https://muhdanfyan.github.io/catatan/
   📍 https://muhdanfyan.github.io/laporan/
   📍 https://muhdanfyan.github.io/project/
  ✅ Build selesai
[main a7fa041] gardener: auto-build 2026-07-19 14:00
 1 file changed, 20 insertions(+)
  ✅ Push ke GitHub Pages selesai
[2026-07-19 14:00:05] ✅ Selesai!

[2026-07-19 14:30:01] 🌱 Memulai deploy Digital Garden...
Already up to date.
  ✅ Pull selesai
🌱 Membangun Digital Garden...

  📁 catatan/ → 1 artikel
  📁 laporan/ → 7 artikel
  📁 project/ → 1 artikel
  ✅ Sitemap: 13 URLs

✅ Selesai! Total 9 halaman terbit.
   📍 https://muhdanfyan.github.io/catatan/
   📍 https://muhdanfyan.github.io/laporan/
   📍 https://muhdanfyan.github.io/project/
  ✅ Build selesai
[main 7e68d30] gardener: auto-build 2026-07-19 14:30
 1 file changed, 20 insertions(+)
  ✅ Push ke GitHub Pages selesai
[2026-07-19 14:30:04] ✅ Selesai!

[2026-07-19 15:00:01] 🌱 Memulai deploy Digital Garden...
Already up to date.
  ✅ Pull selesai
🌱 Membangun Digital Garden...

  📁 catatan/ → 1 artikel
  📁 laporan/ → 7 artikel
  📁 project/ → 1 artikel
  ✅ Sitemap: 13 URLs

✅ Selesai! Total 9 halaman terbit.
   📍 https://muhdanfyan.github.io/catatan/
   📍 https://muhdanfyan.github.io/laporan/
   📍 https://muhdanfyan.github.io/project/
  ✅ Build selesai
[main 4a7e7cb] gardener: auto-build 2026-07-19 15:00
 1 file changed, 20 insertions(+)
  ✅ Push ke GitHub Pages selesai
[2026-07-19 15:00:06] ✅ Selesai!

[2026-07-19 15:30:01] 🌱 Memulai deploy Digital Garden...
Already up to date.
  ✅ Pull selesai
🌱 Membangun Digital Garden...

  📁 catatan/ → 1 artikel
  📁 laporan/ → 7 artikel
  📁 project/ → 1 artikel
  ✅ Sitemap: 13 URLs

✅ Selesai! Total 9 halaman terbit.
   📍 https://muhdanfyan.github.io/catatan/
   📍 https://muhdanfyan.github.io/laporan/
   📍 https://muhdanfyan.github.io/project/
  ✅ Build selesai
[main 1ff9a0a] gardener: auto-build 2026-07-19 15:30
 1 file changed, 20 insertions(+)
  ✅ Push ke GitHub Pages selesai
[2026-07-19 15:30:05] ✅ Selesai!

[2026-07-19 16:00:01] 🌱 Memulai deploy Digital Garden...
Already up to date.
  ✅ Pull selesai
🌱 Membangun Digital Garden...

  📁 catatan/ → 1 artikel
  📁 laporan/ → 7 artikel
  📁 project/ → 1 artikel
  ✅ Sitemap: 13 URLs

✅ Selesai! Total 9 halaman terbit.
   📍 https://muhdanfyan.github.io/catatan/
   📍 https://muhdanfyan.github.io/laporan/
   📍 https://muhdanfyan.github.io/project/
  ✅ Build selesai
[main ad2c6ae] gardener: auto-build 2026-07-19 16:00
 1 file changed, 20 insertions(+)
  ✅ Push ke GitHub Pages selesai
[2026-07-19 16:00:05] ✅ Selesai!

[2026-07-19 16:30:01] 🌱 Memulai deploy Digital Garden...
Already up to date.
  ✅ Pull selesai
🌱 Membangun Digital Garden...

  📁 catatan/ → 1 artikel
  📁 laporan/ → 7 artikel
  📁 project/ → 1 artikel
  ✅ Sitemap: 13 URLs

✅ Selesai! Total 9 halaman terbit.
   📍 https://muhdanfyan.github.io/catatan/
   📍 https://muhdanfyan.github.io/laporan/
   📍 https://muhdanfyan.github.io/project/
  ✅ Build selesai
[main 4db5d03] gardener: auto-build 2026-07-19 16:30
 1 file changed, 20 insertions(+)
  ✅ Push ke GitHub Pages selesai
[2026-07-19 16:30:05] ✅ Selesai!

[2026-07-19 17:00:01] 🌱 Memulai deploy Digital Garden...
Already up to date.
  ✅ Pull selesai
🌱 Membangun Digital Garden...

  📁 catatan/ → 1 artikel
  📁 laporan/ → 7 artikel
  📁 project/ → 1 artikel
  ✅ Sitemap: 13 URLs

✅ Selesai! Total 9 halaman terbit.
   📍 https://muhdanfyan.github.io/catatan/
   📍 https://muhdanfyan.github.io/laporan/
   📍 https://muhdanfyan.github.io/project/
  ✅ Build selesai
[main 7ad14b1] gardener: auto-build 2026-07-19 17:00
 1 file changed, 20 insertions(+)
  ✅ Push ke GitHub Pages selesai
[2026-07-19 17:00:04] ✅ Selesai!

[2026-07-19 17:30:01] 🌱 Memulai deploy Digital Garden...
Already up to date.
  ✅ Pull selesai
🌱 Membangun Digital Garden...

  📁 catatan/ → 1 artikel
  📁 laporan/ → 7 artikel
  📁 project/ → 1 artikel
  ✅ Sitemap: 13 URLs

✅ Selesai! Total 9 halaman terbit.
   📍 https://muhdanfyan.github.io/catatan/
   📍 https://muhdanfyan.github.io/laporan/
   📍 https://muhdanfyan.github.io/project/
  ✅ Build selesai
[main af69a23] gardener: auto-build 2026-07-19 17:30
 1 file changed, 20 insertions(+)
  ✅ Push ke GitHub Pages selesai
[2026-07-19 17:30:05] ✅ Selesai!

[2026-07-19 18:00:01] 🌱 Memulai deploy Digital Garden...
Already up to date.
  ✅ Pull selesai
🌱 Membangun Digital Garden...

  📁 catatan/ → 1 artikel
  📁 laporan/ → 7 artikel
  📁 project/ → 1 artikel
  ✅ Sitemap: 13 URLs

✅ Selesai! Total 9 halaman terbit.
   📍 https://muhdanfyan.github.io/catatan/
   📍 https://muhdanfyan.github.io/laporan/
   📍 https://muhdanfyan.github.io/project/
  ✅ Build selesai
[main 1f048ba] gardener: auto-build 2026-07-19 18:00
 1 file changed, 20 insertions(+)
  ✅ Push ke GitHub Pages selesai
[2026-07-19 18:00:05] ✅ Selesai!

[2026-07-19 18:30:01] 🌱 Memulai deploy Digital Garden...
Already up to date.
  ✅ Pull selesai
🌱 Membangun Digital Garden...

  📁 catatan/ → 1 artikel
  📁 laporan/ → 7 artikel
  📁 project/ → 1 artikel
  ✅ Sitemap: 13 URLs

✅ Selesai! Total 9 halaman terbit.
   📍 https://muhdanfyan.github.io/catatan/
   📍 https://muhdanfyan.github.io/laporan/
   📍 https://muhdanfyan.github.io/project/
  ✅ Build selesai
[main 675fa80] gardener: auto-build 2026-07-19 18:30
 1 file changed, 20 insertions(+)
  ✅ Push ke GitHub Pages selesai
[2026-07-19 18:30:05] ✅ Selesai!

[2026-07-19 19:00:01] 🌱 Memulai deploy Digital Garden...
Already up to date.
  ✅ Pull selesai
🌱 Membangun Digital Garden...

  📁 catatan/ → 1 artikel
  📁 laporan/ → 7 artikel
  📁 project/ → 1 artikel
  ✅ Sitemap: 13 URLs

✅ Selesai! Total 9 halaman terbit.
   📍 https://muhdanfyan.github.io/catatan/
   📍 https://muhdanfyan.github.io/laporan/
   📍 https://muhdanfyan.github.io/project/
  ✅ Build selesai
[main c14e861] gardener: auto-build 2026-07-19 19:00
 1 file changed, 20 insertions(+)
  ✅ Push ke GitHub Pages selesai
[2026-07-19 19:00:06] ✅ Selesai!

[2026-07-19 19:30:01] 🌱 Memulai deploy Digital Garden...
Already up to date.
  ✅ Pull selesai
🌱 Membangun Digital Garden...

  📁 catatan/ → 1 artikel
  📁 laporan/ → 7 artikel
  📁 project/ → 1 artikel
  ✅ Sitemap: 13 URLs

✅ Selesai! Total 9 halaman terbit.
   📍 https://muhdanfyan.github.io/catatan/
   📍 https://muhdanfyan.github.io/laporan/
   📍 https://muhdanfyan.github.io/project/
  ✅ Build selesai
[main 0cf84ff] gardener: auto-build 2026-07-19 19:30
 1 file changed, 20 insertions(+)
  ✅ Push ke GitHub Pages selesai
[2026-07-19 19:30:05] ✅ Selesai!

[2026-07-19 20:00:01] 🌱 Memulai deploy Digital Garden...
Already up to date.
  ✅ Pull selesai
🌱 Membangun Digital Garden...

  📁 catatan/ → 1 artikel
  📁 laporan/ → 7 artikel
  📁 project/ → 1 artikel
  ✅ Sitemap: 13 URLs

✅ Selesai! Total 9 halaman terbit.
   📍 https://muhdanfyan.github.io/catatan/
   📍 https://muhdanfyan.github.io/laporan/
   📍 https://muhdanfyan.github.io/project/
  ✅ Build selesai
[main 31d81fb] gardener: auto-build 2026-07-19 20:00
 1 file changed, 20 insertions(+)
  ✅ Push ke GitHub Pages selesai
[2026-07-19 20:00:10] ✅ Selesai!

[2026-07-19 20:30:01] 🌱 Memulai deploy Digital Garden...
Already up to date.
  ✅ Pull selesai
🌱 Membangun Digital Garden...

  📁 catatan/ → 1 artikel
  📁 laporan/ → 7 artikel
  📁 project/ → 1 artikel
  ✅ Sitemap: 13 URLs

✅ Selesai! Total 9 halaman terbit.
   📍 https://muhdanfyan.github.io/catatan/
   📍 https://muhdanfyan.github.io/laporan/
   📍 https://muhdanfyan.github.io/project/
  ✅ Build selesai
[main 11bface] gardener: auto-build 2026-07-19 20:30
 1 file changed, 20 insertions(+)
  ✅ Push ke GitHub Pages selesai
[2026-07-19 20:30:05] ✅ Selesai!

[2026-07-19 21:00:01] 🌱 Memulai deploy Digital Garden...
Already up to date.
  ✅ Pull selesai
🌱 Membangun Digital Garden...

  📁 catatan/ → 1 artikel
  📁 laporan/ → 7 artikel
  📁 project/ → 1 artikel
  ✅ Sitemap: 13 URLs

✅ Selesai! Total 9 halaman terbit.
   📍 https://muhdanfyan.github.io/catatan/
   📍 https://muhdanfyan.github.io/laporan/
   📍 https://muhdanfyan.github.io/project/
  ✅ Build selesai
[main 83c5dd4] gardener: auto-build 2026-07-19 21:00
 1 file changed, 20 insertions(+)
  ✅ Push ke GitHub Pages selesai
[2026-07-19 21:00:15] ✅ Selesai!

[2026-07-19 21:30:01] 🌱 Memulai deploy Digital Garden...
Already up to date.
  ✅ Pull selesai
🌱 Membangun Digital Garden...

  📁 catatan/ → 1 artikel
  📁 laporan/ → 7 artikel
  📁 project/ → 1 artikel
  ✅ Sitemap: 13 URLs

✅ Selesai! Total 9 halaman terbit.
   📍 https://muhdanfyan.github.io/catatan/
   📍 https://muhdanfyan.github.io/laporan/
   📍 https://muhdanfyan.github.io/project/
  ✅ Build selesai
[main faf072b] gardener: auto-build 2026-07-19 21:30
 1 file changed, 20 insertions(+)
  ✅ Push ke GitHub Pages selesai
[2026-07-19 21:30:05] ✅ Selesai!

[2026-07-19 22:00:01] 🌱 Memulai deploy Digital Garden...
Already up to date.
  ✅ Pull selesai
🌱 Membangun Digital Garden...

  📁 catatan/ → 1 artikel
  📁 laporan/ → 7 artikel
  📁 project/ → 1 artikel
  ✅ Sitemap: 13 URLs

✅ Selesai! Total 9 halaman terbit.
   📍 https://muhdanfyan.github.io/catatan/
   📍 https://muhdanfyan.github.io/laporan/
   📍 https://muhdanfyan.github.io/project/
  ✅ Build selesai
[main 1001830] gardener: auto-build 2026-07-19 22:00
 1 file changed, 20 insertions(+)
  ✅ Push ke GitHub Pages selesai
[2026-07-19 22:00:04] ✅ Selesai!

[2026-07-19 22:30:01] 🌱 Memulai deploy Digital Garden...
Already up to date.
  ✅ Pull selesai
🌱 Membangun Digital Garden...

  📁 catatan/ → 1 artikel
  📁 laporan/ → 7 artikel
  📁 project/ → 1 artikel
  ✅ Sitemap: 13 URLs

✅ Selesai! Total 9 halaman terbit.
   📍 https://muhdanfyan.github.io/catatan/
   📍 https://muhdanfyan.github.io/laporan/
   📍 https://muhdanfyan.github.io/project/
  ✅ Build selesai
[main 1d08326] gardener: auto-build 2026-07-19 22:30
 1 file changed, 20 insertions(+)
  ✅ Push ke GitHub Pages selesai
[2026-07-19 22:30:05] ✅ Selesai!

[2026-07-19 23:00:01] 🌱 Memulai deploy Digital Garden...
Already up to date.
  ✅ Pull selesai
🌱 Membangun Digital Garden...

  📁 catatan/ → 1 artikel
  📁 laporan/ → 7 artikel
  📁 project/ → 1 artikel
  ✅ Sitemap: 13 URLs

✅ Selesai! Total 9 halaman terbit.
   📍 https://muhdanfyan.github.io/catatan/
   📍 https://muhdanfyan.github.io/laporan/
   📍 https://muhdanfyan.github.io/project/
  ✅ Build selesai
[main 24cf560] gardener: auto-build 2026-07-19 23:00
 1 file changed, 20 insertions(+)
  ✅ Push ke GitHub Pages selesai
[2026-07-19 23:00:06] ✅ Selesai!

[2026-07-19 23:30:01] 🌱 Memulai deploy Digital Garden...
Already up to date.
  ✅ Pull selesai
🌱 Membangun Digital Garden...

  📁 catatan/ → 1 artikel
  📁 laporan/ → 7 artikel
  📁 project/ → 1 artikel
  ✅ Sitemap: 13 URLs

✅ Selesai! Total 9 halaman terbit.
   📍 https://muhdanfyan.github.io/catatan/
   📍 https://muhdanfyan.github.io/laporan/
   📍 https://muhdanfyan.github.io/project/
  ✅ Build selesai
[main e8c399a] gardener: auto-build 2026-07-19 23:30
 1 file changed, 20 insertions(+)
  ✅ Push ke GitHub Pages selesai
[2026-07-19 23:30:04] ✅ Selesai!

[2026-07-20 00:00:01] 🌱 Memulai deploy Digital Garden...
Already up to date.
  ✅ Pull selesai
🌱 Membangun Digital Garden...

  📁 catatan/ → 1 artikel
  📁 laporan/ → 7 artikel
  📁 project/ → 1 artikel
  ✅ Sitemap: 13 URLs

✅ Selesai! Total 9 halaman terbit.
   📍 https://muhdanfyan.github.io/catatan/
   📍 https://muhdanfyan.github.io/laporan/
   📍 https://muhdanfyan.github.io/project/
  ✅ Build selesai
[main 5515631] gardener: auto-build 2026-07-20 00:00
 1 file changed, 20 insertions(+)
  ✅ Push ke GitHub Pages selesai
[2026-07-20 00:00:07] ✅ Selesai!

[2026-07-20 00:30:01] 🌱 Memulai deploy Digital Garden...
Already up to date.
  ✅ Pull selesai
🌱 Membangun Digital Garden...

  📁 catatan/ → 1 artikel
  📁 laporan/ → 7 artikel
  📁 project/ → 1 artikel
  ✅ Sitemap: 13 URLs

✅ Selesai! Total 9 halaman terbit.
   📍 https://muhdanfyan.github.io/catatan/
   📍 https://muhdanfyan.github.io/laporan/
   📍 https://muhdanfyan.github.io/project/
  ✅ Build selesai
[main 96072b0] gardener: auto-build 2026-07-20 00:30
 1 file changed, 20 insertions(+)
  ✅ Push ke GitHub Pages selesai
[2026-07-20 00:30:05] ✅ Selesai!

[2026-07-20 01:00:01] 🌱 Memulai deploy Digital Garden...
Already up to date.
  ✅ Pull selesai
🌱 Membangun Digital Garden...

  📁 catatan/ → 1 artikel
  📁 laporan/ → 7 artikel
  📁 project/ → 1 artikel
  ✅ Sitemap: 13 URLs

✅ Selesai! Total 9 halaman terbit.
   📍 https://muhdanfyan.github.io/catatan/
   📍 https://muhdanfyan.github.io/laporan/
   📍 https://muhdanfyan.github.io/project/
  ✅ Build selesai
[main 7f46d27] gardener: auto-build 2026-07-20 01:00
 1 file changed, 20 insertions(+)
  ✅ Push ke GitHub Pages selesai
[2026-07-20 01:00:06] ✅ Selesai!

[2026-07-20 01:30:01] 🌱 Memulai deploy Digital Garden...
Already up to date.
  ✅ Pull selesai
🌱 Membangun Digital Garden...

  📁 catatan/ → 1 artikel
  📁 laporan/ → 7 artikel
  📁 project/ → 1 artikel
  ✅ Sitemap: 13 URLs

✅ Selesai! Total 9 halaman terbit.
   📍 https://muhdanfyan.github.io/catatan/
   📍 https://muhdanfyan.github.io/laporan/
   📍 https://muhdanfyan.github.io/project/
  ✅ Build selesai
[main d20d9c8] gardener: auto-build 2026-07-20 01:30
 1 file changed, 20 insertions(+)
  ✅ Push ke GitHub Pages selesai
[2026-07-20 01:30:05] ✅ Selesai!

[2026-07-20 02:00:01] 🌱 Memulai deploy Digital Garden...
Already up to date.
  ✅ Pull selesai
🌱 Membangun Digital Garden...

  📁 catatan/ → 1 artikel
  📁 laporan/ → 7 artikel
  📁 project/ → 1 artikel
  ✅ Sitemap: 13 URLs

✅ Selesai! Total 9 halaman terbit.
   📍 https://muhdanfyan.github.io/catatan/
   📍 https://muhdanfyan.github.io/laporan/
   📍 https://muhdanfyan.github.io/project/
  ✅ Build selesai
[main 2316863] gardener: auto-build 2026-07-20 02:00
 1 file changed, 20 insertions(+)
  ✅ Push ke GitHub Pages selesai
[2026-07-20 02:00:04] ✅ Selesai!

[2026-07-20 02:30:01] 🌱 Memulai deploy Digital Garden...
Already up to date.
  ✅ Pull selesai
🌱 Membangun Digital Garden...

  📁 catatan/ → 1 artikel
  📁 laporan/ → 7 artikel
  📁 project/ → 1 artikel
  ✅ Sitemap: 13 URLs

✅ Selesai! Total 9 halaman terbit.
   📍 https://muhdanfyan.github.io/catatan/
   📍 https://muhdanfyan.github.io/laporan/
   📍 https://muhdanfyan.github.io/project/
  ✅ Build selesai
[main 4eb6ae4] gardener: auto-build 2026-07-20 02:30
 1 file changed, 20 insertions(+)
  ✅ Push ke GitHub Pages selesai
[2026-07-20 02:30:04] ✅ Selesai!

[2026-07-20 03:00:01] 🌱 Memulai deploy Digital Garden...
Already up to date.
  ✅ Pull selesai
🌱 Membangun Digital Garden...

  📁 catatan/ → 1 artikel
  📁 laporan/ → 7 artikel
  📁 project/ → 1 artikel
  ✅ Sitemap: 13 URLs

✅ Selesai! Total 9 halaman terbit.
   📍 https://muhdanfyan.github.io/catatan/
   📍 https://muhdanfyan.github.io/laporan/
   📍 https://muhdanfyan.github.io/project/
  ✅ Build selesai
[main 1f2e1fb] gardener: auto-build 2026-07-20 03:00
 1 file changed, 20 insertions(+)
  ✅ Push ke GitHub Pages selesai
[2026-07-20 03:00:04] ✅ Selesai!

[2026-07-20 03:30:01] 🌱 Memulai deploy Digital Garden...
Already up to date.
  ✅ Pull selesai
🌱 Membangun Digital Garden...

  📁 catatan/ → 1 artikel
  📁 laporan/ → 7 artikel
  📁 project/ → 1 artikel
  ✅ Sitemap: 13 URLs

✅ Selesai! Total 9 halaman terbit.
   📍 https://muhdanfyan.github.io/catatan/
   📍 https://muhdanfyan.github.io/laporan/
   📍 https://muhdanfyan.github.io/project/
  ✅ Build selesai
[main 7ec1f89] gardener: auto-build 2026-07-20 03:30
 1 file changed, 20 insertions(+)
  ✅ Push ke GitHub Pages selesai
[2026-07-20 03:30:04] ✅ Selesai!

[2026-07-20 04:00:01] 🌱 Memulai deploy Digital Garden...
Already up to date.
  ✅ Pull selesai
🌱 Membangun Digital Garden...

  📁 catatan/ → 1 artikel
  📁 laporan/ → 7 artikel
  📁 project/ → 1 artikel
  ✅ Sitemap: 13 URLs

✅ Selesai! Total 9 halaman terbit.
   📍 https://muhdanfyan.github.io/catatan/
   📍 https://muhdanfyan.github.io/laporan/
   📍 https://muhdanfyan.github.io/project/
  ✅ Build selesai
[main 7c22bdf] gardener: auto-build 2026-07-20 04:00
 1 file changed, 20 insertions(+)
  ✅ Push ke GitHub Pages selesai
[2026-07-20 04:00:05] ✅ Selesai!

[2026-07-20 04:30:01] 🌱 Memulai deploy Digital Garden...
Already up to date.
  ✅ Pull selesai
🌱 Membangun Digital Garden...

  📁 catatan/ → 1 artikel
  📁 laporan/ → 7 artikel
  📁 project/ → 1 artikel
  ✅ Sitemap: 13 URLs

✅ Selesai! Total 9 halaman terbit.
   📍 https://muhdanfyan.github.io/catatan/
   📍 https://muhdanfyan.github.io/laporan/
   📍 https://muhdanfyan.github.io/project/
  ✅ Build selesai
[main 3ec4abe] gardener: auto-build 2026-07-20 04:30
 1 file changed, 20 insertions(+)
  ✅ Push ke GitHub Pages selesai
[2026-07-20 04:30:04] ✅ Selesai!

[2026-07-20 05:00:01] 🌱 Memulai deploy Digital Garden...
Already up to date.
  ✅ Pull selesai
🌱 Membangun Digital Garden...

  📁 catatan/ → 1 artikel
  📁 laporan/ → 7 artikel
  📁 project/ → 1 artikel
  ✅ Sitemap: 13 URLs

✅ Selesai! Total 9 halaman terbit.
   📍 https://muhdanfyan.github.io/catatan/
   📍 https://muhdanfyan.github.io/laporan/
   📍 https://muhdanfyan.github.io/project/
  ✅ Build selesai
[main 7f5e3d6] gardener: auto-build 2026-07-20 05:00
 1 file changed, 20 insertions(+)
  ✅ Push ke GitHub Pages selesai
[2026-07-20 05:00:04] ✅ Selesai!

[2026-07-20 05:30:01] 🌱 Memulai deploy Digital Garden...
Already up to date.
  ✅ Pull selesai
🌱 Membangun Digital Garden...

  📁 catatan/ → 1 artikel
  📁 laporan/ → 7 artikel
  📁 project/ → 1 artikel
  ✅ Sitemap: 13 URLs

✅ Selesai! Total 9 halaman terbit.
   📍 https://muhdanfyan.github.io/catatan/
   📍 https://muhdanfyan.github.io/laporan/
   📍 https://muhdanfyan.github.io/project/
  ✅ Build selesai
[main 794ad09] gardener: auto-build 2026-07-20 05:30
 1 file changed, 20 insertions(+)
  ✅ Push ke GitHub Pages selesai
[2026-07-20 05:30:05] ✅ Selesai!

[2026-07-20 06:00:01] 🌱 Memulai deploy Digital Garden...
Already up to date.
  ✅ Pull selesai
🌱 Membangun Digital Garden...

  📁 catatan/ → 1 artikel
  📁 laporan/ → 7 artikel
  📁 project/ → 1 artikel
  ✅ Sitemap: 13 URLs

✅ Selesai! Total 9 halaman terbit.
   📍 https://muhdanfyan.github.io/catatan/
   📍 https://muhdanfyan.github.io/laporan/
   📍 https://muhdanfyan.github.io/project/
  ✅ Build selesai
[main 0467ff2] gardener: auto-build 2026-07-20 06:00
 1 file changed, 20 insertions(+)
  ✅ Push ke GitHub Pages selesai
[2026-07-20 06:00:04] ✅ Selesai!

[2026-07-20 06:30:01] 🌱 Memulai deploy Digital Garden...
Already up to date.
  ✅ Pull selesai
🌱 Membangun Digital Garden...

  📁 catatan/ → 1 artikel
  📁 laporan/ → 7 artikel
  📁 project/ → 1 artikel
  ✅ Sitemap: 13 URLs

✅ Selesai! Total 9 halaman terbit.
   📍 https://muhdanfyan.github.io/catatan/
   📍 https://muhdanfyan.github.io/laporan/
   📍 https://muhdanfyan.github.io/project/
  ✅ Build selesai
[main 7c05313] gardener: auto-build 2026-07-20 06:30
 1 file changed, 20 insertions(+)
  ✅ Push ke GitHub Pages selesai
[2026-07-20 06:30:04] ✅ Selesai!

[2026-07-20 07:00:01] 🌱 Memulai deploy Digital Garden...
Already up to date.
  ✅ Pull selesai
🌱 Membangun Digital Garden...

  📁 catatan/ → 1 artikel
  📁 laporan/ → 7 artikel
  📁 project/ → 1 artikel
  ✅ Sitemap: 13 URLs

✅ Selesai! Total 9 halaman terbit.
   📍 https://muhdanfyan.github.io/catatan/
   📍 https://muhdanfyan.github.io/laporan/
   📍 https://muhdanfyan.github.io/project/
  ✅ Build selesai
[main 8fd4545] gardener: auto-build 2026-07-20 07:00
 1 file changed, 20 insertions(+)
  ✅ Push ke GitHub Pages selesai
[2026-07-20 07:00:05] ✅ Selesai!

[2026-07-20 07:30:01] 🌱 Memulai deploy Digital Garden...
Already up to date.
  ✅ Pull selesai
🌱 Membangun Digital Garden...

  📁 catatan/ → 1 artikel
  📁 laporan/ → 7 artikel
  📁 project/ → 1 artikel
  ✅ Sitemap: 13 URLs

✅ Selesai! Total 9 halaman terbit.
   📍 https://muhdanfyan.github.io/catatan/
   📍 https://muhdanfyan.github.io/laporan/
   📍 https://muhdanfyan.github.io/project/
  ✅ Build selesai
[main 2fffaf1] gardener: auto-build 2026-07-20 07:30
 1 file changed, 20 insertions(+)
  ✅ Push ke GitHub Pages selesai
[2026-07-20 07:30:04] ✅ Selesai!

[2026-07-20 08:00:01] 🌱 Memulai deploy Digital Garden...
Already up to date.
  ✅ Pull selesai
🌱 Membangun Digital Garden...

  📁 catatan/ → 1 artikel
  📁 laporan/ → 7 artikel
  📁 project/ → 1 artikel
  ✅ Sitemap: 13 URLs

✅ Selesai! Total 9 halaman terbit.
   📍 https://muhdanfyan.github.io/catatan/
   📍 https://muhdanfyan.github.io/laporan/
   📍 https://muhdanfyan.github.io/project/
  ✅ Build selesai
[main 34efe0e] gardener: auto-build 2026-07-20 08:00
 1 file changed, 20 insertions(+)
  ✅ Push ke GitHub Pages selesai
[2026-07-20 08:00:04] ✅ Selesai!

[2026-07-20 08:30:01] 🌱 Memulai deploy Digital Garden...
Already up to date.
  ✅ Pull selesai
🌱 Membangun Digital Garden...

  📁 catatan/ → 1 artikel
  📁 laporan/ → 7 artikel
  📁 project/ → 1 artikel
  ✅ Sitemap: 13 URLs

✅ Selesai! Total 9 halaman terbit.
   📍 https://muhdanfyan.github.io/catatan/
   📍 https://muhdanfyan.github.io/laporan/
   📍 https://muhdanfyan.github.io/project/
  ✅ Build selesai
[main b8ceadf] gardener: auto-build 2026-07-20 08:30
 1 file changed, 20 insertions(+)
  ✅ Push ke GitHub Pages selesai
[2026-07-20 08:30:04] ✅ Selesai!

[2026-07-20 09:00:01] 🌱 Memulai deploy Digital Garden...
Already up to date.
  ✅ Pull selesai
🌱 Membangun Digital Garden...

  📁 catatan/ → 1 artikel
  📁 laporan/ → 7 artikel
  📁 project/ → 1 artikel
  ✅ Sitemap: 13 URLs

✅ Selesai! Total 9 halaman terbit.
   📍 https://muhdanfyan.github.io/catatan/
   📍 https://muhdanfyan.github.io/laporan/
   📍 https://muhdanfyan.github.io/project/
  ✅ Build selesai
[main 79d1622] gardener: auto-build 2026-07-20 09:00
 1 file changed, 20 insertions(+)
  ✅ Push ke GitHub Pages selesai
[2026-07-20 09:00:05] ✅ Selesai!

[2026-07-20 09:30:01] 🌱 Memulai deploy Digital Garden...
Already up to date.
  ✅ Pull selesai
🌱 Membangun Digital Garden...

  📁 catatan/ → 1 artikel
  📁 laporan/ → 7 artikel
  📁 project/ → 1 artikel
  ✅ Sitemap: 13 URLs

✅ Selesai! Total 9 halaman terbit.
   📍 https://muhdanfyan.github.io/catatan/
   📍 https://muhdanfyan.github.io/laporan/
   📍 https://muhdanfyan.github.io/project/
  ✅ Build selesai
[main 5ebbd84] gardener: auto-build 2026-07-20 09:30
 1 file changed, 20 insertions(+)
  ✅ Push ke GitHub Pages selesai
[2026-07-20 09:30:04] ✅ Selesai!

[2026-07-20 10:00:02] 🌱 Memulai deploy Digital Garden...
Already up to date.
  ✅ Pull selesai
🌱 Membangun Digital Garden...

  📁 catatan/ → 1 artikel
  📁 laporan/ → 7 artikel
  📁 project/ → 1 artikel
  ✅ Sitemap: 13 URLs

✅ Selesai! Total 9 halaman terbit.
   📍 https://muhdanfyan.github.io/catatan/
   📍 https://muhdanfyan.github.io/laporan/
   📍 https://muhdanfyan.github.io/project/
  ✅ Build selesai
[main 1ce9450] gardener: auto-build 2026-07-20 10:00
 1 file changed, 20 insertions(+)
  ✅ Push ke GitHub Pages selesai
[2026-07-20 10:00:05] ✅ Selesai!

[2026-07-20 10:30:01] 🌱 Memulai deploy Digital Garden...
Already up to date.
  ✅ Pull selesai
🌱 Membangun Digital Garden...

  📁 catatan/ → 1 artikel
  📁 laporan/ → 7 artikel
  📁 project/ → 1 artikel
  ✅ Sitemap: 13 URLs

✅ Selesai! Total 9 halaman terbit.
   📍 https://muhdanfyan.github.io/catatan/
   📍 https://muhdanfyan.github.io/laporan/
   📍 https://muhdanfyan.github.io/project/
  ✅ Build selesai
[main f8200f6] gardener: auto-build 2026-07-20 10:30
 1 file changed, 20 insertions(+)
  ✅ Push ke GitHub Pages selesai
[2026-07-20 10:30:04] ✅ Selesai!

[2026-07-20 11:00:01] 🌱 Memulai deploy Digital Garden...
Already up to date.
  ✅ Pull selesai
🌱 Membangun Digital Garden...

  📁 catatan/ → 1 artikel
  📁 laporan/ → 7 artikel
  📁 project/ → 1 artikel
  ✅ Sitemap: 13 URLs

✅ Selesai! Total 9 halaman terbit.
   📍 https://muhdanfyan.github.io/catatan/
   📍 https://muhdanfyan.github.io/laporan/
   📍 https://muhdanfyan.github.io/project/
  ✅ Build selesai
[main f811e23] gardener: auto-build 2026-07-20 11:00
 1 file changed, 20 insertions(+)
  ✅ Push ke GitHub Pages selesai
[2026-07-20 11:00:05] ✅ Selesai!

[2026-07-20 11:30:01] 🌱 Memulai deploy Digital Garden...
Already up to date.
  ✅ Pull selesai
🌱 Membangun Digital Garden...

  📁 catatan/ → 1 artikel
  📁 laporan/ → 7 artikel
  📁 project/ → 1 artikel
  ✅ Sitemap: 13 URLs

✅ Selesai! Total 9 halaman terbit.
   📍 https://muhdanfyan.github.io/catatan/
   📍 https://muhdanfyan.github.io/laporan/
   📍 https://muhdanfyan.github.io/project/
  ✅ Build selesai
[main 131dd2d] gardener: auto-build 2026-07-20 11:30
 1 file changed, 20 insertions(+)
  ✅ Push ke GitHub Pages selesai
[2026-07-20 11:30:05] ✅ Selesai!

[2026-07-20 12:00:02] 🌱 Memulai deploy Digital Garden...
Already up to date.
  ✅ Pull selesai
🌱 Membangun Digital Garden...

  📁 catatan/ → 1 artikel
  📁 laporan/ → 7 artikel
  📁 project/ → 1 artikel
  ✅ Sitemap: 13 URLs

✅ Selesai! Total 9 halaman terbit.
   📍 https://muhdanfyan.github.io/catatan/
   📍 https://muhdanfyan.github.io/laporan/
   📍 https://muhdanfyan.github.io/project/
  ✅ Build selesai
[main 33142e2] gardener: auto-build 2026-07-20 12:00
 1 file changed, 20 insertions(+)
  ✅ Push ke GitHub Pages selesai
[2026-07-20 12:00:06] ✅ Selesai!

[2026-07-20 12:30:01] 🌱 Memulai deploy Digital Garden...
Already up to date.
  ✅ Pull selesai
🌱 Membangun Digital Garden...

  📁 catatan/ → 1 artikel
  📁 laporan/ → 7 artikel
  📁 project/ → 1 artikel
  ✅ Sitemap: 13 URLs

✅ Selesai! Total 9 halaman terbit.
   📍 https://muhdanfyan.github.io/catatan/
   📍 https://muhdanfyan.github.io/laporan/
   📍 https://muhdanfyan.github.io/project/
  ✅ Build selesai
[main 724edfe] gardener: auto-build 2026-07-20 12:30
 1 file changed, 20 insertions(+)
  ✅ Push ke GitHub Pages selesai
[2026-07-20 12:30:04] ✅ Selesai!

[2026-07-20 13:00:01] 🌱 Memulai deploy Digital Garden...
Already up to date.
  ✅ Pull selesai
🌱 Membangun Digital Garden...

  📁 catatan/ → 1 artikel
  📁 laporan/ → 7 artikel
  📁 project/ → 1 artikel
  ✅ Sitemap: 13 URLs

✅ Selesai! Total 9 halaman terbit.
   📍 https://muhdanfyan.github.io/catatan/
   📍 https://muhdanfyan.github.io/laporan/
   📍 https://muhdanfyan.github.io/project/
  ✅ Build selesai
[main eb772ca] gardener: auto-build 2026-07-20 13:00
 1 file changed, 20 insertions(+)
  ✅ Push ke GitHub Pages selesai
[2026-07-20 13:00:05] ✅ Selesai!

[2026-07-20 13:30:01] 🌱 Memulai deploy Digital Garden...
Already up to date.
  ✅ Pull selesai
🌱 Membangun Digital Garden...

  📁 catatan/ → 1 artikel
  📁 laporan/ → 7 artikel
  📁 project/ → 1 artikel
  ✅ Sitemap: 13 URLs

✅ Selesai! Total 9 halaman terbit.
   📍 https://muhdanfyan.github.io/catatan/
   📍 https://muhdanfyan.github.io/laporan/
   📍 https://muhdanfyan.github.io/project/
  ✅ Build selesai
[main b580d50] gardener: auto-build 2026-07-20 13:30
 1 file changed, 20 insertions(+)
  ✅ Push ke GitHub Pages selesai
[2026-07-20 13:30:04] ✅ Selesai!

[2026-07-20 14:00:01] 🌱 Memulai deploy Digital Garden...
Already up to date.
  ✅ Pull selesai
🌱 Membangun Digital Garden...

  📁 catatan/ → 1 artikel
  📁 laporan/ → 7 artikel
  📁 project/ → 1 artikel
  ✅ Sitemap: 13 URLs

✅ Selesai! Total 9 halaman terbit.
   📍 https://muhdanfyan.github.io/catatan/
   📍 https://muhdanfyan.github.io/laporan/
   📍 https://muhdanfyan.github.io/project/
  ✅ Build selesai
[main 24a1922] gardener: auto-build 2026-07-20 14:00
 1 file changed, 20 insertions(+)
  ✅ Push ke GitHub Pages selesai
[2026-07-20 14:00:04] ✅ Selesai!

[2026-07-20 14:30:01] 🌱 Memulai deploy Digital Garden...
Already up to date.
  ✅ Pull selesai
🌱 Membangun Digital Garden...

  📁 catatan/ → 1 artikel
  📁 laporan/ → 7 artikel
  📁 project/ → 1 artikel
  ✅ Sitemap: 13 URLs

✅ Selesai! Total 9 halaman terbit.
   📍 https://muhdanfyan.github.io/catatan/
   📍 https://muhdanfyan.github.io/laporan/
   📍 https://muhdanfyan.github.io/project/
  ✅ Build selesai
[main 434cad8] gardener: auto-build 2026-07-20 14:30
 1 file changed, 20 insertions(+)
  ✅ Push ke GitHub Pages selesai
[2026-07-20 14:30:04] ✅ Selesai!

[2026-07-20 15:00:02] 🌱 Memulai deploy Digital Garden...
Already up to date.
  ✅ Pull selesai
🌱 Membangun Digital Garden...

  📁 catatan/ → 1 artikel
  📁 laporan/ → 7 artikel
  📁 project/ → 1 artikel
  ✅ Sitemap: 13 URLs

✅ Selesai! Total 9 halaman terbit.
   📍 https://muhdanfyan.github.io/catatan/
   📍 https://muhdanfyan.github.io/laporan/
   📍 https://muhdanfyan.github.io/project/
  ✅ Build selesai
[main 060c125] gardener: auto-build 2026-07-20 15:00
 1 file changed, 20 insertions(+)
  ✅ Push ke GitHub Pages selesai
[2026-07-20 15:00:05] ✅ Selesai!

[2026-07-20 15:30:01] 🌱 Memulai deploy Digital Garden...
Already up to date.
  ✅ Pull selesai
🌱 Membangun Digital Garden...

  📁 catatan/ → 1 artikel
  📁 laporan/ → 7 artikel
  📁 project/ → 1 artikel
  ✅ Sitemap: 13 URLs

✅ Selesai! Total 9 halaman terbit.
   📍 https://muhdanfyan.github.io/catatan/
   📍 https://muhdanfyan.github.io/laporan/
   📍 https://muhdanfyan.github.io/project/
  ✅ Build selesai
[main 065e1e2] gardener: auto-build 2026-07-20 15:30
 1 file changed, 20 insertions(+)
  ✅ Push ke GitHub Pages selesai
[2026-07-20 15:30:06] ✅ Selesai!

[2026-07-20 16:00:01] 🌱 Memulai deploy Digital Garden...
Already up to date.
  ✅ Pull selesai
🌱 Membangun Digital Garden...

  📁 catatan/ → 1 artikel
  📁 laporan/ → 7 artikel
  📁 project/ → 1 artikel
  ✅ Sitemap: 13 URLs

✅ Selesai! Total 9 halaman terbit.
   📍 https://muhdanfyan.github.io/catatan/
   📍 https://muhdanfyan.github.io/laporan/
   📍 https://muhdanfyan.github.io/project/
  ✅ Build selesai
[main bdc7616] gardener: auto-build 2026-07-20 16:00
 1 file changed, 20 insertions(+)
  ✅ Push ke GitHub Pages selesai
[2026-07-20 16:00:07] ✅ Selesai!

[2026-07-20 16:30:01] 🌱 Memulai deploy Digital Garden...
Already up to date.
  ✅ Pull selesai
🌱 Membangun Digital Garden...

  📁 catatan/ → 1 artikel
  📁 laporan/ → 7 artikel
  📁 project/ → 1 artikel
  ✅ Sitemap: 13 URLs

✅ Selesai! Total 9 halaman terbit.
   📍 https://muhdanfyan.github.io/catatan/
   📍 https://muhdanfyan.github.io/laporan/
   📍 https://muhdanfyan.github.io/project/
  ✅ Build selesai
[main a778c40] gardener: auto-build 2026-07-20 16:30
 1 file changed, 20 insertions(+)
  ✅ Push ke GitHub Pages selesai
[2026-07-20 16:30:04] ✅ Selesai!

[2026-07-20 17:00:01] 🌱 Memulai deploy Digital Garden...
Already up to date.
  ✅ Pull selesai
🌱 Membangun Digital Garden...

  📁 catatan/ → 1 artikel
  📁 laporan/ → 7 artikel
  📁 project/ → 1 artikel
  ✅ Sitemap: 13 URLs

✅ Selesai! Total 9 halaman terbit.
   📍 https://muhdanfyan.github.io/catatan/
   📍 https://muhdanfyan.github.io/laporan/
   📍 https://muhdanfyan.github.io/project/
  ✅ Build selesai
[main 368040b] gardener: auto-build 2026-07-20 17:00
 1 file changed, 20 insertions(+)
  ✅ Push ke GitHub Pages selesai
[2026-07-20 17:00:05] ✅ Selesai!

[2026-07-20 17:30:01] 🌱 Memulai deploy Digital Garden...
Already up to date.
  ✅ Pull selesai
🌱 Membangun Digital Garden...

  📁 catatan/ → 1 artikel
  📁 laporan/ → 7 artikel
  📁 project/ → 1 artikel
  ✅ Sitemap: 13 URLs

✅ Selesai! Total 9 halaman terbit.
   📍 https://muhdanfyan.github.io/catatan/
   📍 https://muhdanfyan.github.io/laporan/
   📍 https://muhdanfyan.github.io/project/
  ✅ Build selesai
[main df10e0d] gardener: auto-build 2026-07-20 17:30
 1 file changed, 20 insertions(+)
  ✅ Push ke GitHub Pages selesai
[2026-07-20 17:30:05] ✅ Selesai!

[2026-07-20 18:00:01] 🌱 Memulai deploy Digital Garden...
Already up to date.
  ✅ Pull selesai
🌱 Membangun Digital Garden...

  📁 catatan/ → 1 artikel
  📁 laporan/ → 7 artikel
  📁 project/ → 1 artikel
  ✅ Sitemap: 13 URLs

✅ Selesai! Total 9 halaman terbit.
   📍 https://muhdanfyan.github.io/catatan/
   📍 https://muhdanfyan.github.io/laporan/
   📍 https://muhdanfyan.github.io/project/
  ✅ Build selesai
[main ff0f9e8] gardener: auto-build 2026-07-20 18:00
 1 file changed, 20 insertions(+)
  ✅ Push ke GitHub Pages selesai
[2026-07-20 18:00:06] ✅ Selesai!

[2026-07-20 18:30:01] 🌱 Memulai deploy Digital Garden...
Already up to date.
  ✅ Pull selesai
🌱 Membangun Digital Garden...

  📁 catatan/ → 1 artikel
  📁 laporan/ → 7 artikel
  📁 project/ → 1 artikel
  ✅ Sitemap: 13 URLs

✅ Selesai! Total 9 halaman terbit.
   📍 https://muhdanfyan.github.io/catatan/
   📍 https://muhdanfyan.github.io/laporan/
   📍 https://muhdanfyan.github.io/project/
  ✅ Build selesai
[main f2ea6c1] gardener: auto-build 2026-07-20 18:30
 1 file changed, 20 insertions(+)
  ✅ Push ke GitHub Pages selesai
[2026-07-20 18:30:05] ✅ Selesai!

[2026-07-20 19:00:01] 🌱 Memulai deploy Digital Garden...
Already up to date.
  ✅ Pull selesai
🌱 Membangun Digital Garden...

  📁 catatan/ → 1 artikel
  📁 laporan/ → 7 artikel
  📁 project/ → 1 artikel
  ✅ Sitemap: 13 URLs

✅ Selesai! Total 9 halaman terbit.
   📍 https://muhdanfyan.github.io/catatan/
   📍 https://muhdanfyan.github.io/laporan/
   📍 https://muhdanfyan.github.io/project/
  ✅ Build selesai
[main f667484] gardener: auto-build 2026-07-20 19:00
 1 file changed, 20 insertions(+)
  ✅ Push ke GitHub Pages selesai
[2026-07-20 19:00:07] ✅ Selesai!

[2026-07-20 19:30:01] 🌱 Memulai deploy Digital Garden...
Already up to date.
  ✅ Pull selesai
🌱 Membangun Digital Garden...

  📁 catatan/ → 1 artikel
  📁 laporan/ → 7 artikel
  📁 project/ → 1 artikel
  ✅ Sitemap: 13 URLs

✅ Selesai! Total 9 halaman terbit.
   📍 https://muhdanfyan.github.io/catatan/
   📍 https://muhdanfyan.github.io/laporan/
   📍 https://muhdanfyan.github.io/project/
  ✅ Build selesai
[main 13fb697] gardener: auto-build 2026-07-20 19:30
 1 file changed, 20 insertions(+)
  ✅ Push ke GitHub Pages selesai
[2026-07-20 19:30:04] ✅ Selesai!

[2026-07-20 20:00:01] 🌱 Memulai deploy Digital Garden...
Already up to date.
  ✅ Pull selesai
🌱 Membangun Digital Garden...

  📁 catatan/ → 1 artikel
  📁 laporan/ → 7 artikel
  📁 project/ → 1 artikel
  ✅ Sitemap: 13 URLs

✅ Selesai! Total 9 halaman terbit.
   📍 https://muhdanfyan.github.io/catatan/
   📍 https://muhdanfyan.github.io/laporan/
   📍 https://muhdanfyan.github.io/project/
  ✅ Build selesai
[main f6325da] gardener: auto-build 2026-07-20 20:00
 1 file changed, 20 insertions(+)
  ✅ Push ke GitHub Pages selesai
[2026-07-20 20:00:06] ✅ Selesai!

[2026-07-20 20:30:01] 🌱 Memulai deploy Digital Garden...
Already up to date.
  ✅ Pull selesai
🌱 Membangun Digital Garden...

  📁 catatan/ → 1 artikel
  📁 laporan/ → 7 artikel
  📁 project/ → 1 artikel
  ✅ Sitemap: 13 URLs

✅ Selesai! Total 9 halaman terbit.
   📍 https://muhdanfyan.github.io/catatan/
   📍 https://muhdanfyan.github.io/laporan/
   📍 https://muhdanfyan.github.io/project/
  ✅ Build selesai
[main efc401e] gardener: auto-build 2026-07-20 20:30
 1 file changed, 20 insertions(+)
  ✅ Push ke GitHub Pages selesai
[2026-07-20 20:30:04] ✅ Selesai!

[2026-07-20 21:00:01] 🌱 Memulai deploy Digital Garden...
Already up to date.
  ✅ Pull selesai
🌱 Membangun Digital Garden...

  📁 catatan/ → 1 artikel
  📁 laporan/ → 7 artikel
  📁 project/ → 1 artikel
  ✅ Sitemap: 13 URLs

✅ Selesai! Total 9 halaman terbit.
   📍 https://muhdanfyan.github.io/catatan/
   📍 https://muhdanfyan.github.io/laporan/
   📍 https://muhdanfyan.github.io/project/
  ✅ Build selesai
[main 3c9e9b6] gardener: auto-build 2026-07-20 21:00
 1 file changed, 20 insertions(+)
  ✅ Push ke GitHub Pages selesai
[2026-07-20 21:00:05] ✅ Selesai!

[2026-07-20 21:30:01] 🌱 Memulai deploy Digital Garden...
Already up to date.
  ✅ Pull selesai
🌱 Membangun Digital Garden...

  📁 catatan/ → 1 artikel
  📁 laporan/ → 7 artikel
  📁 project/ → 1 artikel
  ✅ Sitemap: 13 URLs

✅ Selesai! Total 9 halaman terbit.
   📍 https://muhdanfyan.github.io/catatan/
   📍 https://muhdanfyan.github.io/laporan/
   📍 https://muhdanfyan.github.io/project/
  ✅ Build selesai
[main d4d0d66] gardener: auto-build 2026-07-20 21:30
 1 file changed, 20 insertions(+)
  ✅ Push ke GitHub Pages selesai
[2026-07-20 21:30:06] ✅ Selesai!

[2026-07-20 22:00:01] 🌱 Memulai deploy Digital Garden...
Already up to date.
  ✅ Pull selesai
🌱 Membangun Digital Garden...

  📁 catatan/ → 1 artikel
  📁 laporan/ → 7 artikel
  📁 project/ → 1 artikel
  ✅ Sitemap: 13 URLs

✅ Selesai! Total 9 halaman terbit.
   📍 https://muhdanfyan.github.io/catatan/
   📍 https://muhdanfyan.github.io/laporan/
   📍 https://muhdanfyan.github.io/project/
  ✅ Build selesai
[main 16452a1] gardener: auto-build 2026-07-20 22:00
 1 file changed, 20 insertions(+)
  ✅ Push ke GitHub Pages selesai
[2026-07-20 22:00:07] ✅ Selesai!

[2026-07-20 22:30:01] 🌱 Memulai deploy Digital Garden...
Already up to date.
  ✅ Pull selesai
🌱 Membangun Digital Garden...

  📁 catatan/ → 1 artikel
  📁 laporan/ → 7 artikel
  📁 project/ → 1 artikel
  ✅ Sitemap: 13 URLs

✅ Selesai! Total 9 halaman terbit.
   📍 https://muhdanfyan.github.io/catatan/
   📍 https://muhdanfyan.github.io/laporan/
   📍 https://muhdanfyan.github.io/project/
  ✅ Build selesai
[main f392516] gardener: auto-build 2026-07-20 22:30
 1 file changed, 20 insertions(+)
  ✅ Push ke GitHub Pages selesai
[2026-07-20 22:30:07] ✅ Selesai!

[2026-07-20 23:00:01] 🌱 Memulai deploy Digital Garden...
Already up to date.
  ✅ Pull selesai
🌱 Membangun Digital Garden...

  📁 catatan/ → 1 artikel
  📁 laporan/ → 7 artikel
  📁 project/ → 1 artikel
  ✅ Sitemap: 13 URLs

✅ Selesai! Total 9 halaman terbit.
   📍 https://muhdanfyan.github.io/catatan/
   📍 https://muhdanfyan.github.io/laporan/
   📍 https://muhdanfyan.github.io/project/
  ✅ Build selesai
[main 82d4703] gardener: auto-build 2026-07-20 23:00
 1 file changed, 20 insertions(+)
  ✅ Push ke GitHub Pages selesai
[2026-07-20 23:00:05] ✅ Selesai!

[2026-07-20 23:30:01] 🌱 Memulai deploy Digital Garden...
Already up to date.
  ✅ Pull selesai
🌱 Membangun Digital Garden...

  📁 catatan/ → 1 artikel
  📁 laporan/ → 7 artikel
  📁 project/ → 1 artikel
  ✅ Sitemap: 13 URLs

✅ Selesai! Total 9 halaman terbit.
   📍 https://muhdanfyan.github.io/catatan/
   📍 https://muhdanfyan.github.io/laporan/
   📍 https://muhdanfyan.github.io/project/
  ✅ Build selesai
[main 95c1f07] gardener: auto-build 2026-07-20 23:30
 1 file changed, 20 insertions(+)
  ✅ Push ke GitHub Pages selesai
[2026-07-20 23:30:06] ✅ Selesai!

[2026-07-21 00:00:02] 🌱 Memulai deploy Digital Garden...
Already up to date.
  ✅ Pull selesai
🌱 Membangun Digital Garden...

  📁 catatan/ → 1 artikel
  📁 laporan/ → 7 artikel
  📁 project/ → 1 artikel
  ✅ Sitemap: 13 URLs

✅ Selesai! Total 9 halaman terbit.
   📍 https://muhdanfyan.github.io/catatan/
   📍 https://muhdanfyan.github.io/laporan/
   📍 https://muhdanfyan.github.io/project/
  ✅ Build selesai
[main 524d6f6] gardener: auto-build 2026-07-21 00:00
 1 file changed, 20 insertions(+)
  ✅ Push ke GitHub Pages selesai
[2026-07-21 00:00:09] ✅ Selesai!

[2026-07-21 00:30:01] 🌱 Memulai deploy Digital Garden...
Already up to date.
  ✅ Pull selesai
🌱 Membangun Digital Garden...

  📁 catatan/ → 1 artikel
  📁 laporan/ → 7 artikel
  📁 project/ → 1 artikel
  ✅ Sitemap: 13 URLs

✅ Selesai! Total 9 halaman terbit.
   📍 https://muhdanfyan.github.io/catatan/
   📍 https://muhdanfyan.github.io/laporan/
   📍 https://muhdanfyan.github.io/project/
  ✅ Build selesai
[main 7d0b80e] gardener: auto-build 2026-07-21 00:30
 1 file changed, 20 insertions(+)
  ✅ Push ke GitHub Pages selesai
[2026-07-21 00:30:05] ✅ Selesai!

[2026-07-21 01:00:01] 🌱 Memulai deploy Digital Garden...
Already up to date.
  ✅ Pull selesai
🌱 Membangun Digital Garden...

  📁 catatan/ → 1 artikel
  📁 laporan/ → 7 artikel
  📁 project/ → 1 artikel
  ✅ Sitemap: 13 URLs

✅ Selesai! Total 9 halaman terbit.
   📍 https://muhdanfyan.github.io/catatan/
   📍 https://muhdanfyan.github.io/laporan/
   📍 https://muhdanfyan.github.io/project/
  ✅ Build selesai
[main 8ad4314] gardener: auto-build 2026-07-21 01:00
 1 file changed, 20 insertions(+)
  ✅ Push ke GitHub Pages selesai
[2026-07-21 01:00:07] ✅ Selesai!

[2026-07-21 01:30:01] 🌱 Memulai deploy Digital Garden...
Already up to date.
  ✅ Pull selesai
🌱 Membangun Digital Garden...

  📁 catatan/ → 1 artikel
  📁 laporan/ → 7 artikel
  📁 project/ → 1 artikel
  ✅ Sitemap: 13 URLs

✅ Selesai! Total 9 halaman terbit.
   📍 https://muhdanfyan.github.io/catatan/
   📍 https://muhdanfyan.github.io/laporan/
   📍 https://muhdanfyan.github.io/project/
  ✅ Build selesai
[main c41832a] gardener: auto-build 2026-07-21 01:30
 1 file changed, 20 insertions(+)
  ✅ Push ke GitHub Pages selesai
[2026-07-21 01:30:06] ✅ Selesai!

[2026-07-21 02:00:01] 🌱 Memulai deploy Digital Garden...
Already up to date.
  ✅ Pull selesai
🌱 Membangun Digital Garden...

  📁 catatan/ → 1 artikel
  📁 laporan/ → 7 artikel
  📁 project/ → 1 artikel
  ✅ Sitemap: 13 URLs

✅ Selesai! Total 9 halaman terbit.
   📍 https://muhdanfyan.github.io/catatan/
   📍 https://muhdanfyan.github.io/laporan/
   📍 https://muhdanfyan.github.io/project/
  ✅ Build selesai
[main accff9a] gardener: auto-build 2026-07-21 02:00
 1 file changed, 20 insertions(+)
  ✅ Push ke GitHub Pages selesai
[2026-07-21 02:00:06] ✅ Selesai!

[2026-07-21 02:30:01] 🌱 Memulai deploy Digital Garden...
Already up to date.
  ✅ Pull selesai
🌱 Membangun Digital Garden...

  📁 catatan/ → 1 artikel
  📁 laporan/ → 7 artikel
  📁 project/ → 1 artikel
  ✅ Sitemap: 13 URLs

✅ Selesai! Total 9 halaman terbit.
   📍 https://muhdanfyan.github.io/catatan/
   📍 https://muhdanfyan.github.io/laporan/
   📍 https://muhdanfyan.github.io/project/
  ✅ Build selesai
[main 4e6e41b] gardener: auto-build 2026-07-21 02:30
 1 file changed, 20 insertions(+)
  ✅ Push ke GitHub Pages selesai
[2026-07-21 02:30:05] ✅ Selesai!

[2026-07-21 03:00:01] 🌱 Memulai deploy Digital Garden...
Already up to date.
  ✅ Pull selesai
🌱 Membangun Digital Garden...

  📁 catatan/ → 1 artikel
  📁 laporan/ → 7 artikel
  📁 project/ → 1 artikel
  ✅ Sitemap: 13 URLs

✅ Selesai! Total 9 halaman terbit.
   📍 https://muhdanfyan.github.io/catatan/
   📍 https://muhdanfyan.github.io/laporan/
   📍 https://muhdanfyan.github.io/project/
  ✅ Build selesai
[main f6a1d0b] gardener: auto-build 2026-07-21 03:00
 1 file changed, 20 insertions(+)
  ✅ Push ke GitHub Pages selesai
[2026-07-21 03:00:04] ✅ Selesai!

[2026-07-21 03:30:01] 🌱 Memulai deploy Digital Garden...
Already up to date.
  ✅ Pull selesai
🌱 Membangun Digital Garden...

  📁 catatan/ → 1 artikel
  📁 laporan/ → 7 artikel
  📁 project/ → 1 artikel
  ✅ Sitemap: 13 URLs

✅ Selesai! Total 9 halaman terbit.
   📍 https://muhdanfyan.github.io/catatan/
   📍 https://muhdanfyan.github.io/laporan/
   📍 https://muhdanfyan.github.io/project/
  ✅ Build selesai
[main 9337978] gardener: auto-build 2026-07-21 03:30
 1 file changed, 20 insertions(+)
  ✅ Push ke GitHub Pages selesai
[2026-07-21 03:30:05] ✅ Selesai!

[2026-07-21 04:00:01] 🌱 Memulai deploy Digital Garden...
Already up to date.
  ✅ Pull selesai
🌱 Membangun Digital Garden...

  📁 catatan/ → 1 artikel
  📁 laporan/ → 7 artikel
  📁 project/ → 1 artikel
  ✅ Sitemap: 13 URLs

✅ Selesai! Total 9 halaman terbit.
   📍 https://muhdanfyan.github.io/catatan/
   📍 https://muhdanfyan.github.io/laporan/
   📍 https://muhdanfyan.github.io/project/
  ✅ Build selesai
[main 3818ff3] gardener: auto-build 2026-07-21 04:00
 1 file changed, 20 insertions(+)
  ✅ Push ke GitHub Pages selesai
[2026-07-21 04:00:05] ✅ Selesai!

[2026-07-21 04:30:01] 🌱 Memulai deploy Digital Garden...
Already up to date.
  ✅ Pull selesai
🌱 Membangun Digital Garden...

  📁 catatan/ → 1 artikel
  📁 laporan/ → 7 artikel
  📁 project/ → 1 artikel
  ✅ Sitemap: 13 URLs

✅ Selesai! Total 9 halaman terbit.
   📍 https://muhdanfyan.github.io/catatan/
   📍 https://muhdanfyan.github.io/laporan/
   📍 https://muhdanfyan.github.io/project/
  ✅ Build selesai
[main 7114207] gardener: auto-build 2026-07-21 04:30
 1 file changed, 20 insertions(+)
  ✅ Push ke GitHub Pages selesai
[2026-07-21 04:30:04] ✅ Selesai!

[2026-07-21 05:00:01] 🌱 Memulai deploy Digital Garden...
Already up to date.
  ✅ Pull selesai
🌱 Membangun Digital Garden...

  📁 catatan/ → 1 artikel
  📁 laporan/ → 7 artikel
  📁 project/ → 1 artikel
  ✅ Sitemap: 13 URLs

✅ Selesai! Total 9 halaman terbit.
   📍 https://muhdanfyan.github.io/catatan/
   📍 https://muhdanfyan.github.io/laporan/
   📍 https://muhdanfyan.github.io/project/
  ✅ Build selesai
[main 8cdd04b] gardener: auto-build 2026-07-21 05:00
 1 file changed, 20 insertions(+)
  ✅ Push ke GitHub Pages selesai
[2026-07-21 05:00:05] ✅ Selesai!

[2026-07-21 05:30:01] 🌱 Memulai deploy Digital Garden...
Already up to date.
  ✅ Pull selesai
🌱 Membangun Digital Garden...

  📁 catatan/ → 1 artikel
  📁 laporan/ → 7 artikel
  📁 project/ → 1 artikel
  ✅ Sitemap: 13 URLs

✅ Selesai! Total 9 halaman terbit.
   📍 https://muhdanfyan.github.io/catatan/
   📍 https://muhdanfyan.github.io/laporan/
   📍 https://muhdanfyan.github.io/project/
  ✅ Build selesai
[main 689cf58] gardener: auto-build 2026-07-21 05:30
 1 file changed, 20 insertions(+)
  ✅ Push ke GitHub Pages selesai
[2026-07-21 05:30:05] ✅ Selesai!

[2026-07-21 06:00:01] 🌱 Memulai deploy Digital Garden...
Already up to date.
  ✅ Pull selesai
🌱 Membangun Digital Garden...

  📁 catatan/ → 1 artikel
  📁 laporan/ → 7 artikel
  📁 project/ → 1 artikel
  ✅ Sitemap: 13 URLs

✅ Selesai! Total 9 halaman terbit.
   📍 https://muhdanfyan.github.io/catatan/
   📍 https://muhdanfyan.github.io/laporan/
   📍 https://muhdanfyan.github.io/project/
  ✅ Build selesai
[main b55679d] gardener: auto-build 2026-07-21 06:00
 1 file changed, 20 insertions(+)
  ✅ Push ke GitHub Pages selesai
[2026-07-21 06:00:05] ✅ Selesai!

[2026-07-21 06:30:01] 🌱 Memulai deploy Digital Garden...
Already up to date.
  ✅ Pull selesai
🌱 Membangun Digital Garden...

  📁 catatan/ → 1 artikel
  📁 laporan/ → 7 artikel
  📁 project/ → 1 artikel
  ✅ Sitemap: 13 URLs

✅ Selesai! Total 9 halaman terbit.
   📍 https://muhdanfyan.github.io/catatan/
   📍 https://muhdanfyan.github.io/laporan/
   📍 https://muhdanfyan.github.io/project/
  ✅ Build selesai
[main cf1fff0] gardener: auto-build 2026-07-21 06:30
 1 file changed, 20 insertions(+)
  ✅ Push ke GitHub Pages selesai
[2026-07-21 06:30:04] ✅ Selesai!

[2026-07-21 07:00:01] 🌱 Memulai deploy Digital Garden...
Already up to date.
  ✅ Pull selesai
🌱 Membangun Digital Garden...

  📁 catatan/ → 1 artikel
  📁 laporan/ → 7 artikel
  📁 project/ → 1 artikel
  ✅ Sitemap: 13 URLs

✅ Selesai! Total 9 halaman terbit.
   📍 https://muhdanfyan.github.io/catatan/
   📍 https://muhdanfyan.github.io/laporan/
   📍 https://muhdanfyan.github.io/project/
  ✅ Build selesai
[main f60c8ce] gardener: auto-build 2026-07-21 07:00
 1 file changed, 20 insertions(+)
  ✅ Push ke GitHub Pages selesai
[2026-07-21 07:00:04] ✅ Selesai!

[2026-07-21 07:30:01] 🌱 Memulai deploy Digital Garden...
Already up to date.
  ✅ Pull selesai
🌱 Membangun Digital Garden...

  📁 catatan/ → 1 artikel
  📁 laporan/ → 7 artikel
  📁 project/ → 1 artikel
  ✅ Sitemap: 13 URLs

✅ Selesai! Total 9 halaman terbit.
   📍 https://muhdanfyan.github.io/catatan/
   📍 https://muhdanfyan.github.io/laporan/
   📍 https://muhdanfyan.github.io/project/
  ✅ Build selesai
[main d11f6e6] gardener: auto-build 2026-07-21 07:30
 1 file changed, 20 insertions(+)
  ✅ Push ke GitHub Pages selesai
[2026-07-21 07:30:05] ✅ Selesai!

[2026-07-21 08:00:01] 🌱 Memulai deploy Digital Garden...
Already up to date.
  ✅ Pull selesai
🌱 Membangun Digital Garden...

  📁 catatan/ → 1 artikel
  📁 laporan/ → 7 artikel
  📁 project/ → 1 artikel
  ✅ Sitemap: 13 URLs

✅ Selesai! Total 9 halaman terbit.
   📍 https://muhdanfyan.github.io/catatan/
   📍 https://muhdanfyan.github.io/laporan/
   📍 https://muhdanfyan.github.io/project/
  ✅ Build selesai
[main f9db92c] gardener: auto-build 2026-07-21 08:00
 1 file changed, 20 insertions(+)
  ✅ Push ke GitHub Pages selesai
[2026-07-21 08:00:04] ✅ Selesai!

[2026-07-21 08:30:01] 🌱 Memulai deploy Digital Garden...
Already up to date.
  ✅ Pull selesai
🌱 Membangun Digital Garden...

  📁 catatan/ → 1 artikel
  📁 laporan/ → 7 artikel
  📁 project/ → 1 artikel
  ✅ Sitemap: 13 URLs

✅ Selesai! Total 9 halaman terbit.
   📍 https://muhdanfyan.github.io/catatan/
   📍 https://muhdanfyan.github.io/laporan/
   📍 https://muhdanfyan.github.io/project/
  ✅ Build selesai
[main 78ee290] gardener: auto-build 2026-07-21 08:30
 1 file changed, 20 insertions(+)
  ✅ Push ke GitHub Pages selesai
[2026-07-21 08:30:08] ✅ Selesai!

[2026-07-21 09:00:02] 🌱 Memulai deploy Digital Garden...
Already up to date.
  ✅ Pull selesai
🌱 Membangun Digital Garden...

  📁 catatan/ → 1 artikel
  📁 laporan/ → 7 artikel
  📁 project/ → 1 artikel
  ✅ Sitemap: 13 URLs

✅ Selesai! Total 9 halaman terbit.
   📍 https://muhdanfyan.github.io/catatan/
   📍 https://muhdanfyan.github.io/laporan/
   📍 https://muhdanfyan.github.io/project/
  ✅ Build selesai
[main a6e349d] gardener: auto-build 2026-07-21 09:00
 1 file changed, 20 insertions(+)
  ✅ Push ke GitHub Pages selesai
[2026-07-21 09:00:06] ✅ Selesai!

[2026-07-21 09:30:01] 🌱 Memulai deploy Digital Garden...
Already up to date.
  ✅ Pull selesai
🌱 Membangun Digital Garden...

  📁 catatan/ → 1 artikel
  📁 laporan/ → 7 artikel
  📁 project/ → 1 artikel
  ✅ Sitemap: 13 URLs

✅ Selesai! Total 9 halaman terbit.
   📍 https://muhdanfyan.github.io/catatan/
   📍 https://muhdanfyan.github.io/laporan/
   📍 https://muhdanfyan.github.io/project/
  ✅ Build selesai
[main 3e5ad8b] gardener: auto-build 2026-07-21 09:30
 1 file changed, 20 insertions(+)
  ✅ Push ke GitHub Pages selesai
[2026-07-21 09:30:04] ✅ Selesai!

[2026-07-21 10:00:01] 🌱 Memulai deploy Digital Garden...
Already up to date.
  ✅ Pull selesai
🌱 Membangun Digital Garden...

  📁 catatan/ → 1 artikel
  📁 laporan/ → 7 artikel
  📁 project/ → 1 artikel
  ✅ Sitemap: 13 URLs

✅ Selesai! Total 9 halaman terbit.
   📍 https://muhdanfyan.github.io/catatan/
   📍 https://muhdanfyan.github.io/laporan/
   📍 https://muhdanfyan.github.io/project/
  ✅ Build selesai
[main ea7a671] gardener: auto-build 2026-07-21 10:00
 1 file changed, 20 insertions(+)
  ✅ Push ke GitHub Pages selesai
[2026-07-21 10:00:06] ✅ Selesai!

[2026-07-21 10:30:01] 🌱 Memulai deploy Digital Garden...
Already up to date.
  ✅ Pull selesai
🌱 Membangun Digital Garden...

  📁 catatan/ → 1 artikel
  📁 laporan/ → 7 artikel
  📁 project/ → 1 artikel
  ✅ Sitemap: 13 URLs

✅ Selesai! Total 9 halaman terbit.
   📍 https://muhdanfyan.github.io/catatan/
   📍 https://muhdanfyan.github.io/laporan/
   📍 https://muhdanfyan.github.io/project/
  ✅ Build selesai
[main 58aea1f] gardener: auto-build 2026-07-21 10:30
 1 file changed, 20 insertions(+)
  ✅ Push ke GitHub Pages selesai
[2026-07-21 10:30:05] ✅ Selesai!

[2026-07-21 11:00:01] 🌱 Memulai deploy Digital Garden...
Already up to date.
  ✅ Pull selesai
🌱 Membangun Digital Garden...

  📁 catatan/ → 1 artikel
  📁 laporan/ → 7 artikel
  📁 project/ → 1 artikel
  ✅ Sitemap: 13 URLs

✅ Selesai! Total 9 halaman terbit.
   📍 https://muhdanfyan.github.io/catatan/
   📍 https://muhdanfyan.github.io/laporan/
   📍 https://muhdanfyan.github.io/project/
  ✅ Build selesai
[main 5cdd674] gardener: auto-build 2026-07-21 11:00
 1 file changed, 20 insertions(+)
  ✅ Push ke GitHub Pages selesai
[2026-07-21 11:00:04] ✅ Selesai!

[2026-07-21 11:30:01] 🌱 Memulai deploy Digital Garden...
Already up to date.
  ✅ Pull selesai
🌱 Membangun Digital Garden...

  📁 catatan/ → 1 artikel
  📁 laporan/ → 7 artikel
  📁 project/ → 1 artikel
  ✅ Sitemap: 13 URLs

✅ Selesai! Total 9 halaman terbit.
   📍 https://muhdanfyan.github.io/catatan/
   📍 https://muhdanfyan.github.io/laporan/
   📍 https://muhdanfyan.github.io/project/
  ✅ Build selesai
[main b49736b] gardener: auto-build 2026-07-21 11:30
 1 file changed, 20 insertions(+)
  ✅ Push ke GitHub Pages selesai
[2026-07-21 11:30:05] ✅ Selesai!

[2026-07-21 12:00:01] 🌱 Memulai deploy Digital Garden...
Already up to date.
  ✅ Pull selesai
🌱 Membangun Digital Garden...

  📁 catatan/ → 1 artikel
  📁 laporan/ → 7 artikel
  📁 project/ → 1 artikel
  ✅ Sitemap: 13 URLs

✅ Selesai! Total 9 halaman terbit.
   📍 https://muhdanfyan.github.io/catatan/
   📍 https://muhdanfyan.github.io/laporan/
   📍 https://muhdanfyan.github.io/project/
  ✅ Build selesai
[main 627def2] gardener: auto-build 2026-07-21 12:00
 1 file changed, 20 insertions(+)
  ✅ Push ke GitHub Pages selesai
[2026-07-21 12:00:04] ✅ Selesai!

[2026-07-21 12:30:02] 🌱 Memulai deploy Digital Garden...
Already up to date.
  ✅ Pull selesai
🌱 Membangun Digital Garden...

  📁 catatan/ → 1 artikel
  📁 laporan/ → 7 artikel
  📁 project/ → 1 artikel
  ✅ Sitemap: 13 URLs

✅ Selesai! Total 9 halaman terbit.
   📍 https://muhdanfyan.github.io/catatan/
   📍 https://muhdanfyan.github.io/laporan/
   📍 https://muhdanfyan.github.io/project/
  ✅ Build selesai
[main 23fb3a4] gardener: auto-build 2026-07-21 12:30
 1 file changed, 20 insertions(+)
  ✅ Push ke GitHub Pages selesai
[2026-07-21 12:30:21] ✅ Selesai!

[2026-07-21 13:00:01] 🌱 Memulai deploy Digital Garden...
Already up to date.
  ✅ Pull selesai
🌱 Membangun Digital Garden...

  📁 catatan/ → 1 artikel
  📁 laporan/ → 7 artikel
  📁 project/ → 1 artikel
  ✅ Sitemap: 13 URLs

✅ Selesai! Total 9 halaman terbit.
   📍 https://muhdanfyan.github.io/catatan/
   📍 https://muhdanfyan.github.io/laporan/
   📍 https://muhdanfyan.github.io/project/
  ✅ Build selesai
[main 556f5bd] gardener: auto-build 2026-07-21 13:00
 1 file changed, 20 insertions(+)
  ✅ Push ke GitHub Pages selesai
[2026-07-21 13:00:05] ✅ Selesai!

[2026-07-21 13:30:01] 🌱 Memulai deploy Digital Garden...
Already up to date.
  ✅ Pull selesai
🌱 Membangun Digital Garden...

  📁 catatan/ → 1 artikel
  📁 laporan/ → 7 artikel
  📁 project/ → 1 artikel
  ✅ Sitemap: 13 URLs

✅ Selesai! Total 9 halaman terbit.
   📍 https://muhdanfyan.github.io/catatan/
   📍 https://muhdanfyan.github.io/laporan/
   📍 https://muhdanfyan.github.io/project/
  ✅ Build selesai
[main 38e0cf4] gardener: auto-build 2026-07-21 13:30
 1 file changed, 20 insertions(+)
  ✅ Push ke GitHub Pages selesai
[2026-07-21 13:30:06] ✅ Selesai!

[2026-07-21 14:00:01] 🌱 Memulai deploy Digital Garden...
Already up to date.
  ✅ Pull selesai
🌱 Membangun Digital Garden...

  📁 catatan/ → 1 artikel
  📁 laporan/ → 7 artikel
  📁 project/ → 1 artikel
  ✅ Sitemap: 13 URLs

✅ Selesai! Total 9 halaman terbit.
   📍 https://muhdanfyan.github.io/catatan/
   📍 https://muhdanfyan.github.io/laporan/
   📍 https://muhdanfyan.github.io/project/
  ✅ Build selesai
[main 0aed9aa] gardener: auto-build 2026-07-21 14:00
 1 file changed, 20 insertions(+)
  ✅ Push ke GitHub Pages selesai
[2026-07-21 14:00:05] ✅ Selesai!

[2026-07-21 14:30:01] 🌱 Memulai deploy Digital Garden...
Already up to date.
  ✅ Pull selesai
🌱 Membangun Digital Garden...

  📁 catatan/ → 1 artikel
  📁 laporan/ → 7 artikel
  📁 project/ → 1 artikel
  ✅ Sitemap: 13 URLs

✅ Selesai! Total 9 halaman terbit.
   📍 https://muhdanfyan.github.io/catatan/
   📍 https://muhdanfyan.github.io/laporan/
   📍 https://muhdanfyan.github.io/project/
  ✅ Build selesai
[main 2f74e7c] gardener: auto-build 2026-07-21 14:30
 1 file changed, 20 insertions(+)
  ✅ Push ke GitHub Pages selesai
[2026-07-21 14:30:05] ✅ Selesai!

[2026-07-21 15:00:01] 🌱 Memulai deploy Digital Garden...
Already up to date.
  ✅ Pull selesai
🌱 Membangun Digital Garden...

  📁 catatan/ → 1 artikel
  📁 laporan/ → 7 artikel
  📁 project/ → 1 artikel
  ✅ Sitemap: 13 URLs

✅ Selesai! Total 9 halaman terbit.
   📍 https://muhdanfyan.github.io/catatan/
   📍 https://muhdanfyan.github.io/laporan/
   📍 https://muhdanfyan.github.io/project/
  ✅ Build selesai
[main e45138f] gardener: auto-build 2026-07-21 15:00
 1 file changed, 20 insertions(+)
  ✅ Push ke GitHub Pages selesai
[2026-07-21 15:00:20] ✅ Selesai!

[2026-07-21 15:30:01] 🌱 Memulai deploy Digital Garden...
Already up to date.
  ✅ Pull selesai
🌱 Membangun Digital Garden...

  📁 catatan/ → 1 artikel
  📁 laporan/ → 7 artikel
  📁 project/ → 1 artikel
  ✅ Sitemap: 13 URLs

✅ Selesai! Total 9 halaman terbit.
   📍 https://muhdanfyan.github.io/catatan/
   📍 https://muhdanfyan.github.io/laporan/
   📍 https://muhdanfyan.github.io/project/
  ✅ Build selesai
[main b917bba] gardener: auto-build 2026-07-21 15:30
 1 file changed, 20 insertions(+)
  ✅ Push ke GitHub Pages selesai
[2026-07-21 15:30:06] ✅ Selesai!

[2026-07-21 16:00:01] 🌱 Memulai deploy Digital Garden...
Already up to date.
  ✅ Pull selesai
🌱 Membangun Digital Garden...

  📁 catatan/ → 1 artikel
  📁 laporan/ → 7 artikel
  📁 project/ → 1 artikel
  ✅ Sitemap: 13 URLs

✅ Selesai! Total 9 halaman terbit.
   📍 https://muhdanfyan.github.io/catatan/
   📍 https://muhdanfyan.github.io/laporan/
   📍 https://muhdanfyan.github.io/project/
  ✅ Build selesai
[main c603a53] gardener: auto-build 2026-07-21 16:00
 1 file changed, 20 insertions(+)
  ✅ Push ke GitHub Pages selesai
[2026-07-21 16:00:07] ✅ Selesai!

[2026-07-21 16:30:01] 🌱 Memulai deploy Digital Garden...
Already up to date.
  ✅ Pull selesai
🌱 Membangun Digital Garden...

  📁 catatan/ → 1 artikel
  📁 laporan/ → 7 artikel
  📁 project/ → 1 artikel
  ✅ Sitemap: 13 URLs

✅ Selesai! Total 9 halaman terbit.
   📍 https://muhdanfyan.github.io/catatan/
   📍 https://muhdanfyan.github.io/laporan/
   📍 https://muhdanfyan.github.io/project/
  ✅ Build selesai
[main e896bb8] gardener: auto-build 2026-07-21 16:30
 1 file changed, 20 insertions(+)
  ✅ Push ke GitHub Pages selesai
[2026-07-21 16:30:05] ✅ Selesai!

[2026-07-21 17:00:02] 🌱 Memulai deploy Digital Garden...
Already up to date.
  ✅ Pull selesai
🌱 Membangun Digital Garden...

  📁 catatan/ → 1 artikel
  📁 laporan/ → 7 artikel
  📁 project/ → 1 artikel
  ✅ Sitemap: 13 URLs

✅ Selesai! Total 9 halaman terbit.
   📍 https://muhdanfyan.github.io/catatan/
   📍 https://muhdanfyan.github.io/laporan/
   📍 https://muhdanfyan.github.io/project/
  ✅ Build selesai
[main b5ee619] gardener: auto-build 2026-07-21 17:00
 1 file changed, 20 insertions(+)
  ✅ Push ke GitHub Pages selesai
[2026-07-21 17:00:07] ✅ Selesai!

[2026-07-21 17:30:01] 🌱 Memulai deploy Digital Garden...
Already up to date.
  ✅ Pull selesai
🌱 Membangun Digital Garden...

  📁 catatan/ → 1 artikel
  📁 laporan/ → 7 artikel
  📁 project/ → 1 artikel
  ✅ Sitemap: 13 URLs

✅ Selesai! Total 9 halaman terbit.
   📍 https://muhdanfyan.github.io/catatan/
   📍 https://muhdanfyan.github.io/laporan/
   📍 https://muhdanfyan.github.io/project/
  ✅ Build selesai
[main 9937d8c] gardener: auto-build 2026-07-21 17:30
 1 file changed, 20 insertions(+)
  ✅ Push ke GitHub Pages selesai
[2026-07-21 17:30:04] ✅ Selesai!

[2026-07-21 18:00:01] 🌱 Memulai deploy Digital Garden...
Already up to date.
  ✅ Pull selesai
🌱 Membangun Digital Garden...

  📁 catatan/ → 1 artikel
  📁 laporan/ → 7 artikel
  📁 project/ → 1 artikel
  ✅ Sitemap: 13 URLs

✅ Selesai! Total 9 halaman terbit.
   📍 https://muhdanfyan.github.io/catatan/
   📍 https://muhdanfyan.github.io/laporan/
   📍 https://muhdanfyan.github.io/project/
  ✅ Build selesai
[main dcfad46] gardener: auto-build 2026-07-21 18:00
 1 file changed, 20 insertions(+)
  ✅ Push ke GitHub Pages selesai
[2026-07-21 18:00:05] ✅ Selesai!

[2026-07-21 18:30:01] 🌱 Memulai deploy Digital Garden...
Already up to date.
  ✅ Pull selesai
🌱 Membangun Digital Garden...

  📁 catatan/ → 1 artikel
  📁 laporan/ → 7 artikel
  📁 project/ → 1 artikel
  ✅ Sitemap: 13 URLs

✅ Selesai! Total 9 halaman terbit.
   📍 https://muhdanfyan.github.io/catatan/
   📍 https://muhdanfyan.github.io/laporan/
   📍 https://muhdanfyan.github.io/project/
  ✅ Build selesai
[main 17d3f28] gardener: auto-build 2026-07-21 18:30
 1 file changed, 20 insertions(+)
  ✅ Push ke GitHub Pages selesai
[2026-07-21 18:30:06] ✅ Selesai!

[2026-07-21 19:00:01] 🌱 Memulai deploy Digital Garden...
Already up to date.
  ✅ Pull selesai
🌱 Membangun Digital Garden...

  📁 catatan/ → 1 artikel
  📁 laporan/ → 7 artikel
  📁 project/ → 1 artikel
  ✅ Sitemap: 13 URLs

✅ Selesai! Total 9 halaman terbit.
   📍 https://muhdanfyan.github.io/catatan/
   📍 https://muhdanfyan.github.io/laporan/
   📍 https://muhdanfyan.github.io/project/
  ✅ Build selesai
[main 940c41e] gardener: auto-build 2026-07-21 19:00
 1 file changed, 20 insertions(+)
  ✅ Push ke GitHub Pages selesai
[2026-07-21 19:00:13] ✅ Selesai!

[2026-07-21 19:30:01] 🌱 Memulai deploy Digital Garden...
Already up to date.
  ✅ Pull selesai
🌱 Membangun Digital Garden...

  📁 catatan/ → 1 artikel
  📁 laporan/ → 7 artikel
  📁 project/ → 1 artikel
  ✅ Sitemap: 13 URLs

✅ Selesai! Total 9 halaman terbit.
   📍 https://muhdanfyan.github.io/catatan/
   📍 https://muhdanfyan.github.io/laporan/
   📍 https://muhdanfyan.github.io/project/
  ✅ Build selesai
[main 0709374] gardener: auto-build 2026-07-21 19:30
 1 file changed, 20 insertions(+)
  ✅ Push ke GitHub Pages selesai
[2026-07-21 19:30:06] ✅ Selesai!

[2026-07-21 20:00:01] 🌱 Memulai deploy Digital Garden...
Already up to date.
  ✅ Pull selesai
🌱 Membangun Digital Garden...

  📁 catatan/ → 1 artikel
  📁 laporan/ → 7 artikel
  📁 project/ → 1 artikel
  ✅ Sitemap: 13 URLs

✅ Selesai! Total 9 halaman terbit.
   📍 https://muhdanfyan.github.io/catatan/
   📍 https://muhdanfyan.github.io/laporan/
   📍 https://muhdanfyan.github.io/project/
  ✅ Build selesai
[main 76e7cd0] gardener: auto-build 2026-07-21 20:00
 1 file changed, 20 insertions(+)
  ✅ Push ke GitHub Pages selesai
[2026-07-21 20:00:06] ✅ Selesai!

[2026-07-21 20:30:01] 🌱 Memulai deploy Digital Garden...
Already up to date.
  ✅ Pull selesai
🌱 Membangun Digital Garden...

  📁 catatan/ → 1 artikel
  📁 laporan/ → 7 artikel
  📁 project/ → 1 artikel
  ✅ Sitemap: 13 URLs

✅ Selesai! Total 9 halaman terbit.
   📍 https://muhdanfyan.github.io/catatan/
   📍 https://muhdanfyan.github.io/laporan/
   📍 https://muhdanfyan.github.io/project/
  ✅ Build selesai
[main 98ae104] gardener: auto-build 2026-07-21 20:30
 1 file changed, 20 insertions(+)
  ✅ Push ke GitHub Pages selesai
[2026-07-21 20:30:23] ✅ Selesai!

[2026-07-21 21:00:01] 🌱 Memulai deploy Digital Garden...
Already up to date.
  ✅ Pull selesai
🌱 Membangun Digital Garden...

  📁 catatan/ → 1 artikel
  📁 laporan/ → 7 artikel
  📁 project/ → 1 artikel
  ✅ Sitemap: 13 URLs

✅ Selesai! Total 9 halaman terbit.
   📍 https://muhdanfyan.github.io/catatan/
   📍 https://muhdanfyan.github.io/laporan/
   📍 https://muhdanfyan.github.io/project/
  ✅ Build selesai
[main 82d21b2] gardener: auto-build 2026-07-21 21:00
 1 file changed, 20 insertions(+)
  ✅ Push ke GitHub Pages selesai
[2026-07-21 21:00:05] ✅ Selesai!

[2026-07-21 21:30:01] 🌱 Memulai deploy Digital Garden...
Already up to date.
  ✅ Pull selesai
🌱 Membangun Digital Garden...

  📁 catatan/ → 1 artikel
  📁 laporan/ → 7 artikel
  📁 project/ → 1 artikel
  ✅ Sitemap: 13 URLs

✅ Selesai! Total 9 halaman terbit.
   📍 https://muhdanfyan.github.io/catatan/
   📍 https://muhdanfyan.github.io/laporan/
   📍 https://muhdanfyan.github.io/project/
  ✅ Build selesai
[main 752596e] gardener: auto-build 2026-07-21 21:30
 1 file changed, 20 insertions(+)
  ✅ Push ke GitHub Pages selesai
[2026-07-21 21:30:10] ✅ Selesai!

[2026-07-21 22:00:27] 🌱 Memulai deploy Digital Garden...
Already up to date.
  ✅ Pull selesai
🌱 Membangun Digital Garden...

  📁 catatan/ → 1 artikel
  📁 laporan/ → 7 artikel
  📁 project/ → 1 artikel
  ✅ Sitemap: 13 URLs

✅ Selesai! Total 9 halaman terbit.
   📍 https://muhdanfyan.github.io/catatan/
   📍 https://muhdanfyan.github.io/laporan/
   📍 https://muhdanfyan.github.io/project/
  ✅ Build selesai
[main 9f7680e] gardener: auto-build 2026-07-21 22:00
 1 file changed, 20 insertions(+)
  ✅ Push ke GitHub Pages selesai
[2026-07-21 22:00:53] ✅ Selesai!

[2026-07-21 22:30:01] 🌱 Memulai deploy Digital Garden...
Already up to date.
  ✅ Pull selesai
🌱 Membangun Digital Garden...

  📁 catatan/ → 1 artikel
  📁 laporan/ → 7 artikel
  📁 project/ → 1 artikel
  ✅ Sitemap: 13 URLs

✅ Selesai! Total 9 halaman terbit.
   📍 https://muhdanfyan.github.io/catatan/
   📍 https://muhdanfyan.github.io/laporan/
   📍 https://muhdanfyan.github.io/project/
  ✅ Build selesai
[main 59cf7c2] gardener: auto-build 2026-07-21 22:30
 1 file changed, 20 insertions(+)
  ✅ Push ke GitHub Pages selesai
[2026-07-21 22:30:06] ✅ Selesai!

[2026-07-21 23:00:01] 🌱 Memulai deploy Digital Garden...
Already up to date.
  ✅ Pull selesai
🌱 Membangun Digital Garden...

  📁 catatan/ → 1 artikel
  📁 laporan/ → 7 artikel
  📁 project/ → 1 artikel
  ✅ Sitemap: 13 URLs

✅ Selesai! Total 9 halaman terbit.
   📍 https://muhdanfyan.github.io/catatan/
   📍 https://muhdanfyan.github.io/laporan/
   📍 https://muhdanfyan.github.io/project/
  ✅ Build selesai
[main 11329ea] gardener: auto-build 2026-07-21 23:00
 1 file changed, 20 insertions(+)
  ✅ Push ke GitHub Pages selesai
[2026-07-21 23:00:07] ✅ Selesai!

[2026-07-21 23:30:01] 🌱 Memulai deploy Digital Garden...
Already up to date.
  ✅ Pull selesai
🌱 Membangun Digital Garden...

  📁 catatan/ → 1 artikel
  📁 laporan/ → 7 artikel
  📁 project/ → 1 artikel
  ✅ Sitemap: 13 URLs

✅ Selesai! Total 9 halaman terbit.
   📍 https://muhdanfyan.github.io/catatan/
   📍 https://muhdanfyan.github.io/laporan/
   📍 https://muhdanfyan.github.io/project/
  ✅ Build selesai
[main e1e0c97] gardener: auto-build 2026-07-21 23:30
 1 file changed, 20 insertions(+)
  ✅ Push ke GitHub Pages selesai
[2026-07-21 23:30:07] ✅ Selesai!

[2026-07-22 00:00:25] 🌱 Memulai deploy Digital Garden...
Already up to date.
  ✅ Pull selesai
🌱 Membangun Digital Garden...

  📁 catatan/ → 1 artikel
  📁 laporan/ → 7 artikel
  📁 project/ → 1 artikel
  ✅ Sitemap: 13 URLs

✅ Selesai! Total 9 halaman terbit.
   📍 https://muhdanfyan.github.io/catatan/
   📍 https://muhdanfyan.github.io/laporan/
   📍 https://muhdanfyan.github.io/project/
  ✅ Build selesai
[main 047ab03] gardener: auto-build 2026-07-22 00:00
 1 file changed, 20 insertions(+)
  ✅ Push ke GitHub Pages selesai
[2026-07-22 00:00:28] ✅ Selesai!

[2026-07-22 00:30:01] 🌱 Memulai deploy Digital Garden...
Already up to date.
  ✅ Pull selesai
🌱 Membangun Digital Garden...

  📁 catatan/ → 1 artikel
  📁 laporan/ → 7 artikel
  📁 project/ → 1 artikel
  ✅ Sitemap: 13 URLs

✅ Selesai! Total 9 halaman terbit.
   📍 https://muhdanfyan.github.io/catatan/
   📍 https://muhdanfyan.github.io/laporan/
   📍 https://muhdanfyan.github.io/project/
  ✅ Build selesai
[main bac9644] gardener: auto-build 2026-07-22 00:30
 1 file changed, 20 insertions(+)
  ✅ Push ke GitHub Pages selesai
[2026-07-22 00:30:08] ✅ Selesai!

[2026-07-22 01:00:01] 🌱 Memulai deploy Digital Garden...
Already up to date.
  ✅ Pull selesai
🌱 Membangun Digital Garden...

  📁 catatan/ → 1 artikel
  📁 laporan/ → 7 artikel
  📁 project/ → 1 artikel
  ✅ Sitemap: 13 URLs

✅ Selesai! Total 9 halaman terbit.
   📍 https://muhdanfyan.github.io/catatan/
   📍 https://muhdanfyan.github.io/laporan/
   📍 https://muhdanfyan.github.io/project/
  ✅ Build selesai
[main cba5e77] gardener: auto-build 2026-07-22 01:00
 1 file changed, 20 insertions(+)
  ✅ Push ke GitHub Pages selesai
[2026-07-22 01:00:04] ✅ Selesai!

[2026-07-22 01:30:01] 🌱 Memulai deploy Digital Garden...
Already up to date.
  ✅ Pull selesai
🌱 Membangun Digital Garden...

  📁 catatan/ → 1 artikel
  📁 laporan/ → 7 artikel
  📁 project/ → 1 artikel
  ✅ Sitemap: 13 URLs

✅ Selesai! Total 9 halaman terbit.
   📍 https://muhdanfyan.github.io/catatan/
   📍 https://muhdanfyan.github.io/laporan/
   📍 https://muhdanfyan.github.io/project/
  ✅ Build selesai
[main 46d1592] gardener: auto-build 2026-07-22 01:30
 1 file changed, 20 insertions(+)
  ✅ Push ke GitHub Pages selesai
[2026-07-22 01:30:04] ✅ Selesai!

[2026-07-22 02:00:01] 🌱 Memulai deploy Digital Garden...
Already up to date.
  ✅ Pull selesai
🌱 Membangun Digital Garden...

  📁 catatan/ → 1 artikel
  📁 laporan/ → 7 artikel
  📁 project/ → 1 artikel
  ✅ Sitemap: 13 URLs

✅ Selesai! Total 9 halaman terbit.
   📍 https://muhdanfyan.github.io/catatan/
   📍 https://muhdanfyan.github.io/laporan/
   📍 https://muhdanfyan.github.io/project/
  ✅ Build selesai
[main 94d3229] gardener: auto-build 2026-07-22 02:00
 1 file changed, 20 insertions(+)
  ✅ Push ke GitHub Pages selesai
[2026-07-22 02:00:05] ✅ Selesai!

[2026-07-22 02:30:01] 🌱 Memulai deploy Digital Garden...
Already up to date.
  ✅ Pull selesai
🌱 Membangun Digital Garden...

  📁 catatan/ → 1 artikel
  📁 laporan/ → 7 artikel
  📁 project/ → 1 artikel
  ✅ Sitemap: 13 URLs

✅ Selesai! Total 9 halaman terbit.
   📍 https://muhdanfyan.github.io/catatan/
   📍 https://muhdanfyan.github.io/laporan/
   📍 https://muhdanfyan.github.io/project/
  ✅ Build selesai
[main 8b836eb] gardener: auto-build 2026-07-22 02:30
 1 file changed, 20 insertions(+)
  ✅ Push ke GitHub Pages selesai
[2026-07-22 02:30:05] ✅ Selesai!

[2026-07-22 03:00:01] 🌱 Memulai deploy Digital Garden...
Already up to date.
  ✅ Pull selesai
🌱 Membangun Digital Garden...

  📁 catatan/ → 1 artikel
  📁 laporan/ → 7 artikel
  📁 project/ → 1 artikel
  ✅ Sitemap: 13 URLs

✅ Selesai! Total 9 halaman terbit.
   📍 https://muhdanfyan.github.io/catatan/
   📍 https://muhdanfyan.github.io/laporan/
   📍 https://muhdanfyan.github.io/project/
  ✅ Build selesai
[main 32441c0] gardener: auto-build 2026-07-22 03:00
 1 file changed, 20 insertions(+)
  ✅ Push ke GitHub Pages selesai
[2026-07-22 03:00:06] ✅ Selesai!

[2026-07-22 03:30:01] 🌱 Memulai deploy Digital Garden...
Already up to date.
  ✅ Pull selesai
🌱 Membangun Digital Garden...

  📁 catatan/ → 1 artikel
  📁 laporan/ → 7 artikel
  📁 project/ → 1 artikel
  ✅ Sitemap: 13 URLs

✅ Selesai! Total 9 halaman terbit.
   📍 https://muhdanfyan.github.io/catatan/
   📍 https://muhdanfyan.github.io/laporan/
   📍 https://muhdanfyan.github.io/project/
  ✅ Build selesai
[main a86a39b] gardener: auto-build 2026-07-22 03:30
 1 file changed, 20 insertions(+)
  ✅ Push ke GitHub Pages selesai
[2026-07-22 03:30:05] ✅ Selesai!

[2026-07-22 04:00:01] 🌱 Memulai deploy Digital Garden...
Already up to date.
  ✅ Pull selesai
🌱 Membangun Digital Garden...

  📁 catatan/ → 1 artikel
  📁 laporan/ → 7 artikel
  📁 project/ → 1 artikel
  ✅ Sitemap: 13 URLs

✅ Selesai! Total 9 halaman terbit.
   📍 https://muhdanfyan.github.io/catatan/
   📍 https://muhdanfyan.github.io/laporan/
   📍 https://muhdanfyan.github.io/project/
  ✅ Build selesai
[main 819c5ee] gardener: auto-build 2026-07-22 04:00
 1 file changed, 20 insertions(+)
  ✅ Push ke GitHub Pages selesai
[2026-07-22 04:00:06] ✅ Selesai!

[2026-07-22 04:30:01] 🌱 Memulai deploy Digital Garden...
Already up to date.
  ✅ Pull selesai
🌱 Membangun Digital Garden...

  📁 catatan/ → 1 artikel
  📁 laporan/ → 7 artikel
  📁 project/ → 1 artikel
  ✅ Sitemap: 13 URLs

✅ Selesai! Total 9 halaman terbit.
   📍 https://muhdanfyan.github.io/catatan/
   📍 https://muhdanfyan.github.io/laporan/
   📍 https://muhdanfyan.github.io/project/
  ✅ Build selesai
[main c42b936] gardener: auto-build 2026-07-22 04:30
 1 file changed, 20 insertions(+)
  ✅ Push ke GitHub Pages selesai
[2026-07-22 04:30:05] ✅ Selesai!

[2026-07-22 05:00:01] 🌱 Memulai deploy Digital Garden...
Already up to date.
  ✅ Pull selesai
🌱 Membangun Digital Garden...

  📁 catatan/ → 1 artikel
  📁 laporan/ → 7 artikel
  📁 project/ → 1 artikel
  ✅ Sitemap: 13 URLs

✅ Selesai! Total 9 halaman terbit.
   📍 https://muhdanfyan.github.io/catatan/
   📍 https://muhdanfyan.github.io/laporan/
   📍 https://muhdanfyan.github.io/project/
  ✅ Build selesai
[main 1ada390] gardener: auto-build 2026-07-22 05:00
 1 file changed, 20 insertions(+)
  ✅ Push ke GitHub Pages selesai
[2026-07-22 05:00:05] ✅ Selesai!

[2026-07-22 05:30:01] 🌱 Memulai deploy Digital Garden...
Already up to date.
  ✅ Pull selesai
🌱 Membangun Digital Garden...

  📁 catatan/ → 1 artikel
  📁 laporan/ → 7 artikel
  📁 project/ → 1 artikel
  ✅ Sitemap: 13 URLs

✅ Selesai! Total 9 halaman terbit.
   📍 https://muhdanfyan.github.io/catatan/
   📍 https://muhdanfyan.github.io/laporan/
   📍 https://muhdanfyan.github.io/project/
  ✅ Build selesai
[main cb98122] gardener: auto-build 2026-07-22 05:30
 1 file changed, 20 insertions(+)
  ✅ Push ke GitHub Pages selesai
[2026-07-22 05:30:04] ✅ Selesai!

[2026-07-22 06:00:01] 🌱 Memulai deploy Digital Garden...
Already up to date.
  ✅ Pull selesai
🌱 Membangun Digital Garden...

  📁 catatan/ → 1 artikel
  📁 laporan/ → 7 artikel
  📁 project/ → 1 artikel
  ✅ Sitemap: 13 URLs

✅ Selesai! Total 9 halaman terbit.
   📍 https://muhdanfyan.github.io/catatan/
   📍 https://muhdanfyan.github.io/laporan/
   📍 https://muhdanfyan.github.io/project/
  ✅ Build selesai
[main 474f362] gardener: auto-build 2026-07-22 06:00
 1 file changed, 20 insertions(+)
  ✅ Push ke GitHub Pages selesai
[2026-07-22 06:00:04] ✅ Selesai!

[2026-07-22 06:30:01] 🌱 Memulai deploy Digital Garden...
Already up to date.
  ✅ Pull selesai
🌱 Membangun Digital Garden...

  📁 catatan/ → 1 artikel
  📁 laporan/ → 7 artikel
  📁 project/ → 1 artikel
  ✅ Sitemap: 13 URLs

✅ Selesai! Total 9 halaman terbit.
   📍 https://muhdanfyan.github.io/catatan/
   📍 https://muhdanfyan.github.io/laporan/
   📍 https://muhdanfyan.github.io/project/
  ✅ Build selesai
[main bb7fd32] gardener: auto-build 2026-07-22 06:30
 1 file changed, 20 insertions(+)
  ✅ Push ke GitHub Pages selesai
[2026-07-22 06:30:04] ✅ Selesai!

[2026-07-22 07:00:01] 🌱 Memulai deploy Digital Garden...
Already up to date.
  ✅ Pull selesai
🌱 Membangun Digital Garden...

  📁 catatan/ → 1 artikel
  📁 laporan/ → 7 artikel
  📁 project/ → 1 artikel
  ✅ Sitemap: 13 URLs

✅ Selesai! Total 9 halaman terbit.
   📍 https://muhdanfyan.github.io/catatan/
   📍 https://muhdanfyan.github.io/laporan/
   📍 https://muhdanfyan.github.io/project/
  ✅ Build selesai
[main 4ee4c25] gardener: auto-build 2026-07-22 07:00
 1 file changed, 20 insertions(+)
  ✅ Push ke GitHub Pages selesai
[2026-07-22 07:00:05] ✅ Selesai!

[2026-07-22 07:30:01] 🌱 Memulai deploy Digital Garden...
Already up to date.
  ✅ Pull selesai
🌱 Membangun Digital Garden...

  📁 catatan/ → 1 artikel
  📁 laporan/ → 7 artikel
  📁 project/ → 1 artikel
  ✅ Sitemap: 13 URLs

✅ Selesai! Total 9 halaman terbit.
   📍 https://muhdanfyan.github.io/catatan/
   📍 https://muhdanfyan.github.io/laporan/
   📍 https://muhdanfyan.github.io/project/
  ✅ Build selesai
[main 02677f6] gardener: auto-build 2026-07-22 07:30
 1 file changed, 20 insertions(+)
  ✅ Push ke GitHub Pages selesai
[2026-07-22 07:30:05] ✅ Selesai!

[2026-07-22 08:00:01] 🌱 Memulai deploy Digital Garden...
Already up to date.
  ✅ Pull selesai
🌱 Membangun Digital Garden...

  📁 catatan/ → 1 artikel
  📁 laporan/ → 7 artikel
  📁 project/ → 1 artikel
  ✅ Sitemap: 13 URLs

✅ Selesai! Total 9 halaman terbit.
   📍 https://muhdanfyan.github.io/catatan/
   📍 https://muhdanfyan.github.io/laporan/
   📍 https://muhdanfyan.github.io/project/
  ✅ Build selesai
[main d2587dc] gardener: auto-build 2026-07-22 08:00
 1 file changed, 20 insertions(+)
  ✅ Push ke GitHub Pages selesai
[2026-07-22 08:00:07] ✅ Selesai!

[2026-07-22 08:30:01] 🌱 Memulai deploy Digital Garden...
Already up to date.
  ✅ Pull selesai
🌱 Membangun Digital Garden...

  📁 catatan/ → 1 artikel
  📁 laporan/ → 7 artikel
  📁 project/ → 1 artikel
  ✅ Sitemap: 13 URLs

✅ Selesai! Total 9 halaman terbit.
   📍 https://muhdanfyan.github.io/catatan/
   📍 https://muhdanfyan.github.io/laporan/
   📍 https://muhdanfyan.github.io/project/
  ✅ Build selesai
[main a1f172a] gardener: auto-build 2026-07-22 08:30
 1 file changed, 20 insertions(+)
  ✅ Push ke GitHub Pages selesai
[2026-07-22 08:30:04] ✅ Selesai!

[2026-07-22 09:00:01] 🌱 Memulai deploy Digital Garden...
Already up to date.
  ✅ Pull selesai
🌱 Membangun Digital Garden...

  📁 catatan/ → 1 artikel
  📁 laporan/ → 7 artikel
  📁 project/ → 1 artikel
  ✅ Sitemap: 13 URLs

✅ Selesai! Total 9 halaman terbit.
   📍 https://muhdanfyan.github.io/catatan/
   📍 https://muhdanfyan.github.io/laporan/
   📍 https://muhdanfyan.github.io/project/
  ✅ Build selesai
[main eb37503] gardener: auto-build 2026-07-22 09:00
 1 file changed, 20 insertions(+)
  ✅ Push ke GitHub Pages selesai
[2026-07-22 09:00:05] ✅ Selesai!

[2026-07-22 09:30:01] 🌱 Memulai deploy Digital Garden...
Already up to date.
  ✅ Pull selesai
🌱 Membangun Digital Garden...

  📁 catatan/ → 1 artikel
  📁 laporan/ → 7 artikel
  📁 project/ → 1 artikel
  ✅ Sitemap: 13 URLs

✅ Selesai! Total 9 halaman terbit.
   📍 https://muhdanfyan.github.io/catatan/
   📍 https://muhdanfyan.github.io/laporan/
   📍 https://muhdanfyan.github.io/project/
  ✅ Build selesai
[main e615098] gardener: auto-build 2026-07-22 09:30
 1 file changed, 20 insertions(+)
  ✅ Push ke GitHub Pages selesai
[2026-07-22 09:30:04] ✅ Selesai!

[2026-07-22 10:00:01] 🌱 Memulai deploy Digital Garden...
Already up to date.
  ✅ Pull selesai
🌱 Membangun Digital Garden...

  📁 catatan/ → 1 artikel
  📁 laporan/ → 7 artikel
  📁 project/ → 1 artikel
  ✅ Sitemap: 13 URLs

✅ Selesai! Total 9 halaman terbit.
   📍 https://muhdanfyan.github.io/catatan/
   📍 https://muhdanfyan.github.io/laporan/
   📍 https://muhdanfyan.github.io/project/
  ✅ Build selesai
[main fbb17cb] gardener: auto-build 2026-07-22 10:00
 1 file changed, 20 insertions(+)
  ✅ Push ke GitHub Pages selesai
[2026-07-22 10:00:04] ✅ Selesai!

[2026-07-22 10:30:02] 🌱 Memulai deploy Digital Garden...
Already up to date.
  ✅ Pull selesai
🌱 Membangun Digital Garden...

  📁 catatan/ → 1 artikel
  📁 laporan/ → 7 artikel
  📁 project/ → 1 artikel
  ✅ Sitemap: 13 URLs

✅ Selesai! Total 9 halaman terbit.
   📍 https://muhdanfyan.github.io/catatan/
   📍 https://muhdanfyan.github.io/laporan/
   📍 https://muhdanfyan.github.io/project/
  ✅ Build selesai
[main 8a3e9eb] gardener: auto-build 2026-07-22 10:30
 1 file changed, 20 insertions(+)
  ✅ Push ke GitHub Pages selesai
[2026-07-22 10:30:05] ✅ Selesai!

[2026-07-22 11:00:01] 🌱 Memulai deploy Digital Garden...
Already up to date.
  ✅ Pull selesai
🌱 Membangun Digital Garden...

  📁 catatan/ → 1 artikel
  📁 laporan/ → 7 artikel
  📁 project/ → 1 artikel
  ✅ Sitemap: 13 URLs

✅ Selesai! Total 9 halaman terbit.
   📍 https://muhdanfyan.github.io/catatan/
   📍 https://muhdanfyan.github.io/laporan/
   📍 https://muhdanfyan.github.io/project/
  ✅ Build selesai
[main affc17b] gardener: auto-build 2026-07-22 11:00
 1 file changed, 20 insertions(+)
  ✅ Push ke GitHub Pages selesai
[2026-07-22 11:00:06] ✅ Selesai!

[2026-07-22 11:30:01] 🌱 Memulai deploy Digital Garden...
Already up to date.
  ✅ Pull selesai
🌱 Membangun Digital Garden...

  📁 catatan/ → 1 artikel
  📁 laporan/ → 7 artikel
  📁 project/ → 1 artikel
  ✅ Sitemap: 13 URLs

✅ Selesai! Total 9 halaman terbit.
   📍 https://muhdanfyan.github.io/catatan/
   📍 https://muhdanfyan.github.io/laporan/
   📍 https://muhdanfyan.github.io/project/
  ✅ Build selesai
[main f690e81] gardener: auto-build 2026-07-22 11:30
 1 file changed, 20 insertions(+)
  ✅ Push ke GitHub Pages selesai
[2026-07-22 11:30:05] ✅ Selesai!

[2026-07-22 12:00:01] 🌱 Memulai deploy Digital Garden...
Already up to date.
  ✅ Pull selesai
🌱 Membangun Digital Garden...

  📁 catatan/ → 1 artikel
  📁 laporan/ → 7 artikel
  📁 project/ → 1 artikel
  ✅ Sitemap: 13 URLs

✅ Selesai! Total 9 halaman terbit.
   📍 https://muhdanfyan.github.io/catatan/
   📍 https://muhdanfyan.github.io/laporan/
   📍 https://muhdanfyan.github.io/project/
  ✅ Build selesai
[main 96a8b36] gardener: auto-build 2026-07-22 12:00
 1 file changed, 20 insertions(+)
  ✅ Push ke GitHub Pages selesai
[2026-07-22 12:00:05] ✅ Selesai!

[2026-07-22 12:30:01] 🌱 Memulai deploy Digital Garden...
Already up to date.
  ✅ Pull selesai
🌱 Membangun Digital Garden...

  📁 catatan/ → 1 artikel
  📁 laporan/ → 7 artikel
  📁 project/ → 1 artikel
  ✅ Sitemap: 13 URLs

✅ Selesai! Total 9 halaman terbit.
   📍 https://muhdanfyan.github.io/catatan/
   📍 https://muhdanfyan.github.io/laporan/
   📍 https://muhdanfyan.github.io/project/
  ✅ Build selesai
[main f234915] gardener: auto-build 2026-07-22 12:30
 1 file changed, 20 insertions(+)
  ✅ Push ke GitHub Pages selesai
[2026-07-22 12:30:04] ✅ Selesai!

[2026-07-22 13:00:01] 🌱 Memulai deploy Digital Garden...
Already up to date.
  ✅ Pull selesai
🌱 Membangun Digital Garden...

  📁 catatan/ → 1 artikel
  📁 laporan/ → 7 artikel
  📁 project/ → 1 artikel
  ✅ Sitemap: 13 URLs

✅ Selesai! Total 9 halaman terbit.
   📍 https://muhdanfyan.github.io/catatan/
   📍 https://muhdanfyan.github.io/laporan/
   📍 https://muhdanfyan.github.io/project/
  ✅ Build selesai
[main 5714d04] gardener: auto-build 2026-07-22 13:00
 1 file changed, 20 insertions(+)
  ✅ Push ke GitHub Pages selesai
[2026-07-22 13:00:05] ✅ Selesai!

[2026-07-22 13:30:01] 🌱 Memulai deploy Digital Garden...
Already up to date.
  ✅ Pull selesai
🌱 Membangun Digital Garden...

  📁 catatan/ → 1 artikel
  📁 laporan/ → 7 artikel
  📁 project/ → 1 artikel
  ✅ Sitemap: 13 URLs

✅ Selesai! Total 9 halaman terbit.
   📍 https://muhdanfyan.github.io/catatan/
   📍 https://muhdanfyan.github.io/laporan/
   📍 https://muhdanfyan.github.io/project/
  ✅ Build selesai
[main 5a284ad] gardener: auto-build 2026-07-22 13:30
 1 file changed, 20 insertions(+)
  ✅ Push ke GitHub Pages selesai
[2026-07-22 13:30:05] ✅ Selesai!

[2026-07-22 14:00:01] 🌱 Memulai deploy Digital Garden...
Already up to date.
  ✅ Pull selesai
🌱 Membangun Digital Garden...

  📁 catatan/ → 1 artikel
  📁 laporan/ → 7 artikel
  📁 project/ → 1 artikel
  ✅ Sitemap: 13 URLs

✅ Selesai! Total 9 halaman terbit.
   📍 https://muhdanfyan.github.io/catatan/
   📍 https://muhdanfyan.github.io/laporan/
   📍 https://muhdanfyan.github.io/project/
  ✅ Build selesai
[main 1fa96e7] gardener: auto-build 2026-07-22 14:00
 1 file changed, 20 insertions(+)
  ✅ Push ke GitHub Pages selesai
[2026-07-22 14:00:05] ✅ Selesai!

[2026-07-22 14:30:01] 🌱 Memulai deploy Digital Garden...
Already up to date.
  ✅ Pull selesai
🌱 Membangun Digital Garden...

  📁 catatan/ → 1 artikel
  📁 laporan/ → 7 artikel
  📁 project/ → 1 artikel
  ✅ Sitemap: 13 URLs

✅ Selesai! Total 9 halaman terbit.
   📍 https://muhdanfyan.github.io/catatan/
   📍 https://muhdanfyan.github.io/laporan/
   📍 https://muhdanfyan.github.io/project/
  ✅ Build selesai
[main 72266cb] gardener: auto-build 2026-07-22 14:30
 1 file changed, 20 insertions(+)
  ✅ Push ke GitHub Pages selesai
[2026-07-22 14:30:06] ✅ Selesai!

[2026-07-22 15:00:01] 🌱 Memulai deploy Digital Garden...
Already up to date.
  ✅ Pull selesai
🌱 Membangun Digital Garden...

  📁 catatan/ → 1 artikel
  📁 laporan/ → 7 artikel
  📁 project/ → 1 artikel
  ✅ Sitemap: 13 URLs

✅ Selesai! Total 9 halaman terbit.
   📍 https://muhdanfyan.github.io/catatan/
   📍 https://muhdanfyan.github.io/laporan/
   📍 https://muhdanfyan.github.io/project/
  ✅ Build selesai
[main 05ede54] gardener: auto-build 2026-07-22 15:00
 1 file changed, 20 insertions(+)
  ✅ Push ke GitHub Pages selesai
[2026-07-22 15:00:06] ✅ Selesai!

[2026-07-22 15:30:01] 🌱 Memulai deploy Digital Garden...
Already up to date.
  ✅ Pull selesai
🌱 Membangun Digital Garden...

  📁 catatan/ → 1 artikel
  📁 laporan/ → 7 artikel
  📁 project/ → 1 artikel
  ✅ Sitemap: 13 URLs

✅ Selesai! Total 9 halaman terbit.
   📍 https://muhdanfyan.github.io/catatan/
   📍 https://muhdanfyan.github.io/laporan/
   📍 https://muhdanfyan.github.io/project/
  ✅ Build selesai
[main ad93e24] gardener: auto-build 2026-07-22 15:30
 1 file changed, 20 insertions(+)
  ✅ Push ke GitHub Pages selesai
[2026-07-22 15:30:05] ✅ Selesai!

[2026-07-22 16:00:11] 🌱 Memulai deploy Digital Garden...
Already up to date.
  ✅ Pull selesai
🌱 Membangun Digital Garden...

  📁 catatan/ → 1 artikel
  📁 laporan/ → 7 artikel
  📁 project/ → 1 artikel
  ✅ Sitemap: 13 URLs

✅ Selesai! Total 9 halaman terbit.
   📍 https://muhdanfyan.github.io/catatan/
   📍 https://muhdanfyan.github.io/laporan/
   📍 https://muhdanfyan.github.io/project/
  ✅ Build selesai
[main 917a7ec] gardener: auto-build 2026-07-22 16:00
 1 file changed, 20 insertions(+)
  ✅ Push ke GitHub Pages selesai
[2026-07-22 16:00:14] ✅ Selesai!

[2026-07-22 16:30:01] 🌱 Memulai deploy Digital Garden...
Already up to date.
  ✅ Pull selesai
🌱 Membangun Digital Garden...

  📁 catatan/ → 1 artikel
  📁 laporan/ → 7 artikel
  📁 project/ → 1 artikel
  ✅ Sitemap: 13 URLs

✅ Selesai! Total 9 halaman terbit.
   📍 https://muhdanfyan.github.io/catatan/
   📍 https://muhdanfyan.github.io/laporan/
   📍 https://muhdanfyan.github.io/project/
  ✅ Build selesai
[main 3a268f5] gardener: auto-build 2026-07-22 16:30
 1 file changed, 20 insertions(+)
  ✅ Push ke GitHub Pages selesai
[2026-07-22 16:30:05] ✅ Selesai!

[2026-07-22 17:00:01] 🌱 Memulai deploy Digital Garden...
Already up to date.
  ✅ Pull selesai
🌱 Membangun Digital Garden...

  📁 catatan/ → 1 artikel
  📁 laporan/ → 7 artikel
  📁 project/ → 1 artikel
  ✅ Sitemap: 13 URLs

✅ Selesai! Total 9 halaman terbit.
   📍 https://muhdanfyan.github.io/catatan/
   📍 https://muhdanfyan.github.io/laporan/
   📍 https://muhdanfyan.github.io/project/
  ✅ Build selesai
[main b017363] gardener: auto-build 2026-07-22 17:00
 1 file changed, 20 insertions(+)
  ✅ Push ke GitHub Pages selesai
[2026-07-22 17:00:04] ✅ Selesai!

[2026-07-22 17:30:01] 🌱 Memulai deploy Digital Garden...
Already up to date.
  ✅ Pull selesai
🌱 Membangun Digital Garden...

  📁 catatan/ → 1 artikel
  📁 laporan/ → 7 artikel
  📁 project/ → 1 artikel
  ✅ Sitemap: 13 URLs

✅ Selesai! Total 9 halaman terbit.
   📍 https://muhdanfyan.github.io/catatan/
   📍 https://muhdanfyan.github.io/laporan/
   📍 https://muhdanfyan.github.io/project/
  ✅ Build selesai
[main 012d603] gardener: auto-build 2026-07-22 17:30
 1 file changed, 20 insertions(+)
  ✅ Push ke GitHub Pages selesai
[2026-07-22 17:30:05] ✅ Selesai!

[2026-07-22 18:00:01] 🌱 Memulai deploy Digital Garden...
Already up to date.
  ✅ Pull selesai
🌱 Membangun Digital Garden...

  📁 catatan/ → 1 artikel
  📁 laporan/ → 7 artikel
  📁 project/ → 1 artikel
  ✅ Sitemap: 13 URLs

✅ Selesai! Total 9 halaman terbit.
   📍 https://muhdanfyan.github.io/catatan/
   📍 https://muhdanfyan.github.io/laporan/
   📍 https://muhdanfyan.github.io/project/
  ✅ Build selesai
[main a628ce0] gardener: auto-build 2026-07-22 18:00
 1 file changed, 20 insertions(+)
  ✅ Push ke GitHub Pages selesai
[2026-07-22 18:00:05] ✅ Selesai!

[2026-07-22 18:30:02] 🌱 Memulai deploy Digital Garden...
Already up to date.
  ✅ Pull selesai
🌱 Membangun Digital Garden...

  📁 catatan/ → 1 artikel
  📁 laporan/ → 7 artikel
  📁 project/ → 1 artikel
  ✅ Sitemap: 13 URLs

✅ Selesai! Total 9 halaman terbit.
   📍 https://muhdanfyan.github.io/catatan/
   📍 https://muhdanfyan.github.io/laporan/
   📍 https://muhdanfyan.github.io/project/
  ✅ Build selesai
[main 9b993cd] gardener: auto-build 2026-07-22 18:30
 1 file changed, 20 insertions(+)
  ✅ Push ke GitHub Pages selesai
[2026-07-22 18:30:06] ✅ Selesai!

[2026-07-22 19:00:01] 🌱 Memulai deploy Digital Garden...
Already up to date.
  ✅ Pull selesai
🌱 Membangun Digital Garden...

  📁 catatan/ → 1 artikel
  📁 laporan/ → 7 artikel
  📁 project/ → 1 artikel
  ✅ Sitemap: 13 URLs

✅ Selesai! Total 9 halaman terbit.
   📍 https://muhdanfyan.github.io/catatan/
   📍 https://muhdanfyan.github.io/laporan/
   📍 https://muhdanfyan.github.io/project/
  ✅ Build selesai
[main 61c7fa3] gardener: auto-build 2026-07-22 19:00
 1 file changed, 20 insertions(+)
  ✅ Push ke GitHub Pages selesai
[2026-07-22 19:00:06] ✅ Selesai!

[2026-07-22 19:30:01] 🌱 Memulai deploy Digital Garden...
Already up to date.
  ✅ Pull selesai
🌱 Membangun Digital Garden...

  📁 catatan/ → 1 artikel
  📁 laporan/ → 7 artikel
  📁 project/ → 1 artikel
  ✅ Sitemap: 13 URLs

✅ Selesai! Total 9 halaman terbit.
   📍 https://muhdanfyan.github.io/catatan/
   📍 https://muhdanfyan.github.io/laporan/
   📍 https://muhdanfyan.github.io/project/
  ✅ Build selesai
[main 83e9749] gardener: auto-build 2026-07-22 19:30
 1 file changed, 20 insertions(+)
  ✅ Push ke GitHub Pages selesai
[2026-07-22 19:30:04] ✅ Selesai!

[2026-07-22 20:00:01] 🌱 Memulai deploy Digital Garden...
Already up to date.
  ✅ Pull selesai
🌱 Membangun Digital Garden...

  📁 catatan/ → 1 artikel
  📁 laporan/ → 7 artikel
  📁 project/ → 1 artikel
  ✅ Sitemap: 13 URLs

✅ Selesai! Total 9 halaman terbit.
   📍 https://muhdanfyan.github.io/catatan/
   📍 https://muhdanfyan.github.io/laporan/
   📍 https://muhdanfyan.github.io/project/
  ✅ Build selesai
[main 9aff835] gardener: auto-build 2026-07-22 20:00
 1 file changed, 20 insertions(+)
  ✅ Push ke GitHub Pages selesai
[2026-07-22 20:00:04] ✅ Selesai!

[2026-07-22 20:30:01] 🌱 Memulai deploy Digital Garden...
Already up to date.
  ✅ Pull selesai
🌱 Membangun Digital Garden...

  📁 catatan/ → 1 artikel
  📁 laporan/ → 7 artikel
  📁 project/ → 1 artikel
  ✅ Sitemap: 13 URLs

✅ Selesai! Total 9 halaman terbit.
   📍 https://muhdanfyan.github.io/catatan/
   📍 https://muhdanfyan.github.io/laporan/
   📍 https://muhdanfyan.github.io/project/
  ✅ Build selesai
[main b9e0a03] gardener: auto-build 2026-07-22 20:30
 1 file changed, 20 insertions(+)
  ✅ Push ke GitHub Pages selesai
[2026-07-22 20:30:04] ✅ Selesai!

[2026-07-22 21:00:02] 🌱 Memulai deploy Digital Garden...
Already up to date.
  ✅ Pull selesai
🌱 Membangun Digital Garden...

  📁 catatan/ → 1 artikel
  📁 laporan/ → 7 artikel
  📁 project/ → 1 artikel
  ✅ Sitemap: 13 URLs

✅ Selesai! Total 9 halaman terbit.
   📍 https://muhdanfyan.github.io/catatan/
   📍 https://muhdanfyan.github.io/laporan/
   📍 https://muhdanfyan.github.io/project/
  ✅ Build selesai
[main 4166421] gardener: auto-build 2026-07-22 21:00
 1 file changed, 20 insertions(+)
  ✅ Push ke GitHub Pages selesai
[2026-07-22 21:00:06] ✅ Selesai!

[2026-07-22 21:30:01] 🌱 Memulai deploy Digital Garden...
Already up to date.
  ✅ Pull selesai
🌱 Membangun Digital Garden...

  📁 catatan/ → 1 artikel
  📁 laporan/ → 7 artikel
  📁 project/ → 1 artikel
  ✅ Sitemap: 13 URLs

✅ Selesai! Total 9 halaman terbit.
   📍 https://muhdanfyan.github.io/catatan/
   📍 https://muhdanfyan.github.io/laporan/
   📍 https://muhdanfyan.github.io/project/
  ✅ Build selesai
[main 5686058] gardener: auto-build 2026-07-22 21:30
 1 file changed, 20 insertions(+)
  ✅ Push ke GitHub Pages selesai
[2026-07-22 21:30:07] ✅ Selesai!

[2026-07-22 22:00:01] 🌱 Memulai deploy Digital Garden...
Already up to date.
  ✅ Pull selesai
🌱 Membangun Digital Garden...

  📁 catatan/ → 1 artikel
  📁 laporan/ → 7 artikel
  📁 project/ → 1 artikel
  ✅ Sitemap: 13 URLs

✅ Selesai! Total 9 halaman terbit.
   📍 https://muhdanfyan.github.io/catatan/
   📍 https://muhdanfyan.github.io/laporan/
   📍 https://muhdanfyan.github.io/project/
  ✅ Build selesai
[main af7588b] gardener: auto-build 2026-07-22 22:00
 1 file changed, 20 insertions(+)
  ✅ Push ke GitHub Pages selesai
[2026-07-22 22:00:06] ✅ Selesai!

[2026-07-22 22:30:01] 🌱 Memulai deploy Digital Garden...
Already up to date.
  ✅ Pull selesai
🌱 Membangun Digital Garden...

  📁 catatan/ → 1 artikel
  📁 laporan/ → 7 artikel
  📁 project/ → 1 artikel
  ✅ Sitemap: 13 URLs

✅ Selesai! Total 9 halaman terbit.
   📍 https://muhdanfyan.github.io/catatan/
   📍 https://muhdanfyan.github.io/laporan/
   📍 https://muhdanfyan.github.io/project/
  ✅ Build selesai
[main 404003c] gardener: auto-build 2026-07-22 22:30
 1 file changed, 20 insertions(+)
  ✅ Push ke GitHub Pages selesai
[2026-07-22 22:30:06] ✅ Selesai!

[2026-07-22 23:00:01] 🌱 Memulai deploy Digital Garden...
Already up to date.
  ✅ Pull selesai
🌱 Membangun Digital Garden...

  📁 catatan/ → 1 artikel
  📁 laporan/ → 7 artikel
  📁 project/ → 1 artikel
  ✅ Sitemap: 13 URLs

✅ Selesai! Total 9 halaman terbit.
   📍 https://muhdanfyan.github.io/catatan/
   📍 https://muhdanfyan.github.io/laporan/
   📍 https://muhdanfyan.github.io/project/
  ✅ Build selesai
[main c9a1674] gardener: auto-build 2026-07-22 23:00
 1 file changed, 20 insertions(+)
  ✅ Push ke GitHub Pages selesai
[2026-07-22 23:00:05] ✅ Selesai!

[2026-07-22 23:30:01] 🌱 Memulai deploy Digital Garden...
Already up to date.
  ✅ Pull selesai
🌱 Membangun Digital Garden...

  📁 catatan/ → 1 artikel
  📁 laporan/ → 7 artikel
  📁 project/ → 1 artikel
  ✅ Sitemap: 13 URLs

✅ Selesai! Total 9 halaman terbit.
   📍 https://muhdanfyan.github.io/catatan/
   📍 https://muhdanfyan.github.io/laporan/
   📍 https://muhdanfyan.github.io/project/
  ✅ Build selesai
[main e0e6b2b] gardener: auto-build 2026-07-22 23:30
 1 file changed, 20 insertions(+)
  ✅ Push ke GitHub Pages selesai
[2026-07-22 23:30:06] ✅ Selesai!

[2026-07-23 00:00:01] 🌱 Memulai deploy Digital Garden...
Already up to date.
  ✅ Pull selesai
🌱 Membangun Digital Garden...

  📁 catatan/ → 1 artikel
  📁 laporan/ → 7 artikel
  📁 project/ → 1 artikel
  ✅ Sitemap: 13 URLs

✅ Selesai! Total 9 halaman terbit.
   📍 https://muhdanfyan.github.io/catatan/
   📍 https://muhdanfyan.github.io/laporan/
   📍 https://muhdanfyan.github.io/project/
  ✅ Build selesai
[main 829ed21] gardener: auto-build 2026-07-23 00:00
 1 file changed, 20 insertions(+)
  ✅ Push ke GitHub Pages selesai
[2026-07-23 00:00:06] ✅ Selesai!

[2026-07-23 00:30:01] 🌱 Memulai deploy Digital Garden...
Already up to date.
  ✅ Pull selesai
🌱 Membangun Digital Garden...

  📁 catatan/ → 1 artikel
  📁 laporan/ → 7 artikel
  📁 project/ → 1 artikel
  ✅ Sitemap: 13 URLs

✅ Selesai! Total 9 halaman terbit.
   📍 https://muhdanfyan.github.io/catatan/
   📍 https://muhdanfyan.github.io/laporan/
   📍 https://muhdanfyan.github.io/project/
  ✅ Build selesai
[main 3408a7e] gardener: auto-build 2026-07-23 00:30
 1 file changed, 20 insertions(+)
  ✅ Push ke GitHub Pages selesai
[2026-07-23 00:30:04] ✅ Selesai!

[2026-07-23 01:00:01] 🌱 Memulai deploy Digital Garden...
Already up to date.
  ✅ Pull selesai
🌱 Membangun Digital Garden...

  📁 catatan/ → 1 artikel
  📁 laporan/ → 7 artikel
  📁 project/ → 1 artikel
  ✅ Sitemap: 13 URLs

✅ Selesai! Total 9 halaman terbit.
   📍 https://muhdanfyan.github.io/catatan/
   📍 https://muhdanfyan.github.io/laporan/
   📍 https://muhdanfyan.github.io/project/
  ✅ Build selesai
[main 60c9dde] gardener: auto-build 2026-07-23 01:00
 1 file changed, 20 insertions(+)
  ✅ Push ke GitHub Pages selesai
[2026-07-23 01:00:05] ✅ Selesai!

[2026-07-23 01:30:01] 🌱 Memulai deploy Digital Garden...
Already up to date.
  ✅ Pull selesai
🌱 Membangun Digital Garden...

  📁 catatan/ → 1 artikel
  📁 laporan/ → 7 artikel
  📁 project/ → 1 artikel
  ✅ Sitemap: 13 URLs

✅ Selesai! Total 9 halaman terbit.
   📍 https://muhdanfyan.github.io/catatan/
   📍 https://muhdanfyan.github.io/laporan/
   📍 https://muhdanfyan.github.io/project/
  ✅ Build selesai
[main 844a7ef] gardener: auto-build 2026-07-23 01:30
 1 file changed, 20 insertions(+)
  ✅ Push ke GitHub Pages selesai
[2026-07-23 01:30:04] ✅ Selesai!

[2026-07-23 02:00:01] 🌱 Memulai deploy Digital Garden...
Already up to date.
  ✅ Pull selesai
🌱 Membangun Digital Garden...

  📁 catatan/ → 1 artikel
  📁 laporan/ → 7 artikel
  📁 project/ → 1 artikel
  ✅ Sitemap: 13 URLs

✅ Selesai! Total 9 halaman terbit.
   📍 https://muhdanfyan.github.io/catatan/
   📍 https://muhdanfyan.github.io/laporan/
   📍 https://muhdanfyan.github.io/project/
  ✅ Build selesai
[main 6c25acc] gardener: auto-build 2026-07-23 02:00
 1 file changed, 20 insertions(+)
  ✅ Push ke GitHub Pages selesai
[2026-07-23 02:00:09] ✅ Selesai!

[2026-07-23 02:30:01] 🌱 Memulai deploy Digital Garden...
Already up to date.
  ✅ Pull selesai
🌱 Membangun Digital Garden...

  📁 catatan/ → 1 artikel
  📁 laporan/ → 7 artikel
  📁 project/ → 1 artikel
  ✅ Sitemap: 13 URLs

✅ Selesai! Total 9 halaman terbit.
   📍 https://muhdanfyan.github.io/catatan/
   📍 https://muhdanfyan.github.io/laporan/
   📍 https://muhdanfyan.github.io/project/
  ✅ Build selesai
[main b3f2c6b] gardener: auto-build 2026-07-23 02:30
 1 file changed, 20 insertions(+)
  ✅ Push ke GitHub Pages selesai
[2026-07-23 02:30:06] ✅ Selesai!

[2026-07-23 03:00:01] 🌱 Memulai deploy Digital Garden...
Already up to date.
  ✅ Pull selesai
🌱 Membangun Digital Garden...

  📁 catatan/ → 1 artikel
  📁 laporan/ → 7 artikel
  📁 project/ → 1 artikel
  ✅ Sitemap: 13 URLs

✅ Selesai! Total 9 halaman terbit.
   📍 https://muhdanfyan.github.io/catatan/
   📍 https://muhdanfyan.github.io/laporan/
   📍 https://muhdanfyan.github.io/project/
  ✅ Build selesai
[main 186d7f7] gardener: auto-build 2026-07-23 03:00
 1 file changed, 20 insertions(+)
  ✅ Push ke GitHub Pages selesai
[2026-07-23 03:00:06] ✅ Selesai!

[2026-07-23 03:30:01] 🌱 Memulai deploy Digital Garden...
Already up to date.
  ✅ Pull selesai
🌱 Membangun Digital Garden...

  📁 catatan/ → 1 artikel
  📁 laporan/ → 7 artikel
  📁 project/ → 1 artikel
  ✅ Sitemap: 13 URLs

✅ Selesai! Total 9 halaman terbit.
   📍 https://muhdanfyan.github.io/catatan/
   📍 https://muhdanfyan.github.io/laporan/
   📍 https://muhdanfyan.github.io/project/
  ✅ Build selesai
[main 12e4b22] gardener: auto-build 2026-07-23 03:30
 1 file changed, 20 insertions(+)
  ✅ Push ke GitHub Pages selesai
[2026-07-23 03:30:05] ✅ Selesai!

[2026-07-23 04:00:01] 🌱 Memulai deploy Digital Garden...
Already up to date.
  ✅ Pull selesai
🌱 Membangun Digital Garden...

  📁 catatan/ → 1 artikel
  📁 laporan/ → 7 artikel
  📁 project/ → 1 artikel
  ✅ Sitemap: 13 URLs

✅ Selesai! Total 9 halaman terbit.
   📍 https://muhdanfyan.github.io/catatan/
   📍 https://muhdanfyan.github.io/laporan/
   📍 https://muhdanfyan.github.io/project/
  ✅ Build selesai
[main 373e9d8] gardener: auto-build 2026-07-23 04:00
 1 file changed, 20 insertions(+)
  ✅ Push ke GitHub Pages selesai
[2026-07-23 04:00:06] ✅ Selesai!

[2026-07-23 04:30:01] 🌱 Memulai deploy Digital Garden...
Already up to date.
  ✅ Pull selesai
🌱 Membangun Digital Garden...

  📁 catatan/ → 1 artikel
  📁 laporan/ → 7 artikel
  📁 project/ → 1 artikel
  ✅ Sitemap: 13 URLs

✅ Selesai! Total 9 halaman terbit.
   📍 https://muhdanfyan.github.io/catatan/
   📍 https://muhdanfyan.github.io/laporan/
   📍 https://muhdanfyan.github.io/project/
  ✅ Build selesai
[main dfbbf67] gardener: auto-build 2026-07-23 04:30
 1 file changed, 20 insertions(+)
  ✅ Push ke GitHub Pages selesai
[2026-07-23 04:30:05] ✅ Selesai!

[2026-07-23 05:00:01] 🌱 Memulai deploy Digital Garden...
Already up to date.
  ✅ Pull selesai
🌱 Membangun Digital Garden...

  📁 catatan/ → 1 artikel
  📁 laporan/ → 7 artikel
  📁 project/ → 1 artikel
  ✅ Sitemap: 13 URLs

✅ Selesai! Total 9 halaman terbit.
   📍 https://muhdanfyan.github.io/catatan/
   📍 https://muhdanfyan.github.io/laporan/
   📍 https://muhdanfyan.github.io/project/
  ✅ Build selesai
[main 0e12942] gardener: auto-build 2026-07-23 05:00
 1 file changed, 20 insertions(+)
  ✅ Push ke GitHub Pages selesai
[2026-07-23 05:00:04] ✅ Selesai!

[2026-07-23 05:30:01] 🌱 Memulai deploy Digital Garden...
Already up to date.
  ✅ Pull selesai
🌱 Membangun Digital Garden...

  📁 catatan/ → 1 artikel
  📁 laporan/ → 7 artikel
  📁 project/ → 1 artikel
  ✅ Sitemap: 13 URLs

✅ Selesai! Total 9 halaman terbit.
   📍 https://muhdanfyan.github.io/catatan/
   📍 https://muhdanfyan.github.io/laporan/
   📍 https://muhdanfyan.github.io/project/
  ✅ Build selesai
[main 336f402] gardener: auto-build 2026-07-23 05:30
 1 file changed, 20 insertions(+)
  ✅ Push ke GitHub Pages selesai
[2026-07-23 05:30:04] ✅ Selesai!

[2026-07-23 06:00:01] 🌱 Memulai deploy Digital Garden...
Already up to date.
  ✅ Pull selesai
🌱 Membangun Digital Garden...

  📁 catatan/ → 1 artikel
  📁 laporan/ → 7 artikel
  📁 project/ → 1 artikel
  ✅ Sitemap: 13 URLs

✅ Selesai! Total 9 halaman terbit.
   📍 https://muhdanfyan.github.io/catatan/
   📍 https://muhdanfyan.github.io/laporan/
   📍 https://muhdanfyan.github.io/project/
  ✅ Build selesai
[main 275afae] gardener: auto-build 2026-07-23 06:00
 1 file changed, 20 insertions(+)
  ✅ Push ke GitHub Pages selesai
[2026-07-23 06:00:05] ✅ Selesai!

[2026-07-23 06:30:01] 🌱 Memulai deploy Digital Garden...
Already up to date.
  ✅ Pull selesai
🌱 Membangun Digital Garden...

  📁 catatan/ → 1 artikel
  📁 laporan/ → 7 artikel
  📁 project/ → 1 artikel
  ✅ Sitemap: 13 URLs

✅ Selesai! Total 9 halaman terbit.
   📍 https://muhdanfyan.github.io/catatan/
   📍 https://muhdanfyan.github.io/laporan/
   📍 https://muhdanfyan.github.io/project/
  ✅ Build selesai
[main 9e23534] gardener: auto-build 2026-07-23 06:30
 1 file changed, 20 insertions(+)
  ✅ Push ke GitHub Pages selesai
[2026-07-23 06:30:04] ✅ Selesai!

[2026-07-23 07:00:01] 🌱 Memulai deploy Digital Garden...
Already up to date.
  ✅ Pull selesai
🌱 Membangun Digital Garden...

  📁 catatan/ → 1 artikel
  📁 laporan/ → 7 artikel
  📁 project/ → 1 artikel
  ✅ Sitemap: 13 URLs

✅ Selesai! Total 9 halaman terbit.
   📍 https://muhdanfyan.github.io/catatan/
   📍 https://muhdanfyan.github.io/laporan/
   📍 https://muhdanfyan.github.io/project/
  ✅ Build selesai
[main e2195cb] gardener: auto-build 2026-07-23 07:00
 1 file changed, 20 insertions(+)
  ✅ Push ke GitHub Pages selesai
[2026-07-23 07:00:05] ✅ Selesai!

[2026-07-23 07:30:01] 🌱 Memulai deploy Digital Garden...
Already up to date.
  ✅ Pull selesai
🌱 Membangun Digital Garden...

  📁 catatan/ → 1 artikel
  📁 laporan/ → 7 artikel
  📁 project/ → 1 artikel
  ✅ Sitemap: 13 URLs

✅ Selesai! Total 9 halaman terbit.
   📍 https://muhdanfyan.github.io/catatan/
   📍 https://muhdanfyan.github.io/laporan/
   📍 https://muhdanfyan.github.io/project/
  ✅ Build selesai
[main d2ee3a8] gardener: auto-build 2026-07-23 07:30
 1 file changed, 20 insertions(+)
  ✅ Push ke GitHub Pages selesai
[2026-07-23 07:30:05] ✅ Selesai!

[2026-07-23 08:00:01] 🌱 Memulai deploy Digital Garden...
Already up to date.
  ✅ Pull selesai
🌱 Membangun Digital Garden...

  📁 catatan/ → 1 artikel
  📁 laporan/ → 7 artikel
  📁 project/ → 1 artikel
  ✅ Sitemap: 13 URLs

✅ Selesai! Total 9 halaman terbit.
   📍 https://muhdanfyan.github.io/catatan/
   📍 https://muhdanfyan.github.io/laporan/
   📍 https://muhdanfyan.github.io/project/
  ✅ Build selesai
[main ba81358] gardener: auto-build 2026-07-23 08:00
 1 file changed, 20 insertions(+)
  ✅ Push ke GitHub Pages selesai
[2026-07-23 08:00:05] ✅ Selesai!

[2026-07-23 08:30:01] 🌱 Memulai deploy Digital Garden...
Already up to date.
  ✅ Pull selesai
🌱 Membangun Digital Garden...

  📁 catatan/ → 1 artikel
  📁 laporan/ → 7 artikel
  📁 project/ → 1 artikel
  ✅ Sitemap: 13 URLs

✅ Selesai! Total 9 halaman terbit.
   📍 https://muhdanfyan.github.io/catatan/
   📍 https://muhdanfyan.github.io/laporan/
   📍 https://muhdanfyan.github.io/project/
  ✅ Build selesai
[main 1db7788] gardener: auto-build 2026-07-23 08:30
 1 file changed, 20 insertions(+)
  ✅ Push ke GitHub Pages selesai
[2026-07-23 08:30:04] ✅ Selesai!

[2026-07-23 09:00:01] 🌱 Memulai deploy Digital Garden...
Already up to date.
  ✅ Pull selesai
🌱 Membangun Digital Garden...

  📁 catatan/ → 1 artikel
  📁 laporan/ → 7 artikel
  📁 project/ → 1 artikel
  ✅ Sitemap: 13 URLs

✅ Selesai! Total 9 halaman terbit.
   📍 https://muhdanfyan.github.io/catatan/
   📍 https://muhdanfyan.github.io/laporan/
   📍 https://muhdanfyan.github.io/project/
  ✅ Build selesai
[main 74ca1b3] gardener: auto-build 2026-07-23 09:00
 1 file changed, 20 insertions(+)
  ✅ Push ke GitHub Pages selesai
[2026-07-23 09:00:05] ✅ Selesai!

[2026-07-23 09:30:01] 🌱 Memulai deploy Digital Garden...
Already up to date.
  ✅ Pull selesai
🌱 Membangun Digital Garden...

  📁 catatan/ → 1 artikel
  📁 laporan/ → 7 artikel
  📁 project/ → 1 artikel
  ✅ Sitemap: 13 URLs

✅ Selesai! Total 9 halaman terbit.
   📍 https://muhdanfyan.github.io/catatan/
   📍 https://muhdanfyan.github.io/laporan/
   📍 https://muhdanfyan.github.io/project/
  ✅ Build selesai
[main 62a6597] gardener: auto-build 2026-07-23 09:30
 1 file changed, 20 insertions(+)
  ✅ Push ke GitHub Pages selesai
[2026-07-23 09:30:04] ✅ Selesai!

[2026-07-23 10:00:01] 🌱 Memulai deploy Digital Garden...
Already up to date.
  ✅ Pull selesai
🌱 Membangun Digital Garden...

  📁 catatan/ → 1 artikel
  📁 laporan/ → 7 artikel
  📁 project/ → 1 artikel
  ✅ Sitemap: 13 URLs

✅ Selesai! Total 9 halaman terbit.
   📍 https://muhdanfyan.github.io/catatan/
   📍 https://muhdanfyan.github.io/laporan/
   📍 https://muhdanfyan.github.io/project/
  ✅ Build selesai
[main 1dea6d8] gardener: auto-build 2026-07-23 10:00
 1 file changed, 20 insertions(+)
  ✅ Push ke GitHub Pages selesai
[2026-07-23 10:00:10] ✅ Selesai!

[2026-07-23 10:30:01] 🌱 Memulai deploy Digital Garden...
Already up to date.
  ✅ Pull selesai
🌱 Membangun Digital Garden...

  📁 catatan/ → 1 artikel
  📁 laporan/ → 7 artikel
  📁 project/ → 1 artikel
  ✅ Sitemap: 13 URLs

✅ Selesai! Total 9 halaman terbit.
   📍 https://muhdanfyan.github.io/catatan/
   📍 https://muhdanfyan.github.io/laporan/
   📍 https://muhdanfyan.github.io/project/
  ✅ Build selesai
[main 21836ff] gardener: auto-build 2026-07-23 10:30
 1 file changed, 20 insertions(+)
  ✅ Push ke GitHub Pages selesai
[2026-07-23 10:30:06] ✅ Selesai!

[2026-07-23 11:00:01] 🌱 Memulai deploy Digital Garden...
Already up to date.
  ✅ Pull selesai
🌱 Membangun Digital Garden...

  📁 catatan/ → 1 artikel
  📁 laporan/ → 7 artikel
  📁 project/ → 1 artikel
  ✅ Sitemap: 13 URLs

✅ Selesai! Total 9 halaman terbit.
   📍 https://muhdanfyan.github.io/catatan/
   📍 https://muhdanfyan.github.io/laporan/
   📍 https://muhdanfyan.github.io/project/
  ✅ Build selesai
[main c376ee1] gardener: auto-build 2026-07-23 11:00
 1 file changed, 20 insertions(+)
  ✅ Push ke GitHub Pages selesai
[2026-07-23 11:00:06] ✅ Selesai!

[2026-07-23 11:30:01] 🌱 Memulai deploy Digital Garden...
Already up to date.
  ✅ Pull selesai
🌱 Membangun Digital Garden...

  📁 catatan/ → 1 artikel
  📁 laporan/ → 7 artikel
  📁 project/ → 1 artikel
  ✅ Sitemap: 13 URLs

✅ Selesai! Total 9 halaman terbit.
   📍 https://muhdanfyan.github.io/catatan/
   📍 https://muhdanfyan.github.io/laporan/
   📍 https://muhdanfyan.github.io/project/
  ✅ Build selesai
[main 9ddca1d] gardener: auto-build 2026-07-23 11:30
 1 file changed, 20 insertions(+)
  ✅ Push ke GitHub Pages selesai
[2026-07-23 11:30:04] ✅ Selesai!

[2026-07-23 12:00:02] 🌱 Memulai deploy Digital Garden...
Already up to date.
  ✅ Pull selesai
🌱 Membangun Digital Garden...

  📁 catatan/ → 1 artikel
  📁 laporan/ → 7 artikel
  📁 project/ → 1 artikel
  ✅ Sitemap: 13 URLs

✅ Selesai! Total 9 halaman terbit.
   📍 https://muhdanfyan.github.io/catatan/
   📍 https://muhdanfyan.github.io/laporan/
   📍 https://muhdanfyan.github.io/project/
  ✅ Build selesai
[main 8e58c47] gardener: auto-build 2026-07-23 12:00
 1 file changed, 20 insertions(+)
  ✅ Push ke GitHub Pages selesai
[2026-07-23 12:00:05] ✅ Selesai!

[2026-07-23 12:30:01] 🌱 Memulai deploy Digital Garden...
Already up to date.
  ✅ Pull selesai
🌱 Membangun Digital Garden...

  📁 catatan/ → 1 artikel
  📁 laporan/ → 7 artikel
  📁 project/ → 1 artikel
  ✅ Sitemap: 13 URLs

✅ Selesai! Total 9 halaman terbit.
   📍 https://muhdanfyan.github.io/catatan/
   📍 https://muhdanfyan.github.io/laporan/
   📍 https://muhdanfyan.github.io/project/
  ✅ Build selesai
[main 90a5a86] gardener: auto-build 2026-07-23 12:30
 1 file changed, 20 insertions(+)
  ✅ Push ke GitHub Pages selesai
[2026-07-23 12:30:05] ✅ Selesai!

[2026-07-23 13:00:01] 🌱 Memulai deploy Digital Garden...
Already up to date.
  ✅ Pull selesai
🌱 Membangun Digital Garden...

  📁 catatan/ → 1 artikel
  📁 laporan/ → 7 artikel
  📁 project/ → 1 artikel
  ✅ Sitemap: 13 URLs

✅ Selesai! Total 9 halaman terbit.
   📍 https://muhdanfyan.github.io/catatan/
   📍 https://muhdanfyan.github.io/laporan/
   📍 https://muhdanfyan.github.io/project/
  ✅ Build selesai
[main 1c2f199] gardener: auto-build 2026-07-23 13:00
 1 file changed, 20 insertions(+)
  ✅ Push ke GitHub Pages selesai
[2026-07-23 13:00:05] ✅ Selesai!

[2026-07-23 13:30:01] 🌱 Memulai deploy Digital Garden...
Already up to date.
  ✅ Pull selesai
🌱 Membangun Digital Garden...

  📁 catatan/ → 1 artikel
  📁 laporan/ → 7 artikel
  📁 project/ → 1 artikel
  ✅ Sitemap: 13 URLs

✅ Selesai! Total 9 halaman terbit.
   📍 https://muhdanfyan.github.io/catatan/
   📍 https://muhdanfyan.github.io/laporan/
   📍 https://muhdanfyan.github.io/project/
  ✅ Build selesai
[main 2391019] gardener: auto-build 2026-07-23 13:30
 1 file changed, 20 insertions(+)
  ✅ Push ke GitHub Pages selesai
[2026-07-23 13:30:05] ✅ Selesai!

[2026-07-23 14:00:01] 🌱 Memulai deploy Digital Garden...
Already up to date.
  ✅ Pull selesai
🌱 Membangun Digital Garden...

  📁 catatan/ → 1 artikel
  📁 laporan/ → 7 artikel
  📁 project/ → 1 artikel
  ✅ Sitemap: 13 URLs

✅ Selesai! Total 9 halaman terbit.
   📍 https://muhdanfyan.github.io/catatan/
   📍 https://muhdanfyan.github.io/laporan/
   📍 https://muhdanfyan.github.io/project/
  ✅ Build selesai
[main 5326eff] gardener: auto-build 2026-07-23 14:00
 1 file changed, 20 insertions(+)
  ✅ Push ke GitHub Pages selesai
[2026-07-23 14:00:05] ✅ Selesai!

[2026-07-23 14:30:01] 🌱 Memulai deploy Digital Garden...
Already up to date.
  ✅ Pull selesai
🌱 Membangun Digital Garden...

  📁 catatan/ → 1 artikel
  📁 laporan/ → 7 artikel
  📁 project/ → 1 artikel
  ✅ Sitemap: 13 URLs

✅ Selesai! Total 9 halaman terbit.
   📍 https://muhdanfyan.github.io/catatan/
   📍 https://muhdanfyan.github.io/laporan/
   📍 https://muhdanfyan.github.io/project/
  ✅ Build selesai
[main b8352f8] gardener: auto-build 2026-07-23 14:30
 1 file changed, 20 insertions(+)
  ✅ Push ke GitHub Pages selesai
[2026-07-23 14:30:06] ✅ Selesai!

[2026-07-23 15:00:02] 🌱 Memulai deploy Digital Garden...
Already up to date.
  ✅ Pull selesai
🌱 Membangun Digital Garden...

  📁 catatan/ → 1 artikel
  📁 laporan/ → 7 artikel
  📁 project/ → 1 artikel
  ✅ Sitemap: 13 URLs

✅ Selesai! Total 9 halaman terbit.
   📍 https://muhdanfyan.github.io/catatan/
   📍 https://muhdanfyan.github.io/laporan/
   📍 https://muhdanfyan.github.io/project/
  ✅ Build selesai
[main fdac329] gardener: auto-build 2026-07-23 15:00
 1 file changed, 20 insertions(+)
  ✅ Push ke GitHub Pages selesai
[2026-07-23 15:00:05] ✅ Selesai!

[2026-07-23 15:30:02] 🌱 Memulai deploy Digital Garden...
Already up to date.
  ✅ Pull selesai
🌱 Membangun Digital Garden...

  📁 catatan/ → 1 artikel
  📁 laporan/ → 7 artikel
  📁 project/ → 1 artikel
  ✅ Sitemap: 13 URLs

✅ Selesai! Total 9 halaman terbit.
   📍 https://muhdanfyan.github.io/catatan/
   📍 https://muhdanfyan.github.io/laporan/
   📍 https://muhdanfyan.github.io/project/
  ✅ Build selesai
[main 0cc53b9] gardener: auto-build 2026-07-23 15:30
 1 file changed, 20 insertions(+)
  ✅ Push ke GitHub Pages selesai
[2026-07-23 15:30:05] ✅ Selesai!

[2026-07-23 16:00:01] 🌱 Memulai deploy Digital Garden...
Already up to date.
  ✅ Pull selesai
🌱 Membangun Digital Garden...

  📁 catatan/ → 1 artikel
  📁 laporan/ → 7 artikel
  📁 project/ → 1 artikel
  ✅ Sitemap: 13 URLs

✅ Selesai! Total 9 halaman terbit.
   📍 https://muhdanfyan.github.io/catatan/
   📍 https://muhdanfyan.github.io/laporan/
   📍 https://muhdanfyan.github.io/project/
  ✅ Build selesai
[main c6d9a05] gardener: auto-build 2026-07-23 16:00
 1 file changed, 20 insertions(+)
  ✅ Push ke GitHub Pages selesai
[2026-07-23 16:00:06] ✅ Selesai!

[2026-07-23 16:30:01] 🌱 Memulai deploy Digital Garden...
Already up to date.
  ✅ Pull selesai
🌱 Membangun Digital Garden...

  📁 catatan/ → 1 artikel
  📁 laporan/ → 7 artikel
  📁 project/ → 1 artikel
  ✅ Sitemap: 13 URLs

✅ Selesai! Total 9 halaman terbit.
   📍 https://muhdanfyan.github.io/catatan/
   📍 https://muhdanfyan.github.io/laporan/
   📍 https://muhdanfyan.github.io/project/
  ✅ Build selesai
[main 4b45a20] gardener: auto-build 2026-07-23 16:30
 1 file changed, 20 insertions(+)
  ✅ Push ke GitHub Pages selesai
[2026-07-23 16:30:04] ✅ Selesai!

[2026-07-23 17:00:01] 🌱 Memulai deploy Digital Garden...
Already up to date.
  ✅ Pull selesai
🌱 Membangun Digital Garden...

  📁 catatan/ → 1 artikel
  📁 laporan/ → 7 artikel
  📁 project/ → 1 artikel
  ✅ Sitemap: 13 URLs

✅ Selesai! Total 9 halaman terbit.
   📍 https://muhdanfyan.github.io/catatan/
   📍 https://muhdanfyan.github.io/laporan/
   📍 https://muhdanfyan.github.io/project/
  ✅ Build selesai
[main 439e66c] gardener: auto-build 2026-07-23 17:00
 1 file changed, 20 insertions(+)
  ✅ Push ke GitHub Pages selesai
[2026-07-23 17:00:05] ✅ Selesai!

[2026-07-23 17:30:01] 🌱 Memulai deploy Digital Garden...
Already up to date.
  ✅ Pull selesai
🌱 Membangun Digital Garden...

  📁 catatan/ → 1 artikel
  📁 laporan/ → 7 artikel
  📁 project/ → 1 artikel
  ✅ Sitemap: 13 URLs

✅ Selesai! Total 9 halaman terbit.
   📍 https://muhdanfyan.github.io/catatan/
   📍 https://muhdanfyan.github.io/laporan/
   📍 https://muhdanfyan.github.io/project/
  ✅ Build selesai
[main 79bb89b] gardener: auto-build 2026-07-23 17:30
 1 file changed, 20 insertions(+)
  ✅ Push ke GitHub Pages selesai
[2026-07-23 17:30:05] ✅ Selesai!

[2026-07-23 18:00:01] 🌱 Memulai deploy Digital Garden...
Already up to date.
  ✅ Pull selesai
🌱 Membangun Digital Garden...

  📁 catatan/ → 1 artikel
  📁 laporan/ → 7 artikel
  📁 project/ → 1 artikel
  ✅ Sitemap: 13 URLs

✅ Selesai! Total 9 halaman terbit.
   📍 https://muhdanfyan.github.io/catatan/
   📍 https://muhdanfyan.github.io/laporan/
   📍 https://muhdanfyan.github.io/project/
  ✅ Build selesai
[main 5bbc316] gardener: auto-build 2026-07-23 18:00
 1 file changed, 20 insertions(+)
  ✅ Push ke GitHub Pages selesai
[2026-07-23 18:00:06] ✅ Selesai!

[2026-07-23 18:30:01] 🌱 Memulai deploy Digital Garden...
Already up to date.
  ✅ Pull selesai
🌱 Membangun Digital Garden...

  📁 catatan/ → 1 artikel
  📁 laporan/ → 7 artikel
  📁 project/ → 1 artikel
  ✅ Sitemap: 13 URLs

✅ Selesai! Total 9 halaman terbit.
   📍 https://muhdanfyan.github.io/catatan/
   📍 https://muhdanfyan.github.io/laporan/
   📍 https://muhdanfyan.github.io/project/
  ✅ Build selesai
[main cef2714] gardener: auto-build 2026-07-23 18:30
 1 file changed, 20 insertions(+)
  ✅ Push ke GitHub Pages selesai
[2026-07-23 18:30:05] ✅ Selesai!

[2026-07-23 19:00:01] 🌱 Memulai deploy Digital Garden...
Already up to date.
  ✅ Pull selesai
🌱 Membangun Digital Garden...

  📁 catatan/ → 1 artikel
  📁 laporan/ → 7 artikel
  📁 project/ → 1 artikel
  ✅ Sitemap: 13 URLs

✅ Selesai! Total 9 halaman terbit.
   📍 https://muhdanfyan.github.io/catatan/
   📍 https://muhdanfyan.github.io/laporan/
   📍 https://muhdanfyan.github.io/project/
  ✅ Build selesai
[main 0c91b90] gardener: auto-build 2026-07-23 19:00
 1 file changed, 20 insertions(+)
  ✅ Push ke GitHub Pages selesai
[2026-07-23 19:00:07] ✅ Selesai!

[2026-07-23 19:30:01] 🌱 Memulai deploy Digital Garden...
Already up to date.
  ✅ Pull selesai
🌱 Membangun Digital Garden...

  📁 catatan/ → 1 artikel
  📁 laporan/ → 7 artikel
  📁 project/ → 1 artikel
  ✅ Sitemap: 13 URLs

✅ Selesai! Total 9 halaman terbit.
   📍 https://muhdanfyan.github.io/catatan/
   📍 https://muhdanfyan.github.io/laporan/
   📍 https://muhdanfyan.github.io/project/
  ✅ Build selesai
[main 3d11b78] gardener: auto-build 2026-07-23 19:30
 1 file changed, 20 insertions(+)
  ✅ Push ke GitHub Pages selesai
[2026-07-23 19:30:07] ✅ Selesai!

[2026-07-23 20:00:01] 🌱 Memulai deploy Digital Garden...
Already up to date.
  ✅ Pull selesai
🌱 Membangun Digital Garden...

  📁 catatan/ → 1 artikel
  📁 laporan/ → 7 artikel
  📁 project/ → 1 artikel
  ✅ Sitemap: 13 URLs

✅ Selesai! Total 9 halaman terbit.
   📍 https://muhdanfyan.github.io/catatan/
   📍 https://muhdanfyan.github.io/laporan/
   📍 https://muhdanfyan.github.io/project/
  ✅ Build selesai
[main 07678f8] gardener: auto-build 2026-07-23 20:00
 1 file changed, 20 insertions(+)
  ✅ Push ke GitHub Pages selesai
[2026-07-23 20:00:08] ✅ Selesai!

[2026-07-23 20:30:01] 🌱 Memulai deploy Digital Garden...
Already up to date.
  ✅ Pull selesai
🌱 Membangun Digital Garden...

  📁 catatan/ → 1 artikel
  📁 laporan/ → 7 artikel
  📁 project/ → 1 artikel
  ✅ Sitemap: 13 URLs

✅ Selesai! Total 9 halaman terbit.
   📍 https://muhdanfyan.github.io/catatan/
   📍 https://muhdanfyan.github.io/laporan/
   📍 https://muhdanfyan.github.io/project/
  ✅ Build selesai
[main 8979574] gardener: auto-build 2026-07-23 20:30
 1 file changed, 20 insertions(+)
  ✅ Push ke GitHub Pages selesai
[2026-07-23 20:30:06] ✅ Selesai!

[2026-07-23 21:00:01] 🌱 Memulai deploy Digital Garden...
Already up to date.
  ✅ Pull selesai
🌱 Membangun Digital Garden...

  📁 catatan/ → 1 artikel
  📁 laporan/ → 7 artikel
  📁 project/ → 1 artikel
  ✅ Sitemap: 13 URLs

✅ Selesai! Total 9 halaman terbit.
   📍 https://muhdanfyan.github.io/catatan/
   📍 https://muhdanfyan.github.io/laporan/
   📍 https://muhdanfyan.github.io/project/
  ✅ Build selesai
[main ca04a43] gardener: auto-build 2026-07-23 21:00
 1 file changed, 20 insertions(+)
  ✅ Push ke GitHub Pages selesai
[2026-07-23 21:00:07] ✅ Selesai!

[2026-07-23 21:30:01] 🌱 Memulai deploy Digital Garden...
Already up to date.
  ✅ Pull selesai
🌱 Membangun Digital Garden...

  📁 catatan/ → 1 artikel
  📁 laporan/ → 7 artikel
  📁 project/ → 1 artikel
  ✅ Sitemap: 13 URLs

✅ Selesai! Total 9 halaman terbit.
   📍 https://muhdanfyan.github.io/catatan/
   📍 https://muhdanfyan.github.io/laporan/
   📍 https://muhdanfyan.github.io/project/
  ✅ Build selesai
[main 100a4fc] gardener: auto-build 2026-07-23 21:30
 1 file changed, 20 insertions(+)
  ✅ Push ke GitHub Pages selesai
[2026-07-23 21:30:05] ✅ Selesai!

[2026-07-23 22:00:01] 🌱 Memulai deploy Digital Garden...
Already up to date.
  ✅ Pull selesai
🌱 Membangun Digital Garden...

  📁 catatan/ → 1 artikel
  📁 laporan/ → 7 artikel
  📁 project/ → 1 artikel
  ✅ Sitemap: 13 URLs

✅ Selesai! Total 9 halaman terbit.
   📍 https://muhdanfyan.github.io/catatan/
   📍 https://muhdanfyan.github.io/laporan/
   📍 https://muhdanfyan.github.io/project/
  ✅ Build selesai
[main 11bf61c] gardener: auto-build 2026-07-23 22:00
 1 file changed, 20 insertions(+)
  ✅ Push ke GitHub Pages selesai
[2026-07-23 22:00:05] ✅ Selesai!

[2026-07-23 22:30:01] 🌱 Memulai deploy Digital Garden...
Already up to date.
  ✅ Pull selesai
🌱 Membangun Digital Garden...

  📁 catatan/ → 1 artikel
  📁 laporan/ → 7 artikel
  📁 project/ → 1 artikel
  ✅ Sitemap: 13 URLs

✅ Selesai! Total 9 halaman terbit.
   📍 https://muhdanfyan.github.io/catatan/
   📍 https://muhdanfyan.github.io/laporan/
   📍 https://muhdanfyan.github.io/project/
  ✅ Build selesai
[main 0b8fc29] gardener: auto-build 2026-07-23 22:30
 1 file changed, 20 insertions(+)
  ✅ Push ke GitHub Pages selesai
[2026-07-23 22:30:24] ✅ Selesai!

[2026-07-23 23:00:01] 🌱 Memulai deploy Digital Garden...
Already up to date.
  ✅ Pull selesai
🌱 Membangun Digital Garden...

  📁 catatan/ → 1 artikel
  📁 laporan/ → 7 artikel
  📁 project/ → 1 artikel
  ✅ Sitemap: 13 URLs

✅ Selesai! Total 9 halaman terbit.
   📍 https://muhdanfyan.github.io/catatan/
   📍 https://muhdanfyan.github.io/laporan/
   📍 https://muhdanfyan.github.io/project/
  ✅ Build selesai
[main a2859a0] gardener: auto-build 2026-07-23 23:00
 1 file changed, 20 insertions(+)
  ✅ Push ke GitHub Pages selesai
[2026-07-23 23:00:07] ✅ Selesai!

[2026-07-23 23:30:01] 🌱 Memulai deploy Digital Garden...
Already up to date.
  ✅ Pull selesai
🌱 Membangun Digital Garden...

  📁 catatan/ → 1 artikel
  📁 laporan/ → 7 artikel
  📁 project/ → 1 artikel
  ✅ Sitemap: 13 URLs

✅ Selesai! Total 9 halaman terbit.
   📍 https://muhdanfyan.github.io/catatan/
   📍 https://muhdanfyan.github.io/laporan/
   📍 https://muhdanfyan.github.io/project/
  ✅ Build selesai
[main 050bc17] gardener: auto-build 2026-07-23 23:30
 1 file changed, 20 insertions(+)
  ✅ Push ke GitHub Pages selesai
[2026-07-23 23:30:05] ✅ Selesai!

[2026-07-24 00:00:02] 🌱 Memulai deploy Digital Garden...
Already up to date.
  ✅ Pull selesai
🌱 Membangun Digital Garden...

  📁 catatan/ → 1 artikel
  📁 laporan/ → 7 artikel
  📁 project/ → 1 artikel
  ✅ Sitemap: 13 URLs

✅ Selesai! Total 9 halaman terbit.
   📍 https://muhdanfyan.github.io/catatan/
   📍 https://muhdanfyan.github.io/laporan/
   📍 https://muhdanfyan.github.io/project/
  ✅ Build selesai
[main 5c7233b] gardener: auto-build 2026-07-24 00:00
 1 file changed, 20 insertions(+)
  ✅ Push ke GitHub Pages selesai
[2026-07-24 00:00:18] ✅ Selesai!

[2026-07-24 00:30:01] 🌱 Memulai deploy Digital Garden...
Already up to date.
  ✅ Pull selesai
🌱 Membangun Digital Garden...

  📁 catatan/ → 1 artikel
  📁 laporan/ → 7 artikel
  📁 project/ → 1 artikel
  ✅ Sitemap: 13 URLs

✅ Selesai! Total 9 halaman terbit.
   📍 https://muhdanfyan.github.io/catatan/
   📍 https://muhdanfyan.github.io/laporan/
   📍 https://muhdanfyan.github.io/project/
  ✅ Build selesai
[main 648ff89] gardener: auto-build 2026-07-24 00:30
 1 file changed, 20 insertions(+)
  ✅ Push ke GitHub Pages selesai
[2026-07-24 00:30:06] ✅ Selesai!

[2026-07-24 01:00:01] 🌱 Memulai deploy Digital Garden...
Already up to date.
  ✅ Pull selesai
🌱 Membangun Digital Garden...

  📁 catatan/ → 1 artikel
  📁 laporan/ → 7 artikel
  📁 project/ → 1 artikel
  ✅ Sitemap: 13 URLs

✅ Selesai! Total 9 halaman terbit.
   📍 https://muhdanfyan.github.io/catatan/
   📍 https://muhdanfyan.github.io/laporan/
   📍 https://muhdanfyan.github.io/project/
  ✅ Build selesai
[main 242b5cc] gardener: auto-build 2026-07-24 01:00
 1 file changed, 20 insertions(+)
  ✅ Push ke GitHub Pages selesai
[2026-07-24 01:00:07] ✅ Selesai!

[2026-07-24 01:30:01] 🌱 Memulai deploy Digital Garden...
Already up to date.
  ✅ Pull selesai
🌱 Membangun Digital Garden...

  📁 catatan/ → 1 artikel
  📁 laporan/ → 7 artikel
  📁 project/ → 1 artikel
  ✅ Sitemap: 13 URLs

✅ Selesai! Total 9 halaman terbit.
   📍 https://muhdanfyan.github.io/catatan/
   📍 https://muhdanfyan.github.io/laporan/
   📍 https://muhdanfyan.github.io/project/
  ✅ Build selesai
[main eab1102] gardener: auto-build 2026-07-24 01:30
 1 file changed, 20 insertions(+)
  ✅ Push ke GitHub Pages selesai
[2026-07-24 01:30:05] ✅ Selesai!

[2026-07-24 02:00:01] 🌱 Memulai deploy Digital Garden...
Already up to date.
  ✅ Pull selesai
🌱 Membangun Digital Garden...

  📁 catatan/ → 1 artikel
  📁 laporan/ → 7 artikel
  📁 project/ → 1 artikel
  ✅ Sitemap: 13 URLs

✅ Selesai! Total 9 halaman terbit.
   📍 https://muhdanfyan.github.io/catatan/
   📍 https://muhdanfyan.github.io/laporan/
   📍 https://muhdanfyan.github.io/project/
  ✅ Build selesai
[main c7efab6] gardener: auto-build 2026-07-24 02:00
 1 file changed, 20 insertions(+)
  ✅ Push ke GitHub Pages selesai
[2026-07-24 02:00:08] ✅ Selesai!

[2026-07-24 02:30:01] 🌱 Memulai deploy Digital Garden...
Already up to date.
  ✅ Pull selesai
🌱 Membangun Digital Garden...

  📁 catatan/ → 1 artikel
  📁 laporan/ → 7 artikel
  📁 project/ → 1 artikel
  ✅ Sitemap: 13 URLs

✅ Selesai! Total 9 halaman terbit.
   📍 https://muhdanfyan.github.io/catatan/
   📍 https://muhdanfyan.github.io/laporan/
   📍 https://muhdanfyan.github.io/project/
  ✅ Build selesai
[main b13a098] gardener: auto-build 2026-07-24 02:30
 1 file changed, 20 insertions(+)
  ✅ Push ke GitHub Pages selesai
[2026-07-24 02:30:04] ✅ Selesai!

[2026-07-24 03:00:01] 🌱 Memulai deploy Digital Garden...
Already up to date.
  ✅ Pull selesai
🌱 Membangun Digital Garden...

  📁 catatan/ → 1 artikel
  📁 laporan/ → 7 artikel
  📁 project/ → 1 artikel
  ✅ Sitemap: 13 URLs

✅ Selesai! Total 9 halaman terbit.
   📍 https://muhdanfyan.github.io/catatan/
   📍 https://muhdanfyan.github.io/laporan/
   📍 https://muhdanfyan.github.io/project/
  ✅ Build selesai
[main 00cd098] gardener: auto-build 2026-07-24 03:00
 1 file changed, 20 insertions(+)
  ✅ Push ke GitHub Pages selesai
[2026-07-24 03:00:04] ✅ Selesai!

[2026-07-24 03:30:02] 🌱 Memulai deploy Digital Garden...
Already up to date.
  ✅ Pull selesai
🌱 Membangun Digital Garden...

  📁 catatan/ → 1 artikel
  📁 laporan/ → 7 artikel
  📁 project/ → 1 artikel
  ✅ Sitemap: 13 URLs

✅ Selesai! Total 9 halaman terbit.
   📍 https://muhdanfyan.github.io/catatan/
   📍 https://muhdanfyan.github.io/laporan/
   📍 https://muhdanfyan.github.io/project/
  ✅ Build selesai
[main 3b69082] gardener: auto-build 2026-07-24 03:30
 1 file changed, 20 insertions(+)
  ✅ Push ke GitHub Pages selesai
[2026-07-24 03:30:05] ✅ Selesai!

[2026-07-24 04:00:01] 🌱 Memulai deploy Digital Garden...
Already up to date.
  ✅ Pull selesai
🌱 Membangun Digital Garden...

  📁 catatan/ → 1 artikel
  📁 laporan/ → 7 artikel
  📁 project/ → 1 artikel
  ✅ Sitemap: 13 URLs

✅ Selesai! Total 9 halaman terbit.
   📍 https://muhdanfyan.github.io/catatan/
   📍 https://muhdanfyan.github.io/laporan/
   📍 https://muhdanfyan.github.io/project/
  ✅ Build selesai
[main 97dd48a] gardener: auto-build 2026-07-24 04:00
 1 file changed, 20 insertions(+)
  ✅ Push ke GitHub Pages selesai
[2026-07-24 04:00:04] ✅ Selesai!

[2026-07-24 04:30:01] 🌱 Memulai deploy Digital Garden...
Already up to date.
  ✅ Pull selesai
🌱 Membangun Digital Garden...

  📁 catatan/ → 1 artikel
  📁 laporan/ → 7 artikel
  📁 project/ → 1 artikel
  ✅ Sitemap: 13 URLs

✅ Selesai! Total 9 halaman terbit.
   📍 https://muhdanfyan.github.io/catatan/
   📍 https://muhdanfyan.github.io/laporan/
   📍 https://muhdanfyan.github.io/project/
  ✅ Build selesai
[main d70a0de] gardener: auto-build 2026-07-24 04:30
 1 file changed, 20 insertions(+)
  ✅ Push ke GitHub Pages selesai
[2026-07-24 04:30:05] ✅ Selesai!

[2026-07-24 05:00:01] 🌱 Memulai deploy Digital Garden...
Already up to date.
  ✅ Pull selesai
🌱 Membangun Digital Garden...

  📁 catatan/ → 1 artikel
  📁 laporan/ → 7 artikel
  📁 project/ → 1 artikel
  ✅ Sitemap: 13 URLs

✅ Selesai! Total 9 halaman terbit.
   📍 https://muhdanfyan.github.io/catatan/
   📍 https://muhdanfyan.github.io/laporan/
   📍 https://muhdanfyan.github.io/project/
  ✅ Build selesai
[main 2334221] gardener: auto-build 2026-07-24 05:00
 1 file changed, 20 insertions(+)
  ✅ Push ke GitHub Pages selesai
[2026-07-24 05:00:05] ✅ Selesai!

[2026-07-24 05:30:01] 🌱 Memulai deploy Digital Garden...
Already up to date.
  ✅ Pull selesai
🌱 Membangun Digital Garden...

  📁 catatan/ → 1 artikel
  📁 laporan/ → 7 artikel
  📁 project/ → 1 artikel
  ✅ Sitemap: 13 URLs

✅ Selesai! Total 9 halaman terbit.
   📍 https://muhdanfyan.github.io/catatan/
   📍 https://muhdanfyan.github.io/laporan/
   📍 https://muhdanfyan.github.io/project/
  ✅ Build selesai
[main 4136b17] gardener: auto-build 2026-07-24 05:30
 1 file changed, 20 insertions(+)
  ✅ Push ke GitHub Pages selesai
[2026-07-24 05:30:04] ✅ Selesai!

[2026-07-24 06:00:01] 🌱 Memulai deploy Digital Garden...
Already up to date.
  ✅ Pull selesai
🌱 Membangun Digital Garden...

  📁 catatan/ → 1 artikel
  📁 laporan/ → 7 artikel
  📁 project/ → 1 artikel
  ✅ Sitemap: 13 URLs

✅ Selesai! Total 9 halaman terbit.
   📍 https://muhdanfyan.github.io/catatan/
   📍 https://muhdanfyan.github.io/laporan/
   📍 https://muhdanfyan.github.io/project/
  ✅ Build selesai
[main d406ff7] gardener: auto-build 2026-07-24 06:00
 1 file changed, 20 insertions(+)
  ✅ Push ke GitHub Pages selesai
[2026-07-24 06:00:09] ✅ Selesai!

[2026-07-24 06:30:01] 🌱 Memulai deploy Digital Garden...
Already up to date.
  ✅ Pull selesai
🌱 Membangun Digital Garden...

  📁 catatan/ → 1 artikel
  📁 laporan/ → 7 artikel
  📁 project/ → 1 artikel
  ✅ Sitemap: 13 URLs

✅ Selesai! Total 9 halaman terbit.
   📍 https://muhdanfyan.github.io/catatan/
   📍 https://muhdanfyan.github.io/laporan/
   📍 https://muhdanfyan.github.io/project/
  ✅ Build selesai
[main 7724616] gardener: auto-build 2026-07-24 06:30
 1 file changed, 20 insertions(+)
  ✅ Push ke GitHub Pages selesai
[2026-07-24 06:30:04] ✅ Selesai!

[2026-07-24 07:00:02] 🌱 Memulai deploy Digital Garden...
Already up to date.
  ✅ Pull selesai
🌱 Membangun Digital Garden...

  📁 catatan/ → 1 artikel
  📁 laporan/ → 7 artikel
  📁 project/ → 1 artikel
  ✅ Sitemap: 13 URLs

✅ Selesai! Total 9 halaman terbit.
   📍 https://muhdanfyan.github.io/catatan/
   📍 https://muhdanfyan.github.io/laporan/
   📍 https://muhdanfyan.github.io/project/
  ✅ Build selesai
[main 9a41071] gardener: auto-build 2026-07-24 07:00
 1 file changed, 20 insertions(+)
  ✅ Push ke GitHub Pages selesai
[2026-07-24 07:00:05] ✅ Selesai!

[2026-07-24 07:30:01] 🌱 Memulai deploy Digital Garden...
Already up to date.
  ✅ Pull selesai
🌱 Membangun Digital Garden...

  📁 catatan/ → 1 artikel
  📁 laporan/ → 7 artikel
  📁 project/ → 1 artikel
  ✅ Sitemap: 13 URLs

✅ Selesai! Total 9 halaman terbit.
   📍 https://muhdanfyan.github.io/catatan/
   📍 https://muhdanfyan.github.io/laporan/
   📍 https://muhdanfyan.github.io/project/
  ✅ Build selesai
[main e9a85a3] gardener: auto-build 2026-07-24 07:30
 1 file changed, 20 insertions(+)
  ✅ Push ke GitHub Pages selesai
[2026-07-24 07:30:04] ✅ Selesai!

[2026-07-24 08:00:01] 🌱 Memulai deploy Digital Garden...
Already up to date.
  ✅ Pull selesai
🌱 Membangun Digital Garden...

  📁 catatan/ → 1 artikel
  📁 laporan/ → 7 artikel
  📁 project/ → 1 artikel
  ✅ Sitemap: 13 URLs

✅ Selesai! Total 9 halaman terbit.
   📍 https://muhdanfyan.github.io/catatan/
   📍 https://muhdanfyan.github.io/laporan/
   📍 https://muhdanfyan.github.io/project/
  ✅ Build selesai
[main d6508dc] gardener: auto-build 2026-07-24 08:00
 1 file changed, 20 insertions(+)
  ✅ Push ke GitHub Pages selesai
[2026-07-24 08:00:06] ✅ Selesai!

[2026-07-24 08:30:01] 🌱 Memulai deploy Digital Garden...
Already up to date.
  ✅ Pull selesai
🌱 Membangun Digital Garden...

  📁 catatan/ → 1 artikel
  📁 laporan/ → 7 artikel
  📁 project/ → 1 artikel
  ✅ Sitemap: 13 URLs

✅ Selesai! Total 9 halaman terbit.
   📍 https://muhdanfyan.github.io/catatan/
   📍 https://muhdanfyan.github.io/laporan/
   📍 https://muhdanfyan.github.io/project/
  ✅ Build selesai
[main c0f0bec] gardener: auto-build 2026-07-24 08:30
 1 file changed, 20 insertions(+)
  ✅ Push ke GitHub Pages selesai
[2026-07-24 08:30:05] ✅ Selesai!

[2026-07-24 09:00:01] 🌱 Memulai deploy Digital Garden...
Already up to date.
  ✅ Pull selesai
🌱 Membangun Digital Garden...

  📁 catatan/ → 1 artikel
  📁 laporan/ → 7 artikel
  📁 project/ → 1 artikel
  ✅ Sitemap: 13 URLs

✅ Selesai! Total 9 halaman terbit.
   📍 https://muhdanfyan.github.io/catatan/
   📍 https://muhdanfyan.github.io/laporan/
   📍 https://muhdanfyan.github.io/project/
  ✅ Build selesai
[main 6fccff7] gardener: auto-build 2026-07-24 09:00
 1 file changed, 20 insertions(+)
  ✅ Push ke GitHub Pages selesai
[2026-07-24 09:00:05] ✅ Selesai!

[2026-07-24 09:30:01] 🌱 Memulai deploy Digital Garden...
Already up to date.
  ✅ Pull selesai
🌱 Membangun Digital Garden...

  📁 catatan/ → 1 artikel
  📁 laporan/ → 7 artikel
  📁 project/ → 1 artikel
  ✅ Sitemap: 13 URLs

✅ Selesai! Total 9 halaman terbit.
   📍 https://muhdanfyan.github.io/catatan/
   📍 https://muhdanfyan.github.io/laporan/
   📍 https://muhdanfyan.github.io/project/
  ✅ Build selesai
[main 5f72c9b] gardener: auto-build 2026-07-24 09:30
 1 file changed, 20 insertions(+)
  ✅ Push ke GitHub Pages selesai
[2026-07-24 09:30:05] ✅ Selesai!

[2026-07-24 10:00:01] 🌱 Memulai deploy Digital Garden...
Already up to date.
  ✅ Pull selesai
🌱 Membangun Digital Garden...

  📁 catatan/ → 1 artikel
  📁 laporan/ → 7 artikel
  📁 project/ → 1 artikel
  ✅ Sitemap: 13 URLs

✅ Selesai! Total 9 halaman terbit.
   📍 https://muhdanfyan.github.io/catatan/
   📍 https://muhdanfyan.github.io/laporan/
   📍 https://muhdanfyan.github.io/project/
  ✅ Build selesai
[main b6b70ba] gardener: auto-build 2026-07-24 10:00
 1 file changed, 20 insertions(+)
  ✅ Push ke GitHub Pages selesai
[2026-07-24 10:00:05] ✅ Selesai!

[2026-07-24 10:30:01] 🌱 Memulai deploy Digital Garden...
Already up to date.
  ✅ Pull selesai
🌱 Membangun Digital Garden...

  📁 catatan/ → 1 artikel
  📁 laporan/ → 7 artikel
  📁 project/ → 1 artikel
  ✅ Sitemap: 13 URLs

✅ Selesai! Total 9 halaman terbit.
   📍 https://muhdanfyan.github.io/catatan/
   📍 https://muhdanfyan.github.io/laporan/
   📍 https://muhdanfyan.github.io/project/
  ✅ Build selesai
[main 6b7b0f9] gardener: auto-build 2026-07-24 10:30
 1 file changed, 20 insertions(+)
  ✅ Push ke GitHub Pages selesai
[2026-07-24 10:30:05] ✅ Selesai!

[2026-07-24 11:00:01] 🌱 Memulai deploy Digital Garden...
Already up to date.
  ✅ Pull selesai
🌱 Membangun Digital Garden...

  📁 catatan/ → 1 artikel
  📁 laporan/ → 7 artikel
  📁 project/ → 1 artikel
  ✅ Sitemap: 13 URLs

✅ Selesai! Total 9 halaman terbit.
   📍 https://muhdanfyan.github.io/catatan/
   📍 https://muhdanfyan.github.io/laporan/
   📍 https://muhdanfyan.github.io/project/
  ✅ Build selesai
[main 878fcf4] gardener: auto-build 2026-07-24 11:00
 1 file changed, 20 insertions(+)
  ✅ Push ke GitHub Pages selesai
[2026-07-24 11:00:05] ✅ Selesai!

[2026-07-24 11:30:01] 🌱 Memulai deploy Digital Garden...
Already up to date.
  ✅ Pull selesai
🌱 Membangun Digital Garden...

  📁 catatan/ → 1 artikel
  📁 laporan/ → 7 artikel
  📁 project/ → 1 artikel
  ✅ Sitemap: 13 URLs

✅ Selesai! Total 9 halaman terbit.
   📍 https://muhdanfyan.github.io/catatan/
   📍 https://muhdanfyan.github.io/laporan/
   📍 https://muhdanfyan.github.io/project/
  ✅ Build selesai
[main b78b654] gardener: auto-build 2026-07-24 11:30
 1 file changed, 20 insertions(+)
  ✅ Push ke GitHub Pages selesai
[2026-07-24 11:30:04] ✅ Selesai!

[2026-07-24 12:00:01] 🌱 Memulai deploy Digital Garden...
Already up to date.
  ✅ Pull selesai
🌱 Membangun Digital Garden...

  📁 catatan/ → 1 artikel
  📁 laporan/ → 7 artikel
  📁 project/ → 1 artikel
  ✅ Sitemap: 13 URLs

✅ Selesai! Total 9 halaman terbit.
   📍 https://muhdanfyan.github.io/catatan/
   📍 https://muhdanfyan.github.io/laporan/
   📍 https://muhdanfyan.github.io/project/
  ✅ Build selesai
[main 1030bd6] gardener: auto-build 2026-07-24 12:00
 1 file changed, 20 insertions(+)
  ✅ Push ke GitHub Pages selesai
[2026-07-24 12:00:05] ✅ Selesai!

[2026-07-24 12:30:01] 🌱 Memulai deploy Digital Garden...
Already up to date.
  ✅ Pull selesai
🌱 Membangun Digital Garden...

  📁 catatan/ → 1 artikel
  📁 laporan/ → 7 artikel
  📁 project/ → 1 artikel
  ✅ Sitemap: 13 URLs

✅ Selesai! Total 9 halaman terbit.
   📍 https://muhdanfyan.github.io/catatan/
   📍 https://muhdanfyan.github.io/laporan/
   📍 https://muhdanfyan.github.io/project/
  ✅ Build selesai
[main a93bac3] gardener: auto-build 2026-07-24 12:30
 1 file changed, 20 insertions(+)
  ✅ Push ke GitHub Pages selesai
[2026-07-24 12:30:05] ✅ Selesai!

[2026-07-24 13:00:01] 🌱 Memulai deploy Digital Garden...
Already up to date.
  ✅ Pull selesai
🌱 Membangun Digital Garden...

  📁 catatan/ → 1 artikel
  📁 laporan/ → 7 artikel
  📁 project/ → 1 artikel
  ✅ Sitemap: 13 URLs

✅ Selesai! Total 9 halaman terbit.
   📍 https://muhdanfyan.github.io/catatan/
   📍 https://muhdanfyan.github.io/laporan/
   📍 https://muhdanfyan.github.io/project/
  ✅ Build selesai
[main ac2cdd2] gardener: auto-build 2026-07-24 13:00
 1 file changed, 20 insertions(+)
  ✅ Push ke GitHub Pages selesai
[2026-07-24 13:00:06] ✅ Selesai!

[2026-07-24 13:30:01] 🌱 Memulai deploy Digital Garden...
Already up to date.
  ✅ Pull selesai
🌱 Membangun Digital Garden...

  📁 catatan/ → 1 artikel
  📁 laporan/ → 7 artikel
  📁 project/ → 1 artikel
  ✅ Sitemap: 13 URLs

✅ Selesai! Total 9 halaman terbit.
   📍 https://muhdanfyan.github.io/catatan/
   📍 https://muhdanfyan.github.io/laporan/
   📍 https://muhdanfyan.github.io/project/
  ✅ Build selesai
[main 12c4d4a] gardener: auto-build 2026-07-24 13:30
 1 file changed, 20 insertions(+)
  ✅ Push ke GitHub Pages selesai
[2026-07-24 13:30:04] ✅ Selesai!

[2026-07-24 14:00:01] 🌱 Memulai deploy Digital Garden...
Already up to date.
  ✅ Pull selesai
🌱 Membangun Digital Garden...

  📁 catatan/ → 1 artikel
  📁 laporan/ → 7 artikel
  📁 project/ → 1 artikel
  ✅ Sitemap: 13 URLs

✅ Selesai! Total 9 halaman terbit.
   📍 https://muhdanfyan.github.io/catatan/
   📍 https://muhdanfyan.github.io/laporan/
   📍 https://muhdanfyan.github.io/project/
  ✅ Build selesai
[main 033ba83] gardener: auto-build 2026-07-24 14:00
 1 file changed, 20 insertions(+)
  ✅ Push ke GitHub Pages selesai
[2026-07-24 14:00:05] ✅ Selesai!

[2026-07-24 14:30:01] 🌱 Memulai deploy Digital Garden...
Already up to date.
  ✅ Pull selesai
🌱 Membangun Digital Garden...

  📁 catatan/ → 1 artikel
  📁 laporan/ → 7 artikel
  📁 project/ → 1 artikel
  ✅ Sitemap: 13 URLs

✅ Selesai! Total 9 halaman terbit.
   📍 https://muhdanfyan.github.io/catatan/
   📍 https://muhdanfyan.github.io/laporan/
   📍 https://muhdanfyan.github.io/project/
  ✅ Build selesai
[main f0148e1] gardener: auto-build 2026-07-24 14:30
 1 file changed, 20 insertions(+)
  ✅ Push ke GitHub Pages selesai
[2026-07-24 14:30:16] ✅ Selesai!

[2026-07-24 15:00:01] 🌱 Memulai deploy Digital Garden...
Already up to date.
  ✅ Pull selesai
🌱 Membangun Digital Garden...

  📁 catatan/ → 1 artikel
  📁 laporan/ → 7 artikel
  📁 project/ → 1 artikel
  ✅ Sitemap: 13 URLs

✅ Selesai! Total 9 halaman terbit.
   📍 https://muhdanfyan.github.io/catatan/
   📍 https://muhdanfyan.github.io/laporan/
   📍 https://muhdanfyan.github.io/project/
  ✅ Build selesai
[main 81a5698] gardener: auto-build 2026-07-24 15:00
 1 file changed, 20 insertions(+)
  ✅ Push ke GitHub Pages selesai
[2026-07-24 15:00:06] ✅ Selesai!

[2026-07-24 15:30:01] 🌱 Memulai deploy Digital Garden...
Already up to date.
  ✅ Pull selesai
🌱 Membangun Digital Garden...

  📁 catatan/ → 1 artikel
  📁 laporan/ → 7 artikel
  📁 project/ → 1 artikel
  ✅ Sitemap: 13 URLs

✅ Selesai! Total 9 halaman terbit.
   📍 https://muhdanfyan.github.io/catatan/
   📍 https://muhdanfyan.github.io/laporan/
   📍 https://muhdanfyan.github.io/project/
  ✅ Build selesai
[main 565959b] gardener: auto-build 2026-07-24 15:30
 1 file changed, 20 insertions(+)
  ✅ Push ke GitHub Pages selesai
[2026-07-24 15:30:04] ✅ Selesai!

[2026-07-24 16:00:01] 🌱 Memulai deploy Digital Garden...
Already up to date.
  ✅ Pull selesai
🌱 Membangun Digital Garden...

  📁 catatan/ → 1 artikel
  📁 laporan/ → 7 artikel
  📁 project/ → 1 artikel
  ✅ Sitemap: 13 URLs

✅ Selesai! Total 9 halaman terbit.
   📍 https://muhdanfyan.github.io/catatan/
   📍 https://muhdanfyan.github.io/laporan/
   📍 https://muhdanfyan.github.io/project/
  ✅ Build selesai
[main 8fac919] gardener: auto-build 2026-07-24 16:00
 1 file changed, 20 insertions(+)
  ✅ Push ke GitHub Pages selesai
[2026-07-24 16:00:04] ✅ Selesai!

[2026-07-24 16:30:02] 🌱 Memulai deploy Digital Garden...
Already up to date.
  ✅ Pull selesai
🌱 Membangun Digital Garden...

  📁 catatan/ → 1 artikel
  📁 laporan/ → 7 artikel
  📁 project/ → 1 artikel
  ✅ Sitemap: 13 URLs

✅ Selesai! Total 9 halaman terbit.
   📍 https://muhdanfyan.github.io/catatan/
   📍 https://muhdanfyan.github.io/laporan/
   📍 https://muhdanfyan.github.io/project/
  ✅ Build selesai
[main 32b247f] gardener: auto-build 2026-07-24 16:30
 1 file changed, 20 insertions(+)
  ✅ Push ke GitHub Pages selesai
[2026-07-24 16:30:05] ✅ Selesai!

[2026-07-24 17:00:01] 🌱 Memulai deploy Digital Garden...
Already up to date.
  ✅ Pull selesai
🌱 Membangun Digital Garden...

  📁 catatan/ → 1 artikel
  📁 laporan/ → 7 artikel
  📁 project/ → 1 artikel
  ✅ Sitemap: 13 URLs

✅ Selesai! Total 9 halaman terbit.
   📍 https://muhdanfyan.github.io/catatan/
   📍 https://muhdanfyan.github.io/laporan/
   📍 https://muhdanfyan.github.io/project/
  ✅ Build selesai
[main 4f25214] gardener: auto-build 2026-07-24 17:00
 1 file changed, 20 insertions(+)
  ✅ Push ke GitHub Pages selesai
[2026-07-24 17:00:05] ✅ Selesai!

[2026-07-24 17:30:01] 🌱 Memulai deploy Digital Garden...
Already up to date.
  ✅ Pull selesai
🌱 Membangun Digital Garden...

  📁 catatan/ → 1 artikel
  📁 laporan/ → 7 artikel
  📁 project/ → 1 artikel
  ✅ Sitemap: 13 URLs

✅ Selesai! Total 9 halaman terbit.
   📍 https://muhdanfyan.github.io/catatan/
   📍 https://muhdanfyan.github.io/laporan/
   📍 https://muhdanfyan.github.io/project/
  ✅ Build selesai
[main 4613657] gardener: auto-build 2026-07-24 17:30
 1 file changed, 20 insertions(+)
  ✅ Push ke GitHub Pages selesai
[2026-07-24 17:30:05] ✅ Selesai!

[2026-07-24 18:00:01] 🌱 Memulai deploy Digital Garden...
Already up to date.
  ✅ Pull selesai
🌱 Membangun Digital Garden...

  📁 catatan/ → 1 artikel
  📁 laporan/ → 7 artikel
  📁 project/ → 1 artikel
  ✅ Sitemap: 13 URLs

✅ Selesai! Total 9 halaman terbit.
   📍 https://muhdanfyan.github.io/catatan/
   📍 https://muhdanfyan.github.io/laporan/
   📍 https://muhdanfyan.github.io/project/
  ✅ Build selesai
[main 40e826b] gardener: auto-build 2026-07-24 18:00
 1 file changed, 20 insertions(+)
  ✅ Push ke GitHub Pages selesai
[2026-07-24 18:00:04] ✅ Selesai!

[2026-07-24 18:30:01] 🌱 Memulai deploy Digital Garden...
Already up to date.
  ✅ Pull selesai
🌱 Membangun Digital Garden...

  📁 catatan/ → 1 artikel
  📁 laporan/ → 7 artikel
  📁 project/ → 1 artikel
  ✅ Sitemap: 13 URLs

✅ Selesai! Total 9 halaman terbit.
   📍 https://muhdanfyan.github.io/catatan/
   📍 https://muhdanfyan.github.io/laporan/
   📍 https://muhdanfyan.github.io/project/
  ✅ Build selesai
[main 9fa696e] gardener: auto-build 2026-07-24 18:30
 1 file changed, 20 insertions(+)
  ✅ Push ke GitHub Pages selesai
[2026-07-24 18:30:04] ✅ Selesai!

[2026-07-24 19:00:01] 🌱 Memulai deploy Digital Garden...
Already up to date.
  ✅ Pull selesai
🌱 Membangun Digital Garden...

  📁 catatan/ → 1 artikel
  📁 laporan/ → 7 artikel
  📁 project/ → 1 artikel
  ✅ Sitemap: 13 URLs

✅ Selesai! Total 9 halaman terbit.
   📍 https://muhdanfyan.github.io/catatan/
   📍 https://muhdanfyan.github.io/laporan/
   📍 https://muhdanfyan.github.io/project/
  ✅ Build selesai
[main 52b1e5f] gardener: auto-build 2026-07-24 19:00
 1 file changed, 20 insertions(+)
  ✅ Push ke GitHub Pages selesai
[2026-07-24 19:00:05] ✅ Selesai!

[2026-07-24 19:30:01] 🌱 Memulai deploy Digital Garden...
Already up to date.
  ✅ Pull selesai
🌱 Membangun Digital Garden...

  📁 catatan/ → 1 artikel
  📁 laporan/ → 7 artikel
  📁 project/ → 1 artikel
  ✅ Sitemap: 13 URLs

✅ Selesai! Total 9 halaman terbit.
   📍 https://muhdanfyan.github.io/catatan/
   📍 https://muhdanfyan.github.io/laporan/
   📍 https://muhdanfyan.github.io/project/
  ✅ Build selesai
[main 26de2ed] gardener: auto-build 2026-07-24 19:30
 1 file changed, 20 insertions(+)
  ✅ Push ke GitHub Pages selesai
[2026-07-24 19:30:04] ✅ Selesai!

[2026-07-24 20:00:01] 🌱 Memulai deploy Digital Garden...
Already up to date.
  ✅ Pull selesai
🌱 Membangun Digital Garden...

  📁 catatan/ → 1 artikel
  📁 laporan/ → 7 artikel
  📁 project/ → 1 artikel
  ✅ Sitemap: 13 URLs

✅ Selesai! Total 9 halaman terbit.
   📍 https://muhdanfyan.github.io/catatan/
   📍 https://muhdanfyan.github.io/laporan/
   📍 https://muhdanfyan.github.io/project/
  ✅ Build selesai
[main 69f0ffe] gardener: auto-build 2026-07-24 20:00
 1 file changed, 20 insertions(+)
  ✅ Push ke GitHub Pages selesai
[2026-07-24 20:00:11] ✅ Selesai!

[2026-07-24 20:30:01] 🌱 Memulai deploy Digital Garden...
Already up to date.
  ✅ Pull selesai
🌱 Membangun Digital Garden...

  📁 catatan/ → 1 artikel
  📁 laporan/ → 7 artikel
  📁 project/ → 1 artikel
  ✅ Sitemap: 13 URLs

✅ Selesai! Total 9 halaman terbit.
   📍 https://muhdanfyan.github.io/catatan/
   📍 https://muhdanfyan.github.io/laporan/
   📍 https://muhdanfyan.github.io/project/
  ✅ Build selesai
[main d2c0e89] gardener: auto-build 2026-07-24 20:30
 1 file changed, 20 insertions(+)
  ✅ Push ke GitHub Pages selesai
[2026-07-24 20:30:05] ✅ Selesai!

[2026-07-24 21:00:01] 🌱 Memulai deploy Digital Garden...
Already up to date.
  ✅ Pull selesai
🌱 Membangun Digital Garden...

  📁 catatan/ → 1 artikel
  📁 laporan/ → 7 artikel
  📁 project/ → 1 artikel
  ✅ Sitemap: 13 URLs

✅ Selesai! Total 9 halaman terbit.
   📍 https://muhdanfyan.github.io/catatan/
   📍 https://muhdanfyan.github.io/laporan/
   📍 https://muhdanfyan.github.io/project/
  ✅ Build selesai
[main 899050d] gardener: auto-build 2026-07-24 21:00
 1 file changed, 20 insertions(+)
  ✅ Push ke GitHub Pages selesai
[2026-07-24 21:00:07] ✅ Selesai!

[2026-07-24 21:30:01] 🌱 Memulai deploy Digital Garden...
Already up to date.
  ✅ Pull selesai
🌱 Membangun Digital Garden...

  📁 catatan/ → 1 artikel
  📁 laporan/ → 7 artikel
  📁 project/ → 1 artikel
  ✅ Sitemap: 13 URLs

✅ Selesai! Total 9 halaman terbit.
   📍 https://muhdanfyan.github.io/catatan/
   📍 https://muhdanfyan.github.io/laporan/
   📍 https://muhdanfyan.github.io/project/
  ✅ Build selesai
[main b7f1a95] gardener: auto-build 2026-07-24 21:30
 1 file changed, 20 insertions(+)
  ✅ Push ke GitHub Pages selesai
[2026-07-24 21:30:06] ✅ Selesai!

[2026-07-24 22:00:01] 🌱 Memulai deploy Digital Garden...
Already up to date.
  ✅ Pull selesai
🌱 Membangun Digital Garden...

  📁 catatan/ → 1 artikel
  📁 laporan/ → 7 artikel
  📁 project/ → 1 artikel
  ✅ Sitemap: 13 URLs

✅ Selesai! Total 9 halaman terbit.
   📍 https://muhdanfyan.github.io/catatan/
   📍 https://muhdanfyan.github.io/laporan/
   📍 https://muhdanfyan.github.io/project/
  ✅ Build selesai
[main 3af532d] gardener: auto-build 2026-07-24 22:00
 1 file changed, 20 insertions(+)
  ✅ Push ke GitHub Pages selesai
[2026-07-24 22:00:05] ✅ Selesai!

[2026-07-24 22:30:01] 🌱 Memulai deploy Digital Garden...
Already up to date.
  ✅ Pull selesai
🌱 Membangun Digital Garden...

  📁 catatan/ → 1 artikel
  📁 laporan/ → 7 artikel
  📁 project/ → 1 artikel
  ✅ Sitemap: 13 URLs

✅ Selesai! Total 9 halaman terbit.
   📍 https://muhdanfyan.github.io/catatan/
   📍 https://muhdanfyan.github.io/laporan/
   📍 https://muhdanfyan.github.io/project/
  ✅ Build selesai
[main d25b8fa] gardener: auto-build 2026-07-24 22:30
 1 file changed, 20 insertions(+)
  ✅ Push ke GitHub Pages selesai
[2026-07-24 22:30:08] ✅ Selesai!

[2026-07-24 23:00:01] 🌱 Memulai deploy Digital Garden...
Already up to date.
  ✅ Pull selesai
🌱 Membangun Digital Garden...

  📁 catatan/ → 1 artikel
  📁 laporan/ → 7 artikel
  📁 project/ → 1 artikel
  ✅ Sitemap: 13 URLs

✅ Selesai! Total 9 halaman terbit.
   📍 https://muhdanfyan.github.io/catatan/
   📍 https://muhdanfyan.github.io/laporan/
   📍 https://muhdanfyan.github.io/project/
  ✅ Build selesai
[main a4e1902] gardener: auto-build 2026-07-24 23:00
 1 file changed, 20 insertions(+)
  ✅ Push ke GitHub Pages selesai
[2026-07-24 23:00:06] ✅ Selesai!

[2026-07-24 23:30:01] 🌱 Memulai deploy Digital Garden...
Already up to date.
  ✅ Pull selesai
🌱 Membangun Digital Garden...

  📁 catatan/ → 1 artikel
  📁 laporan/ → 7 artikel
  📁 project/ → 1 artikel
  ✅ Sitemap: 13 URLs

✅ Selesai! Total 9 halaman terbit.
   📍 https://muhdanfyan.github.io/catatan/
   📍 https://muhdanfyan.github.io/laporan/
   📍 https://muhdanfyan.github.io/project/
  ✅ Build selesai
[main 70917b1] gardener: auto-build 2026-07-24 23:30
 1 file changed, 20 insertions(+)
  ✅ Push ke GitHub Pages selesai
[2026-07-24 23:30:05] ✅ Selesai!

[2026-07-25 00:00:01] 🌱 Memulai deploy Digital Garden...
Already up to date.
  ✅ Pull selesai
🌱 Membangun Digital Garden...

  📁 catatan/ → 1 artikel
  📁 laporan/ → 7 artikel
  📁 project/ → 1 artikel
  ✅ Sitemap: 13 URLs

✅ Selesai! Total 9 halaman terbit.
   📍 https://muhdanfyan.github.io/catatan/
   📍 https://muhdanfyan.github.io/laporan/
   📍 https://muhdanfyan.github.io/project/
  ✅ Build selesai
[main cb361b7] gardener: auto-build 2026-07-25 00:00
 1 file changed, 20 insertions(+)
  ✅ Push ke GitHub Pages selesai
[2026-07-25 00:00:04] ✅ Selesai!

[2026-07-25 00:30:01] 🌱 Memulai deploy Digital Garden...
Already up to date.
  ✅ Pull selesai
🌱 Membangun Digital Garden...

  📁 catatan/ → 1 artikel
  📁 laporan/ → 7 artikel
  📁 project/ → 1 artikel
  ✅ Sitemap: 13 URLs

✅ Selesai! Total 9 halaman terbit.
   📍 https://muhdanfyan.github.io/catatan/
   📍 https://muhdanfyan.github.io/laporan/
   📍 https://muhdanfyan.github.io/project/
  ✅ Build selesai
[main a5542d9] gardener: auto-build 2026-07-25 00:30
 1 file changed, 20 insertions(+)
  ✅ Push ke GitHub Pages selesai
[2026-07-25 00:30:13] ✅ Selesai!

[2026-07-25 01:00:01] 🌱 Memulai deploy Digital Garden...
Already up to date.
  ✅ Pull selesai
🌱 Membangun Digital Garden...

  📁 catatan/ → 1 artikel
  📁 laporan/ → 7 artikel
  📁 project/ → 1 artikel
  ✅ Sitemap: 13 URLs

✅ Selesai! Total 9 halaman terbit.
   📍 https://muhdanfyan.github.io/catatan/
   📍 https://muhdanfyan.github.io/laporan/
   📍 https://muhdanfyan.github.io/project/
  ✅ Build selesai
[main 1e6a0bb] gardener: auto-build 2026-07-25 01:00
 1 file changed, 20 insertions(+)
  ✅ Push ke GitHub Pages selesai
[2026-07-25 01:00:05] ✅ Selesai!

[2026-07-25 01:30:01] 🌱 Memulai deploy Digital Garden...
Already up to date.
  ✅ Pull selesai
🌱 Membangun Digital Garden...

  📁 catatan/ → 1 artikel
  📁 laporan/ → 7 artikel
  📁 project/ → 1 artikel
  ✅ Sitemap: 13 URLs

✅ Selesai! Total 9 halaman terbit.
   📍 https://muhdanfyan.github.io/catatan/
   📍 https://muhdanfyan.github.io/laporan/
   📍 https://muhdanfyan.github.io/project/
  ✅ Build selesai
[main a3ef49c] gardener: auto-build 2026-07-25 01:30
 1 file changed, 20 insertions(+)
  ✅ Push ke GitHub Pages selesai
[2026-07-25 01:30:04] ✅ Selesai!

[2026-07-25 02:00:01] 🌱 Memulai deploy Digital Garden...
Already up to date.
  ✅ Pull selesai
🌱 Membangun Digital Garden...

  📁 catatan/ → 1 artikel
  📁 laporan/ → 7 artikel
  📁 project/ → 1 artikel
  ✅ Sitemap: 13 URLs

✅ Selesai! Total 9 halaman terbit.
   📍 https://muhdanfyan.github.io/catatan/
   📍 https://muhdanfyan.github.io/laporan/
   📍 https://muhdanfyan.github.io/project/
  ✅ Build selesai
[main fbec67e] gardener: auto-build 2026-07-25 02:00
 1 file changed, 20 insertions(+)
  ✅ Push ke GitHub Pages selesai
[2026-07-25 02:00:05] ✅ Selesai!

[2026-07-25 02:30:01] 🌱 Memulai deploy Digital Garden...
Already up to date.
  ✅ Pull selesai
🌱 Membangun Digital Garden...

  📁 catatan/ → 1 artikel
  📁 laporan/ → 7 artikel
  📁 project/ → 1 artikel
  ✅ Sitemap: 13 URLs

✅ Selesai! Total 9 halaman terbit.
   📍 https://muhdanfyan.github.io/catatan/
   📍 https://muhdanfyan.github.io/laporan/
   📍 https://muhdanfyan.github.io/project/
  ✅ Build selesai
[main a91587c] gardener: auto-build 2026-07-25 02:30
 1 file changed, 20 insertions(+)
  ✅ Push ke GitHub Pages selesai
[2026-07-25 02:30:04] ✅ Selesai!

[2026-07-25 03:00:01] 🌱 Memulai deploy Digital Garden...
Already up to date.
  ✅ Pull selesai
🌱 Membangun Digital Garden...

  📁 catatan/ → 1 artikel
  📁 laporan/ → 7 artikel
  📁 project/ → 1 artikel
  ✅ Sitemap: 13 URLs

✅ Selesai! Total 9 halaman terbit.
   📍 https://muhdanfyan.github.io/catatan/
   📍 https://muhdanfyan.github.io/laporan/
   📍 https://muhdanfyan.github.io/project/
  ✅ Build selesai
[main 052c322] gardener: auto-build 2026-07-25 03:00
 1 file changed, 20 insertions(+)
  ✅ Push ke GitHub Pages selesai
[2026-07-25 03:00:07] ✅ Selesai!

[2026-07-25 03:30:01] 🌱 Memulai deploy Digital Garden...
Already up to date.
  ✅ Pull selesai
🌱 Membangun Digital Garden...

  📁 catatan/ → 1 artikel
  📁 laporan/ → 7 artikel
  📁 project/ → 1 artikel
  ✅ Sitemap: 13 URLs

✅ Selesai! Total 9 halaman terbit.
   📍 https://muhdanfyan.github.io/catatan/
   📍 https://muhdanfyan.github.io/laporan/
   📍 https://muhdanfyan.github.io/project/
  ✅ Build selesai
[main 17ad5f0] gardener: auto-build 2026-07-25 03:30
 1 file changed, 20 insertions(+)
  ✅ Push ke GitHub Pages selesai
[2026-07-25 03:30:05] ✅ Selesai!

[2026-07-25 04:00:01] 🌱 Memulai deploy Digital Garden...
Already up to date.
  ✅ Pull selesai
🌱 Membangun Digital Garden...

  📁 catatan/ → 1 artikel
  📁 laporan/ → 7 artikel
  📁 project/ → 1 artikel
  ✅ Sitemap: 13 URLs

✅ Selesai! Total 9 halaman terbit.
   📍 https://muhdanfyan.github.io/catatan/
   📍 https://muhdanfyan.github.io/laporan/
   📍 https://muhdanfyan.github.io/project/
  ✅ Build selesai
[main 1e1a98b] gardener: auto-build 2026-07-25 04:00
 1 file changed, 20 insertions(+)
  ✅ Push ke GitHub Pages selesai
[2026-07-25 04:00:06] ✅ Selesai!

[2026-07-25 04:30:01] 🌱 Memulai deploy Digital Garden...
Already up to date.
  ✅ Pull selesai
🌱 Membangun Digital Garden...

  📁 catatan/ → 1 artikel
  📁 laporan/ → 7 artikel
  📁 project/ → 1 artikel
  ✅ Sitemap: 13 URLs

✅ Selesai! Total 9 halaman terbit.
   📍 https://muhdanfyan.github.io/catatan/
   📍 https://muhdanfyan.github.io/laporan/
   📍 https://muhdanfyan.github.io/project/
  ✅ Build selesai
[main 37ce5de] gardener: auto-build 2026-07-25 04:30
 1 file changed, 20 insertions(+)
  ✅ Push ke GitHub Pages selesai
[2026-07-25 04:30:05] ✅ Selesai!

[2026-07-25 05:00:01] 🌱 Memulai deploy Digital Garden...
Already up to date.
  ✅ Pull selesai
🌱 Membangun Digital Garden...

  📁 catatan/ → 1 artikel
  📁 laporan/ → 7 artikel
  📁 project/ → 1 artikel
  ✅ Sitemap: 13 URLs

✅ Selesai! Total 9 halaman terbit.
   📍 https://muhdanfyan.github.io/catatan/
   📍 https://muhdanfyan.github.io/laporan/
   📍 https://muhdanfyan.github.io/project/
  ✅ Build selesai
[main 52a0925] gardener: auto-build 2026-07-25 05:00
 1 file changed, 20 insertions(+)
  ✅ Push ke GitHub Pages selesai
[2026-07-25 05:00:06] ✅ Selesai!

[2026-07-25 05:30:01] 🌱 Memulai deploy Digital Garden...
Already up to date.
  ✅ Pull selesai
🌱 Membangun Digital Garden...

  📁 catatan/ → 1 artikel
  📁 laporan/ → 7 artikel
  📁 project/ → 1 artikel
  ✅ Sitemap: 13 URLs

✅ Selesai! Total 9 halaman terbit.
   📍 https://muhdanfyan.github.io/catatan/
   📍 https://muhdanfyan.github.io/laporan/
   📍 https://muhdanfyan.github.io/project/
  ✅ Build selesai
[main e80b8cf] gardener: auto-build 2026-07-25 05:30
 1 file changed, 20 insertions(+)
  ✅ Push ke GitHub Pages selesai
[2026-07-25 05:30:04] ✅ Selesai!

[2026-07-25 06:00:01] 🌱 Memulai deploy Digital Garden...
Already up to date.
  ✅ Pull selesai
🌱 Membangun Digital Garden...

  📁 catatan/ → 1 artikel
  📁 laporan/ → 7 artikel
  📁 project/ → 1 artikel
  ✅ Sitemap: 13 URLs

✅ Selesai! Total 9 halaman terbit.
   📍 https://muhdanfyan.github.io/catatan/
   📍 https://muhdanfyan.github.io/laporan/
   📍 https://muhdanfyan.github.io/project/
  ✅ Build selesai
[main f25d6eb] gardener: auto-build 2026-07-25 06:00
 1 file changed, 20 insertions(+)
  ✅ Push ke GitHub Pages selesai
[2026-07-25 06:00:04] ✅ Selesai!

[2026-07-25 06:30:01] 🌱 Memulai deploy Digital Garden...
Already up to date.
  ✅ Pull selesai
🌱 Membangun Digital Garden...

  📁 catatan/ → 1 artikel
  📁 laporan/ → 7 artikel
  📁 project/ → 1 artikel
  ✅ Sitemap: 13 URLs

✅ Selesai! Total 9 halaman terbit.
   📍 https://muhdanfyan.github.io/catatan/
   📍 https://muhdanfyan.github.io/laporan/
   📍 https://muhdanfyan.github.io/project/
  ✅ Build selesai
[main 8a3539b] gardener: auto-build 2026-07-25 06:30
 1 file changed, 20 insertions(+)
  ✅ Push ke GitHub Pages selesai
[2026-07-25 06:30:04] ✅ Selesai!

[2026-07-25 07:00:01] 🌱 Memulai deploy Digital Garden...
Already up to date.
  ✅ Pull selesai
🌱 Membangun Digital Garden...

  📁 catatan/ → 1 artikel
  📁 laporan/ → 7 artikel
  📁 project/ → 1 artikel
  ✅ Sitemap: 13 URLs

✅ Selesai! Total 9 halaman terbit.
   📍 https://muhdanfyan.github.io/catatan/
   📍 https://muhdanfyan.github.io/laporan/
   📍 https://muhdanfyan.github.io/project/
  ✅ Build selesai
[main 90ae29b] gardener: auto-build 2026-07-25 07:00
 1 file changed, 20 insertions(+)
  ✅ Push ke GitHub Pages selesai
[2026-07-25 07:00:05] ✅ Selesai!

[2026-07-25 07:30:01] 🌱 Memulai deploy Digital Garden...
Already up to date.
  ✅ Pull selesai
🌱 Membangun Digital Garden...

  📁 catatan/ → 1 artikel
  📁 laporan/ → 7 artikel
  📁 project/ → 1 artikel
  ✅ Sitemap: 13 URLs

✅ Selesai! Total 9 halaman terbit.
   📍 https://muhdanfyan.github.io/catatan/
   📍 https://muhdanfyan.github.io/laporan/
   📍 https://muhdanfyan.github.io/project/
  ✅ Build selesai
[main 7dcadf8] gardener: auto-build 2026-07-25 07:30
 1 file changed, 20 insertions(+)
  ✅ Push ke GitHub Pages selesai
[2026-07-25 07:30:05] ✅ Selesai!

[2026-07-25 08:00:01] 🌱 Memulai deploy Digital Garden...
Already up to date.
  ✅ Pull selesai
🌱 Membangun Digital Garden...

  📁 catatan/ → 1 artikel
  📁 laporan/ → 7 artikel
  📁 project/ → 1 artikel
  ✅ Sitemap: 13 URLs

✅ Selesai! Total 9 halaman terbit.
   📍 https://muhdanfyan.github.io/catatan/
   📍 https://muhdanfyan.github.io/laporan/
   📍 https://muhdanfyan.github.io/project/
  ✅ Build selesai
[main 02b8b15] gardener: auto-build 2026-07-25 08:00
 1 file changed, 20 insertions(+)
  ✅ Push ke GitHub Pages selesai
[2026-07-25 08:00:05] ✅ Selesai!

[2026-07-25 08:30:01] 🌱 Memulai deploy Digital Garden...
Already up to date.
  ✅ Pull selesai
🌱 Membangun Digital Garden...

  📁 catatan/ → 1 artikel
  📁 laporan/ → 7 artikel
  📁 project/ → 1 artikel
  ✅ Sitemap: 13 URLs

✅ Selesai! Total 9 halaman terbit.
   📍 https://muhdanfyan.github.io/catatan/
   📍 https://muhdanfyan.github.io/laporan/
   📍 https://muhdanfyan.github.io/project/
  ✅ Build selesai
[main a2804e9] gardener: auto-build 2026-07-25 08:30
 1 file changed, 20 insertions(+)
  ✅ Push ke GitHub Pages selesai
[2026-07-25 08:30:04] ✅ Selesai!

[2026-07-25 09:00:01] 🌱 Memulai deploy Digital Garden...
Already up to date.
  ✅ Pull selesai
🌱 Membangun Digital Garden...

  📁 catatan/ → 1 artikel
  📁 laporan/ → 7 artikel
  📁 project/ → 1 artikel
  ✅ Sitemap: 13 URLs

✅ Selesai! Total 9 halaman terbit.
   📍 https://muhdanfyan.github.io/catatan/
   📍 https://muhdanfyan.github.io/laporan/
   📍 https://muhdanfyan.github.io/project/
  ✅ Build selesai
[main 0d3d691] gardener: auto-build 2026-07-25 09:00
 1 file changed, 20 insertions(+)
  ✅ Push ke GitHub Pages selesai
[2026-07-25 09:00:06] ✅ Selesai!

[2026-07-25 09:30:01] 🌱 Memulai deploy Digital Garden...
Already up to date.
  ✅ Pull selesai
🌱 Membangun Digital Garden...

  📁 catatan/ → 1 artikel
  📁 laporan/ → 7 artikel
  📁 project/ → 1 artikel
  ✅ Sitemap: 13 URLs

✅ Selesai! Total 9 halaman terbit.
   📍 https://muhdanfyan.github.io/catatan/
   📍 https://muhdanfyan.github.io/laporan/
   📍 https://muhdanfyan.github.io/project/
  ✅ Build selesai
[main 7a6b834] gardener: auto-build 2026-07-25 09:30
 1 file changed, 20 insertions(+)
  ✅ Push ke GitHub Pages selesai
[2026-07-25 09:30:04] ✅ Selesai!

[2026-07-25 10:00:01] 🌱 Memulai deploy Digital Garden...
Already up to date.
  ✅ Pull selesai
🌱 Membangun Digital Garden...

  📁 catatan/ → 1 artikel
  📁 laporan/ → 7 artikel
  📁 project/ → 1 artikel
  ✅ Sitemap: 13 URLs

✅ Selesai! Total 9 halaman terbit.
   📍 https://muhdanfyan.github.io/catatan/
   📍 https://muhdanfyan.github.io/laporan/
   📍 https://muhdanfyan.github.io/project/
  ✅ Build selesai
[main a4ce345] gardener: auto-build 2026-07-25 10:00
 1 file changed, 20 insertions(+)
  ✅ Push ke GitHub Pages selesai
[2026-07-25 10:00:05] ✅ Selesai!

[2026-07-25 10:30:01] 🌱 Memulai deploy Digital Garden...
Already up to date.
  ✅ Pull selesai
🌱 Membangun Digital Garden...

  📁 catatan/ → 1 artikel
  📁 laporan/ → 7 artikel
  📁 project/ → 1 artikel
  ✅ Sitemap: 13 URLs

✅ Selesai! Total 9 halaman terbit.
   📍 https://muhdanfyan.github.io/catatan/
   📍 https://muhdanfyan.github.io/laporan/
   📍 https://muhdanfyan.github.io/project/
  ✅ Build selesai
[main e2e7807] gardener: auto-build 2026-07-25 10:30
 1 file changed, 20 insertions(+)
  ✅ Push ke GitHub Pages selesai
[2026-07-25 10:30:04] ✅ Selesai!

[2026-07-25 11:00:01] 🌱 Memulai deploy Digital Garden...
Already up to date.
  ✅ Pull selesai
🌱 Membangun Digital Garden...

  📁 catatan/ → 1 artikel
  📁 laporan/ → 7 artikel
  📁 project/ → 1 artikel
  ✅ Sitemap: 13 URLs

✅ Selesai! Total 9 halaman terbit.
   📍 https://muhdanfyan.github.io/catatan/
   📍 https://muhdanfyan.github.io/laporan/
   📍 https://muhdanfyan.github.io/project/
  ✅ Build selesai
[main 6ef801b] gardener: auto-build 2026-07-25 11:00
 1 file changed, 20 insertions(+)
  ✅ Push ke GitHub Pages selesai
[2026-07-25 11:00:05] ✅ Selesai!

[2026-07-25 11:30:01] 🌱 Memulai deploy Digital Garden...
Already up to date.
  ✅ Pull selesai
🌱 Membangun Digital Garden...

  📁 catatan/ → 1 artikel
  📁 laporan/ → 7 artikel
  📁 project/ → 1 artikel
  ✅ Sitemap: 13 URLs

✅ Selesai! Total 9 halaman terbit.
   📍 https://muhdanfyan.github.io/catatan/
   📍 https://muhdanfyan.github.io/laporan/
   📍 https://muhdanfyan.github.io/project/
  ✅ Build selesai
[main ae5efb1] gardener: auto-build 2026-07-25 11:30
 1 file changed, 20 insertions(+)
  ✅ Push ke GitHub Pages selesai
[2026-07-25 11:30:04] ✅ Selesai!

[2026-07-25 12:00:01] 🌱 Memulai deploy Digital Garden...
Already up to date.
  ✅ Pull selesai
🌱 Membangun Digital Garden...

  📁 catatan/ → 1 artikel
  📁 laporan/ → 7 artikel
  📁 project/ → 1 artikel
  ✅ Sitemap: 13 URLs

✅ Selesai! Total 9 halaman terbit.
   📍 https://muhdanfyan.github.io/catatan/
   📍 https://muhdanfyan.github.io/laporan/
   📍 https://muhdanfyan.github.io/project/
  ✅ Build selesai
[main 74a5e2b] gardener: auto-build 2026-07-25 12:00
 1 file changed, 20 insertions(+)
  ✅ Push ke GitHub Pages selesai
[2026-07-25 12:00:04] ✅ Selesai!

[2026-07-25 12:30:01] 🌱 Memulai deploy Digital Garden...
Already up to date.
  ✅ Pull selesai
🌱 Membangun Digital Garden...

  📁 catatan/ → 1 artikel
  📁 laporan/ → 7 artikel
  📁 project/ → 1 artikel
  ✅ Sitemap: 13 URLs

✅ Selesai! Total 9 halaman terbit.
   📍 https://muhdanfyan.github.io/catatan/
   📍 https://muhdanfyan.github.io/laporan/
   📍 https://muhdanfyan.github.io/project/
  ✅ Build selesai
[main a185ed5] gardener: auto-build 2026-07-25 12:30
 1 file changed, 20 insertions(+)
  ✅ Push ke GitHub Pages selesai
[2026-07-25 12:30:05] ✅ Selesai!

[2026-07-25 13:00:01] 🌱 Memulai deploy Digital Garden...
Already up to date.
  ✅ Pull selesai
🌱 Membangun Digital Garden...

  📁 catatan/ → 1 artikel
  📁 laporan/ → 7 artikel
  📁 project/ → 1 artikel
  ✅ Sitemap: 13 URLs

✅ Selesai! Total 9 halaman terbit.
   📍 https://muhdanfyan.github.io/catatan/
   📍 https://muhdanfyan.github.io/laporan/
   📍 https://muhdanfyan.github.io/project/
  ✅ Build selesai
[main 15a4994] gardener: auto-build 2026-07-25 13:00
 1 file changed, 20 insertions(+)
  ✅ Push ke GitHub Pages selesai
[2026-07-25 13:00:04] ✅ Selesai!

[2026-07-25 13:30:01] 🌱 Memulai deploy Digital Garden...
Already up to date.
  ✅ Pull selesai
🌱 Membangun Digital Garden...

  📁 catatan/ → 1 artikel
  📁 laporan/ → 7 artikel
  📁 project/ → 1 artikel
  ✅ Sitemap: 13 URLs

✅ Selesai! Total 9 halaman terbit.
   📍 https://muhdanfyan.github.io/catatan/
   📍 https://muhdanfyan.github.io/laporan/
   📍 https://muhdanfyan.github.io/project/
  ✅ Build selesai
[main aacacfa] gardener: auto-build 2026-07-25 13:30
 1 file changed, 20 insertions(+)
  ✅ Push ke GitHub Pages selesai
[2026-07-25 13:30:05] ✅ Selesai!

[2026-07-25 14:00:01] 🌱 Memulai deploy Digital Garden...
Already up to date.
  ✅ Pull selesai
🌱 Membangun Digital Garden...

  📁 catatan/ → 1 artikel
  📁 laporan/ → 7 artikel
  📁 project/ → 1 artikel
  ✅ Sitemap: 13 URLs

✅ Selesai! Total 9 halaman terbit.
   📍 https://muhdanfyan.github.io/catatan/
   📍 https://muhdanfyan.github.io/laporan/
   📍 https://muhdanfyan.github.io/project/
  ✅ Build selesai
[main a296925] gardener: auto-build 2026-07-25 14:00
 1 file changed, 20 insertions(+)
  ✅ Push ke GitHub Pages selesai
[2026-07-25 14:00:04] ✅ Selesai!

[2026-07-25 14:30:01] 🌱 Memulai deploy Digital Garden...
Already up to date.
  ✅ Pull selesai
🌱 Membangun Digital Garden...

  📁 catatan/ → 1 artikel
  📁 laporan/ → 7 artikel
  📁 project/ → 1 artikel
  ✅ Sitemap: 13 URLs

✅ Selesai! Total 9 halaman terbit.
   📍 https://muhdanfyan.github.io/catatan/
   📍 https://muhdanfyan.github.io/laporan/
   📍 https://muhdanfyan.github.io/project/
  ✅ Build selesai
[main cc5d9a4] gardener: auto-build 2026-07-25 14:30
 1 file changed, 20 insertions(+)
  ✅ Push ke GitHub Pages selesai
[2026-07-25 14:30:05] ✅ Selesai!

[2026-07-25 15:00:01] 🌱 Memulai deploy Digital Garden...
Already up to date.
  ✅ Pull selesai
🌱 Membangun Digital Garden...

  📁 catatan/ → 1 artikel
  📁 laporan/ → 7 artikel
  📁 project/ → 1 artikel
  ✅ Sitemap: 13 URLs

✅ Selesai! Total 9 halaman terbit.
   📍 https://muhdanfyan.github.io/catatan/
   📍 https://muhdanfyan.github.io/laporan/
   📍 https://muhdanfyan.github.io/project/
  ✅ Build selesai
[main fa241d5] gardener: auto-build 2026-07-25 15:00
 1 file changed, 20 insertions(+)
  ✅ Push ke GitHub Pages selesai
[2026-07-25 15:00:15] ✅ Selesai!

[2026-07-25 15:30:02] 🌱 Memulai deploy Digital Garden...
Already up to date.
  ✅ Pull selesai
🌱 Membangun Digital Garden...

  📁 catatan/ → 1 artikel
  📁 laporan/ → 7 artikel
  📁 project/ → 1 artikel
  ✅ Sitemap: 13 URLs

✅ Selesai! Total 9 halaman terbit.
   📍 https://muhdanfyan.github.io/catatan/
   📍 https://muhdanfyan.github.io/laporan/
   📍 https://muhdanfyan.github.io/project/
  ✅ Build selesai
[main 2e8a627] gardener: auto-build 2026-07-25 15:31
 1 file changed, 20 insertions(+)
  ✅ Push ke GitHub Pages selesai
[2026-07-25 15:31:17] ✅ Selesai!

[2026-07-25 16:00:01] 🌱 Memulai deploy Digital Garden...
Already up to date.
  ✅ Pull selesai
🌱 Membangun Digital Garden...

  📁 catatan/ → 1 artikel
  📁 laporan/ → 7 artikel
  📁 project/ → 1 artikel
  ✅ Sitemap: 13 URLs

✅ Selesai! Total 9 halaman terbit.
   📍 https://muhdanfyan.github.io/catatan/
   📍 https://muhdanfyan.github.io/laporan/
   📍 https://muhdanfyan.github.io/project/
  ✅ Build selesai
[main 38ede95] gardener: auto-build 2026-07-25 16:00
 1 file changed, 20 insertions(+)
  ✅ Push ke GitHub Pages selesai
[2026-07-25 16:00:06] ✅ Selesai!

[2026-07-25 16:30:01] 🌱 Memulai deploy Digital Garden...
Already up to date.
  ✅ Pull selesai
🌱 Membangun Digital Garden...

  📁 catatan/ → 1 artikel
  📁 laporan/ → 7 artikel
  📁 project/ → 1 artikel
  ✅ Sitemap: 13 URLs

✅ Selesai! Total 9 halaman terbit.
   📍 https://muhdanfyan.github.io/catatan/
   📍 https://muhdanfyan.github.io/laporan/
   📍 https://muhdanfyan.github.io/project/
  ✅ Build selesai
[main 1baf55a] gardener: auto-build 2026-07-25 16:30
 1 file changed, 20 insertions(+)
  ✅ Push ke GitHub Pages selesai
[2026-07-25 16:30:03] ✅ Selesai!

[2026-07-25 17:00:01] 🌱 Memulai deploy Digital Garden...
Already up to date.
  ✅ Pull selesai
🌱 Membangun Digital Garden...

  📁 catatan/ → 1 artikel
  📁 laporan/ → 7 artikel
  📁 project/ → 1 artikel
  ✅ Sitemap: 13 URLs

✅ Selesai! Total 9 halaman terbit.
   📍 https://muhdanfyan.github.io/catatan/
   📍 https://muhdanfyan.github.io/laporan/
   📍 https://muhdanfyan.github.io/project/
  ✅ Build selesai
[main 9460026] gardener: auto-build 2026-07-25 17:00
 1 file changed, 20 insertions(+)
  ✅ Push ke GitHub Pages selesai
[2026-07-25 17:00:04] ✅ Selesai!

[2026-07-25 17:30:01] 🌱 Memulai deploy Digital Garden...
Already up to date.
  ✅ Pull selesai
🌱 Membangun Digital Garden...

  📁 catatan/ → 1 artikel
  📁 laporan/ → 7 artikel
  📁 project/ → 1 artikel
  ✅ Sitemap: 13 URLs

✅ Selesai! Total 9 halaman terbit.
   📍 https://muhdanfyan.github.io/catatan/
   📍 https://muhdanfyan.github.io/laporan/
   📍 https://muhdanfyan.github.io/project/
  ✅ Build selesai
[main 6ee1346] gardener: auto-build 2026-07-25 17:30
 1 file changed, 20 insertions(+)
  ✅ Push ke GitHub Pages selesai
[2026-07-25 17:30:06] ✅ Selesai!

[2026-07-25 18:00:01] 🌱 Memulai deploy Digital Garden...
Already up to date.
  ✅ Pull selesai
🌱 Membangun Digital Garden...

  📁 catatan/ → 1 artikel
  📁 laporan/ → 7 artikel
  📁 project/ → 1 artikel
  ✅ Sitemap: 13 URLs

✅ Selesai! Total 9 halaman terbit.
   📍 https://muhdanfyan.github.io/catatan/
   📍 https://muhdanfyan.github.io/laporan/
   📍 https://muhdanfyan.github.io/project/
  ✅ Build selesai
[main 396314c] gardener: auto-build 2026-07-25 18:00
 1 file changed, 20 insertions(+)
  ✅ Push ke GitHub Pages selesai
[2026-07-25 18:00:06] ✅ Selesai!

[2026-07-25 18:30:01] 🌱 Memulai deploy Digital Garden...
Already up to date.
  ✅ Pull selesai
🌱 Membangun Digital Garden...

  📁 catatan/ → 1 artikel
  📁 laporan/ → 7 artikel
  📁 project/ → 1 artikel
  ✅ Sitemap: 13 URLs

✅ Selesai! Total 9 halaman terbit.
   📍 https://muhdanfyan.github.io/catatan/
   📍 https://muhdanfyan.github.io/laporan/
   📍 https://muhdanfyan.github.io/project/
  ✅ Build selesai
[main c89f23d] gardener: auto-build 2026-07-25 18:30
 1 file changed, 20 insertions(+)
  ✅ Push ke GitHub Pages selesai
[2026-07-25 18:30:04] ✅ Selesai!

[2026-07-25 19:00:01] 🌱 Memulai deploy Digital Garden...
Already up to date.
  ✅ Pull selesai
🌱 Membangun Digital Garden...

  📁 catatan/ → 1 artikel
  📁 laporan/ → 7 artikel
  📁 project/ → 1 artikel
  ✅ Sitemap: 13 URLs

✅ Selesai! Total 9 halaman terbit.
   📍 https://muhdanfyan.github.io/catatan/
   📍 https://muhdanfyan.github.io/laporan/
   📍 https://muhdanfyan.github.io/project/
  ✅ Build selesai
[main b48c85d] gardener: auto-build 2026-07-25 19:00
 1 file changed, 20 insertions(+)
  ✅ Push ke GitHub Pages selesai
[2026-07-25 19:00:05] ✅ Selesai!

[2026-07-25 19:30:01] 🌱 Memulai deploy Digital Garden...
Already up to date.
  ✅ Pull selesai
🌱 Membangun Digital Garden...

  📁 catatan/ → 1 artikel
  📁 laporan/ → 7 artikel
  📁 project/ → 1 artikel
  ✅ Sitemap: 13 URLs

✅ Selesai! Total 9 halaman terbit.
   📍 https://muhdanfyan.github.io/catatan/
   📍 https://muhdanfyan.github.io/laporan/
   📍 https://muhdanfyan.github.io/project/
  ✅ Build selesai
[main 4e40978] gardener: auto-build 2026-07-25 19:30
 1 file changed, 20 insertions(+)
  ✅ Push ke GitHub Pages selesai
[2026-07-25 19:30:15] ✅ Selesai!

[2026-07-25 20:00:01] 🌱 Memulai deploy Digital Garden...
Already up to date.
  ✅ Pull selesai
🌱 Membangun Digital Garden...

  📁 catatan/ → 1 artikel
  📁 laporan/ → 7 artikel
  📁 project/ → 1 artikel
  ✅ Sitemap: 13 URLs

✅ Selesai! Total 9 halaman terbit.
   📍 https://muhdanfyan.github.io/catatan/
   📍 https://muhdanfyan.github.io/laporan/
   📍 https://muhdanfyan.github.io/project/
  ✅ Build selesai
[main d40ab55] gardener: auto-build 2026-07-25 20:00
 1 file changed, 20 insertions(+)
  ✅ Push ke GitHub Pages selesai
[2026-07-25 20:00:06] ✅ Selesai!

[2026-07-25 20:30:01] 🌱 Memulai deploy Digital Garden...
Already up to date.
  ✅ Pull selesai
🌱 Membangun Digital Garden...

  📁 catatan/ → 1 artikel
  📁 laporan/ → 7 artikel
  📁 project/ → 1 artikel
  ✅ Sitemap: 13 URLs

✅ Selesai! Total 9 halaman terbit.
   📍 https://muhdanfyan.github.io/catatan/
   📍 https://muhdanfyan.github.io/laporan/
   📍 https://muhdanfyan.github.io/project/
  ✅ Build selesai
[main e7e9b09] gardener: auto-build 2026-07-25 20:30
 1 file changed, 20 insertions(+)
  ✅ Push ke GitHub Pages selesai
[2026-07-25 20:30:05] ✅ Selesai!

[2026-07-25 21:00:01] 🌱 Memulai deploy Digital Garden...
Already up to date.
  ✅ Pull selesai
🌱 Membangun Digital Garden...

  📁 catatan/ → 1 artikel
  📁 laporan/ → 7 artikel
  📁 project/ → 1 artikel
  ✅ Sitemap: 13 URLs

✅ Selesai! Total 9 halaman terbit.
   📍 https://muhdanfyan.github.io/catatan/
   📍 https://muhdanfyan.github.io/laporan/
   📍 https://muhdanfyan.github.io/project/
  ✅ Build selesai
[main 4245f46] gardener: auto-build 2026-07-25 21:00
 1 file changed, 20 insertions(+)
  ✅ Push ke GitHub Pages selesai
[2026-07-25 21:00:05] ✅ Selesai!

[2026-07-25 21:30:01] 🌱 Memulai deploy Digital Garden...
Already up to date.
  ✅ Pull selesai
🌱 Membangun Digital Garden...

  📁 catatan/ → 1 artikel
  📁 laporan/ → 7 artikel
  📁 project/ → 1 artikel
  ✅ Sitemap: 13 URLs

✅ Selesai! Total 9 halaman terbit.
   📍 https://muhdanfyan.github.io/catatan/
   📍 https://muhdanfyan.github.io/laporan/
   📍 https://muhdanfyan.github.io/project/
  ✅ Build selesai
[main 2a79985] gardener: auto-build 2026-07-25 21:30
 1 file changed, 20 insertions(+)
  ✅ Push ke GitHub Pages selesai
[2026-07-25 21:30:04] ✅ Selesai!

[2026-07-25 22:00:01] 🌱 Memulai deploy Digital Garden...
Already up to date.
  ✅ Pull selesai
🌱 Membangun Digital Garden...

  📁 catatan/ → 1 artikel
  📁 laporan/ → 7 artikel
  📁 project/ → 1 artikel
  ✅ Sitemap: 13 URLs

✅ Selesai! Total 9 halaman terbit.
   📍 https://muhdanfyan.github.io/catatan/
   📍 https://muhdanfyan.github.io/laporan/
   📍 https://muhdanfyan.github.io/project/
  ✅ Build selesai
[main e0ffdd5] gardener: auto-build 2026-07-25 22:00
 1 file changed, 20 insertions(+)
  ✅ Push ke GitHub Pages selesai
[2026-07-25 22:00:04] ✅ Selesai!

[2026-07-25 22:30:01] 🌱 Memulai deploy Digital Garden...
Already up to date.
  ✅ Pull selesai
🌱 Membangun Digital Garden...

  📁 catatan/ → 1 artikel
  📁 laporan/ → 7 artikel
  📁 project/ → 1 artikel
  ✅ Sitemap: 13 URLs

✅ Selesai! Total 9 halaman terbit.
   📍 https://muhdanfyan.github.io/catatan/
   📍 https://muhdanfyan.github.io/laporan/
   📍 https://muhdanfyan.github.io/project/
  ✅ Build selesai
[main dc370ee] gardener: auto-build 2026-07-25 22:30
 1 file changed, 20 insertions(+)
  ✅ Push ke GitHub Pages selesai
[2026-07-25 22:30:05] ✅ Selesai!

[2026-07-25 23:00:01] 🌱 Memulai deploy Digital Garden...
Already up to date.
  ✅ Pull selesai
🌱 Membangun Digital Garden...

  📁 catatan/ → 1 artikel
  📁 laporan/ → 7 artikel
  📁 project/ → 1 artikel
  ✅ Sitemap: 13 URLs

✅ Selesai! Total 9 halaman terbit.
   📍 https://muhdanfyan.github.io/catatan/
   📍 https://muhdanfyan.github.io/laporan/
   📍 https://muhdanfyan.github.io/project/
  ✅ Build selesai
[main ca00448] gardener: auto-build 2026-07-25 23:00
 1 file changed, 20 insertions(+)
  ✅ Push ke GitHub Pages selesai
[2026-07-25 23:00:06] ✅ Selesai!

[2026-07-25 23:30:01] 🌱 Memulai deploy Digital Garden...
Already up to date.
  ✅ Pull selesai
🌱 Membangun Digital Garden...

  📁 catatan/ → 1 artikel
  📁 laporan/ → 7 artikel
  📁 project/ → 1 artikel
  ✅ Sitemap: 13 URLs

✅ Selesai! Total 9 halaman terbit.
   📍 https://muhdanfyan.github.io/catatan/
   📍 https://muhdanfyan.github.io/laporan/
   📍 https://muhdanfyan.github.io/project/
  ✅ Build selesai
[main befad26] gardener: auto-build 2026-07-25 23:30
 1 file changed, 20 insertions(+)
  ✅ Push ke GitHub Pages selesai
[2026-07-25 23:30:04] ✅ Selesai!

[2026-07-26 00:00:01] 🌱 Memulai deploy Digital Garden...
Already up to date.
  ✅ Pull selesai
🌱 Membangun Digital Garden...

  📁 catatan/ → 1 artikel
  📁 laporan/ → 7 artikel
  📁 project/ → 1 artikel
  ✅ Sitemap: 13 URLs

✅ Selesai! Total 9 halaman terbit.
   📍 https://muhdanfyan.github.io/catatan/
   📍 https://muhdanfyan.github.io/laporan/
   📍 https://muhdanfyan.github.io/project/
  ✅ Build selesai
[main dd16234] gardener: auto-build 2026-07-26 00:00
 1 file changed, 20 insertions(+)
  ✅ Push ke GitHub Pages selesai
[2026-07-26 00:00:04] ✅ Selesai!

[2026-07-26 00:30:01] 🌱 Memulai deploy Digital Garden...
Already up to date.
  ✅ Pull selesai
🌱 Membangun Digital Garden...

  📁 catatan/ → 1 artikel
  📁 laporan/ → 7 artikel
  📁 project/ → 1 artikel
  ✅ Sitemap: 13 URLs

✅ Selesai! Total 9 halaman terbit.
   📍 https://muhdanfyan.github.io/catatan/
   📍 https://muhdanfyan.github.io/laporan/
   📍 https://muhdanfyan.github.io/project/
  ✅ Build selesai
[main 3e7656e] gardener: auto-build 2026-07-26 00:30
 1 file changed, 20 insertions(+)
  ✅ Push ke GitHub Pages selesai
[2026-07-26 00:30:04] ✅ Selesai!

[2026-07-26 01:00:01] 🌱 Memulai deploy Digital Garden...
Already up to date.
  ✅ Pull selesai
🌱 Membangun Digital Garden...

  📁 catatan/ → 1 artikel
  📁 laporan/ → 7 artikel
  📁 project/ → 1 artikel
  ✅ Sitemap: 13 URLs

✅ Selesai! Total 9 halaman terbit.
   📍 https://muhdanfyan.github.io/catatan/
   📍 https://muhdanfyan.github.io/laporan/
   📍 https://muhdanfyan.github.io/project/
  ✅ Build selesai
[main b42ac8c] gardener: auto-build 2026-07-26 01:00
 1 file changed, 20 insertions(+)
  ✅ Push ke GitHub Pages selesai
[2026-07-26 01:00:04] ✅ Selesai!

[2026-07-26 01:30:01] 🌱 Memulai deploy Digital Garden...
Already up to date.
  ✅ Pull selesai
🌱 Membangun Digital Garden...

  📁 catatan/ → 1 artikel
  📁 laporan/ → 7 artikel
  📁 project/ → 1 artikel
  ✅ Sitemap: 13 URLs

✅ Selesai! Total 9 halaman terbit.
   📍 https://muhdanfyan.github.io/catatan/
   📍 https://muhdanfyan.github.io/laporan/
   📍 https://muhdanfyan.github.io/project/
  ✅ Build selesai
[main 5a6b3e6] gardener: auto-build 2026-07-26 01:30
 1 file changed, 20 insertions(+)
  ✅ Push ke GitHub Pages selesai
[2026-07-26 01:30:04] ✅ Selesai!

[2026-07-26 02:00:01] 🌱 Memulai deploy Digital Garden...
Already up to date.
  ✅ Pull selesai
🌱 Membangun Digital Garden...

  📁 catatan/ → 1 artikel
  📁 laporan/ → 7 artikel
  📁 project/ → 1 artikel
  ✅ Sitemap: 13 URLs

✅ Selesai! Total 9 halaman terbit.
   📍 https://muhdanfyan.github.io/catatan/
   📍 https://muhdanfyan.github.io/laporan/
   📍 https://muhdanfyan.github.io/project/
  ✅ Build selesai
[main ce53822] gardener: auto-build 2026-07-26 02:00
 1 file changed, 20 insertions(+)
  ✅ Push ke GitHub Pages selesai
[2026-07-26 02:00:04] ✅ Selesai!

[2026-07-26 02:30:01] 🌱 Memulai deploy Digital Garden...
Already up to date.
  ✅ Pull selesai
🌱 Membangun Digital Garden...

  📁 catatan/ → 1 artikel
  📁 laporan/ → 7 artikel
  📁 project/ → 1 artikel
  ✅ Sitemap: 13 URLs

✅ Selesai! Total 9 halaman terbit.
   📍 https://muhdanfyan.github.io/catatan/
   📍 https://muhdanfyan.github.io/laporan/
   📍 https://muhdanfyan.github.io/project/
  ✅ Build selesai
[main d2a1bcb] gardener: auto-build 2026-07-26 02:30
 1 file changed, 20 insertions(+)
  ✅ Push ke GitHub Pages selesai
[2026-07-26 02:30:04] ✅ Selesai!

[2026-07-26 03:00:01] 🌱 Memulai deploy Digital Garden...
Already up to date.
  ✅ Pull selesai
🌱 Membangun Digital Garden...

  📁 catatan/ → 1 artikel
  📁 laporan/ → 7 artikel
  📁 project/ → 1 artikel
  ✅ Sitemap: 13 URLs

✅ Selesai! Total 9 halaman terbit.
   📍 https://muhdanfyan.github.io/catatan/
   📍 https://muhdanfyan.github.io/laporan/
   📍 https://muhdanfyan.github.io/project/
  ✅ Build selesai
[main 776dbb1] gardener: auto-build 2026-07-26 03:00
 1 file changed, 20 insertions(+)
  ✅ Push ke GitHub Pages selesai
[2026-07-26 03:00:04] ✅ Selesai!

[2026-07-26 03:30:01] 🌱 Memulai deploy Digital Garden...
Already up to date.
  ✅ Pull selesai
🌱 Membangun Digital Garden...

  📁 catatan/ → 1 artikel
  📁 laporan/ → 7 artikel
  📁 project/ → 1 artikel
  ✅ Sitemap: 13 URLs

✅ Selesai! Total 9 halaman terbit.
   📍 https://muhdanfyan.github.io/catatan/
   📍 https://muhdanfyan.github.io/laporan/
   📍 https://muhdanfyan.github.io/project/
  ✅ Build selesai
[main e5e24c1] gardener: auto-build 2026-07-26 03:30
 1 file changed, 20 insertions(+)
  ✅ Push ke GitHub Pages selesai
[2026-07-26 03:30:04] ✅ Selesai!

[2026-07-26 04:00:01] 🌱 Memulai deploy Digital Garden...
Already up to date.
  ✅ Pull selesai
🌱 Membangun Digital Garden...

  📁 catatan/ → 1 artikel
  📁 laporan/ → 7 artikel
  📁 project/ → 1 artikel
  ✅ Sitemap: 13 URLs

✅ Selesai! Total 9 halaman terbit.
   📍 https://muhdanfyan.github.io/catatan/
   📍 https://muhdanfyan.github.io/laporan/
   📍 https://muhdanfyan.github.io/project/
  ✅ Build selesai
[main 2e84b00] gardener: auto-build 2026-07-26 04:00
 1 file changed, 20 insertions(+)
  ✅ Push ke GitHub Pages selesai
[2026-07-26 04:00:14] ✅ Selesai!

[2026-07-26 04:30:02] 🌱 Memulai deploy Digital Garden...
Already up to date.
  ✅ Pull selesai
🌱 Membangun Digital Garden...

  📁 catatan/ → 1 artikel
  📁 laporan/ → 7 artikel
  📁 project/ → 1 artikel
  ✅ Sitemap: 13 URLs

✅ Selesai! Total 9 halaman terbit.
   📍 https://muhdanfyan.github.io/catatan/
   📍 https://muhdanfyan.github.io/laporan/
   📍 https://muhdanfyan.github.io/project/
  ✅ Build selesai
[main ff993a4] gardener: auto-build 2026-07-26 04:30
 1 file changed, 20 insertions(+)
  ✅ Push ke GitHub Pages selesai
[2026-07-26 04:30:04] ✅ Selesai!

[2026-07-26 05:00:02] 🌱 Memulai deploy Digital Garden...
Already up to date.
  ✅ Pull selesai
🌱 Membangun Digital Garden...

  📁 catatan/ → 1 artikel
  📁 laporan/ → 7 artikel
  📁 project/ → 1 artikel
  ✅ Sitemap: 13 URLs

✅ Selesai! Total 9 halaman terbit.
   📍 https://muhdanfyan.github.io/catatan/
   📍 https://muhdanfyan.github.io/laporan/
   📍 https://muhdanfyan.github.io/project/
  ✅ Build selesai
[main 3cd51c2] gardener: auto-build 2026-07-26 05:00
 1 file changed, 20 insertions(+)
  ✅ Push ke GitHub Pages selesai
[2026-07-26 05:00:10] ✅ Selesai!

[2026-07-26 05:30:01] 🌱 Memulai deploy Digital Garden...
Already up to date.
  ✅ Pull selesai
🌱 Membangun Digital Garden...

  📁 catatan/ → 1 artikel
  📁 laporan/ → 7 artikel
  📁 project/ → 1 artikel
  ✅ Sitemap: 13 URLs

✅ Selesai! Total 9 halaman terbit.
   📍 https://muhdanfyan.github.io/catatan/
   📍 https://muhdanfyan.github.io/laporan/
   📍 https://muhdanfyan.github.io/project/
  ✅ Build selesai
[main fd9932d] gardener: auto-build 2026-07-26 05:30
 1 file changed, 20 insertions(+)
  ✅ Push ke GitHub Pages selesai
[2026-07-26 05:30:04] ✅ Selesai!

[2026-07-26 06:00:01] 🌱 Memulai deploy Digital Garden...
Already up to date.
  ✅ Pull selesai
🌱 Membangun Digital Garden...

  📁 catatan/ → 1 artikel
  📁 laporan/ → 7 artikel
  📁 project/ → 1 artikel
  ✅ Sitemap: 13 URLs

✅ Selesai! Total 9 halaman terbit.
   📍 https://muhdanfyan.github.io/catatan/
   📍 https://muhdanfyan.github.io/laporan/
   📍 https://muhdanfyan.github.io/project/
  ✅ Build selesai
[main 3ee5342] gardener: auto-build 2026-07-26 06:00
 1 file changed, 20 insertions(+)
  ✅ Push ke GitHub Pages selesai
[2026-07-26 06:00:04] ✅ Selesai!

[2026-07-26 06:30:01] 🌱 Memulai deploy Digital Garden...
Already up to date.
  ✅ Pull selesai
🌱 Membangun Digital Garden...

  📁 catatan/ → 1 artikel
  📁 laporan/ → 7 artikel
  📁 project/ → 1 artikel
  ✅ Sitemap: 13 URLs

✅ Selesai! Total 9 halaman terbit.
   📍 https://muhdanfyan.github.io/catatan/
   📍 https://muhdanfyan.github.io/laporan/
   📍 https://muhdanfyan.github.io/project/
  ✅ Build selesai
[main 9eaed00] gardener: auto-build 2026-07-26 06:30
 1 file changed, 20 insertions(+)
  ✅ Push ke GitHub Pages selesai
[2026-07-26 06:30:05] ✅ Selesai!

[2026-07-26 07:00:01] 🌱 Memulai deploy Digital Garden...
Already up to date.
  ✅ Pull selesai
🌱 Membangun Digital Garden...

  📁 catatan/ → 1 artikel
  📁 laporan/ → 7 artikel
  📁 project/ → 1 artikel
  ✅ Sitemap: 13 URLs

✅ Selesai! Total 9 halaman terbit.
   📍 https://muhdanfyan.github.io/catatan/
   📍 https://muhdanfyan.github.io/laporan/
   📍 https://muhdanfyan.github.io/project/
  ✅ Build selesai
[main 777eeb6] gardener: auto-build 2026-07-26 07:00
 1 file changed, 20 insertions(+)
  ✅ Push ke GitHub Pages selesai
[2026-07-26 07:00:04] ✅ Selesai!

[2026-07-26 07:30:01] 🌱 Memulai deploy Digital Garden...
Already up to date.
  ✅ Pull selesai
🌱 Membangun Digital Garden...

  📁 catatan/ → 1 artikel
  📁 laporan/ → 7 artikel
  📁 project/ → 1 artikel
  ✅ Sitemap: 13 URLs

✅ Selesai! Total 9 halaman terbit.
   📍 https://muhdanfyan.github.io/catatan/
   📍 https://muhdanfyan.github.io/laporan/
   📍 https://muhdanfyan.github.io/project/
  ✅ Build selesai
[main 94271b5] gardener: auto-build 2026-07-26 07:30
 1 file changed, 20 insertions(+)
  ✅ Push ke GitHub Pages selesai
[2026-07-26 07:30:04] ✅ Selesai!

[2026-07-26 08:00:01] 🌱 Memulai deploy Digital Garden...
Already up to date.
  ✅ Pull selesai
🌱 Membangun Digital Garden...

  📁 catatan/ → 1 artikel
  📁 laporan/ → 7 artikel
  📁 project/ → 1 artikel
  ✅ Sitemap: 13 URLs

✅ Selesai! Total 9 halaman terbit.
   📍 https://muhdanfyan.github.io/catatan/
   📍 https://muhdanfyan.github.io/laporan/
   📍 https://muhdanfyan.github.io/project/
  ✅ Build selesai
[main 990f2ff] gardener: auto-build 2026-07-26 08:00
 1 file changed, 20 insertions(+)
  ✅ Push ke GitHub Pages selesai
[2026-07-26 08:00:04] ✅ Selesai!

[2026-07-26 08:30:01] 🌱 Memulai deploy Digital Garden...
Already up to date.
  ✅ Pull selesai
🌱 Membangun Digital Garden...

  📁 catatan/ → 1 artikel
  📁 laporan/ → 7 artikel
  📁 project/ → 1 artikel
  ✅ Sitemap: 13 URLs

✅ Selesai! Total 9 halaman terbit.
   📍 https://muhdanfyan.github.io/catatan/
   📍 https://muhdanfyan.github.io/laporan/
   📍 https://muhdanfyan.github.io/project/
  ✅ Build selesai
[main e87caf3] gardener: auto-build 2026-07-26 08:30
 1 file changed, 20 insertions(+)
  ✅ Push ke GitHub Pages selesai
[2026-07-26 08:30:04] ✅ Selesai!

[2026-07-26 09:00:01] 🌱 Memulai deploy Digital Garden...
Already up to date.
  ✅ Pull selesai
🌱 Membangun Digital Garden...

  📁 catatan/ → 1 artikel
  📁 laporan/ → 7 artikel
  📁 project/ → 1 artikel
  ✅ Sitemap: 13 URLs

✅ Selesai! Total 9 halaman terbit.
   📍 https://muhdanfyan.github.io/catatan/
   📍 https://muhdanfyan.github.io/laporan/
   📍 https://muhdanfyan.github.io/project/
  ✅ Build selesai
[main 9c4e626] gardener: auto-build 2026-07-26 09:00
 1 file changed, 20 insertions(+)
  ✅ Push ke GitHub Pages selesai
[2026-07-26 09:00:10] ✅ Selesai!

[2026-07-26 09:30:01] 🌱 Memulai deploy Digital Garden...
Already up to date.
  ✅ Pull selesai
🌱 Membangun Digital Garden...

  📁 catatan/ → 1 artikel
  📁 laporan/ → 7 artikel
  📁 project/ → 1 artikel
  ✅ Sitemap: 13 URLs

✅ Selesai! Total 9 halaman terbit.
   📍 https://muhdanfyan.github.io/catatan/
   📍 https://muhdanfyan.github.io/laporan/
   📍 https://muhdanfyan.github.io/project/
  ✅ Build selesai
[main 111bd78] gardener: auto-build 2026-07-26 09:30
 1 file changed, 20 insertions(+)
  ✅ Push ke GitHub Pages selesai
[2026-07-26 09:30:49] ✅ Selesai!

[2026-07-26 10:00:01] 🌱 Memulai deploy Digital Garden...
Already up to date.
  ✅ Pull selesai
🌱 Membangun Digital Garden...

  📁 catatan/ → 1 artikel
  📁 laporan/ → 7 artikel
  📁 project/ → 1 artikel
  ✅ Sitemap: 13 URLs

✅ Selesai! Total 9 halaman terbit.
   📍 https://muhdanfyan.github.io/catatan/
   📍 https://muhdanfyan.github.io/laporan/
   📍 https://muhdanfyan.github.io/project/
  ✅ Build selesai
[main f71f5cd] gardener: auto-build 2026-07-26 10:00
 1 file changed, 20 insertions(+)
  ✅ Push ke GitHub Pages selesai
[2026-07-26 10:00:04] ✅ Selesai!

[2026-07-26 10:30:01] 🌱 Memulai deploy Digital Garden...
Already up to date.
  ✅ Pull selesai
🌱 Membangun Digital Garden...

  📁 catatan/ → 1 artikel
  📁 laporan/ → 7 artikel
  📁 project/ → 1 artikel
  ✅ Sitemap: 13 URLs

✅ Selesai! Total 9 halaman terbit.
   📍 https://muhdanfyan.github.io/catatan/
   📍 https://muhdanfyan.github.io/laporan/
   📍 https://muhdanfyan.github.io/project/
  ✅ Build selesai
[main 1c16e08] gardener: auto-build 2026-07-26 10:30
 1 file changed, 20 insertions(+)
  ✅ Push ke GitHub Pages selesai
[2026-07-26 10:30:04] ✅ Selesai!

[2026-07-26 11:00:01] 🌱 Memulai deploy Digital Garden...
Already up to date.
  ✅ Pull selesai
🌱 Membangun Digital Garden...

  📁 catatan/ → 1 artikel
  📁 laporan/ → 7 artikel
  📁 project/ → 1 artikel
  ✅ Sitemap: 13 URLs

✅ Selesai! Total 9 halaman terbit.
   📍 https://muhdanfyan.github.io/catatan/
   📍 https://muhdanfyan.github.io/laporan/
   📍 https://muhdanfyan.github.io/project/
  ✅ Build selesai
[main 0298128] gardener: auto-build 2026-07-26 11:00
 1 file changed, 20 insertions(+)
  ✅ Push ke GitHub Pages selesai
[2026-07-26 11:00:04] ✅ Selesai!

[2026-07-26 11:30:01] 🌱 Memulai deploy Digital Garden...
Already up to date.
  ✅ Pull selesai
🌱 Membangun Digital Garden...

  📁 catatan/ → 1 artikel
  📁 laporan/ → 7 artikel
  📁 project/ → 1 artikel
  ✅ Sitemap: 13 URLs

✅ Selesai! Total 9 halaman terbit.
   📍 https://muhdanfyan.github.io/catatan/
   📍 https://muhdanfyan.github.io/laporan/
   📍 https://muhdanfyan.github.io/project/
  ✅ Build selesai
[main cae8b9e] gardener: auto-build 2026-07-26 11:30
 1 file changed, 20 insertions(+)
  ✅ Push ke GitHub Pages selesai
[2026-07-26 11:30:32] ✅ Selesai!

[2026-07-26 12:00:13] 🌱 Memulai deploy Digital Garden...
Already up to date.
  ✅ Pull selesai
🌱 Membangun Digital Garden...

  📁 catatan/ → 1 artikel
  📁 laporan/ → 7 artikel
  📁 project/ → 1 artikel
  ✅ Sitemap: 13 URLs

✅ Selesai! Total 9 halaman terbit.
   📍 https://muhdanfyan.github.io/catatan/
   📍 https://muhdanfyan.github.io/laporan/
   📍 https://muhdanfyan.github.io/project/
  ✅ Build selesai
[main 63f1958] gardener: auto-build 2026-07-26 12:00
 1 file changed, 20 insertions(+)
  ✅ Push ke GitHub Pages selesai
[2026-07-26 12:00:16] ✅ Selesai!

[2026-07-26 12:30:01] 🌱 Memulai deploy Digital Garden...
Already up to date.
  ✅ Pull selesai
🌱 Membangun Digital Garden...

  📁 catatan/ → 1 artikel
  📁 laporan/ → 7 artikel
  📁 project/ → 1 artikel
  ✅ Sitemap: 13 URLs

✅ Selesai! Total 9 halaman terbit.
   📍 https://muhdanfyan.github.io/catatan/
   📍 https://muhdanfyan.github.io/laporan/
   📍 https://muhdanfyan.github.io/project/
  ✅ Build selesai
[main d3b1282] gardener: auto-build 2026-07-26 12:30
 1 file changed, 20 insertions(+)
  ✅ Push ke GitHub Pages selesai
[2026-07-26 12:30:05] ✅ Selesai!

[2026-07-26 13:00:01] 🌱 Memulai deploy Digital Garden...
Already up to date.
  ✅ Pull selesai
🌱 Membangun Digital Garden...

  📁 catatan/ → 1 artikel
  📁 laporan/ → 7 artikel
  📁 project/ → 1 artikel
  ✅ Sitemap: 13 URLs

✅ Selesai! Total 9 halaman terbit.
   📍 https://muhdanfyan.github.io/catatan/
   📍 https://muhdanfyan.github.io/laporan/
   📍 https://muhdanfyan.github.io/project/
  ✅ Build selesai
[main 979592f] gardener: auto-build 2026-07-26 13:00
 1 file changed, 20 insertions(+)
  ✅ Push ke GitHub Pages selesai
[2026-07-26 13:00:05] ✅ Selesai!

[2026-07-26 13:30:01] 🌱 Memulai deploy Digital Garden...
Already up to date.
  ✅ Pull selesai
🌱 Membangun Digital Garden...

  📁 catatan/ → 1 artikel
  📁 laporan/ → 7 artikel
  📁 project/ → 1 artikel
  ✅ Sitemap: 13 URLs

✅ Selesai! Total 9 halaman terbit.
   📍 https://muhdanfyan.github.io/catatan/
   📍 https://muhdanfyan.github.io/laporan/
   📍 https://muhdanfyan.github.io/project/
  ✅ Build selesai
[main 0c81802] gardener: auto-build 2026-07-26 13:30
 1 file changed, 20 insertions(+)
  ✅ Push ke GitHub Pages selesai
[2026-07-26 13:30:04] ✅ Selesai!

[2026-07-26 14:00:01] 🌱 Memulai deploy Digital Garden...
Already up to date.
  ✅ Pull selesai
🌱 Membangun Digital Garden...

  📁 catatan/ → 1 artikel
  📁 laporan/ → 7 artikel
  📁 project/ → 1 artikel
  ✅ Sitemap: 13 URLs

✅ Selesai! Total 9 halaman terbit.
   📍 https://muhdanfyan.github.io/catatan/
   📍 https://muhdanfyan.github.io/laporan/
   📍 https://muhdanfyan.github.io/project/
  ✅ Build selesai
[main 0706094] gardener: auto-build 2026-07-26 14:00
 1 file changed, 20 insertions(+)
  ✅ Push ke GitHub Pages selesai
[2026-07-26 14:00:04] ✅ Selesai!

[2026-07-26 14:30:01] 🌱 Memulai deploy Digital Garden...
Already up to date.
  ✅ Pull selesai
🌱 Membangun Digital Garden...

  📁 catatan/ → 1 artikel
  📁 laporan/ → 7 artikel
  📁 project/ → 1 artikel
  ✅ Sitemap: 13 URLs

✅ Selesai! Total 9 halaman terbit.
   📍 https://muhdanfyan.github.io/catatan/
   📍 https://muhdanfyan.github.io/laporan/
   📍 https://muhdanfyan.github.io/project/
  ✅ Build selesai
[main 36232a4] gardener: auto-build 2026-07-26 14:30
 1 file changed, 20 insertions(+)
  ✅ Push ke GitHub Pages selesai
[2026-07-26 14:30:04] ✅ Selesai!

[2026-07-26 15:00:01] 🌱 Memulai deploy Digital Garden...
Already up to date.
  ✅ Pull selesai
🌱 Membangun Digital Garden...

  📁 catatan/ → 1 artikel
  📁 laporan/ → 7 artikel
  📁 project/ → 1 artikel
  ✅ Sitemap: 13 URLs

✅ Selesai! Total 9 halaman terbit.
   📍 https://muhdanfyan.github.io/catatan/
   📍 https://muhdanfyan.github.io/laporan/
   📍 https://muhdanfyan.github.io/project/
  ✅ Build selesai
[main f12388e] gardener: auto-build 2026-07-26 15:00
 1 file changed, 20 insertions(+)
  ✅ Push ke GitHub Pages selesai
[2026-07-26 15:00:07] ✅ Selesai!

[2026-07-26 15:30:01] 🌱 Memulai deploy Digital Garden...
Already up to date.
  ✅ Pull selesai
🌱 Membangun Digital Garden...

  📁 catatan/ → 1 artikel
  📁 laporan/ → 7 artikel
  📁 project/ → 1 artikel
  ✅ Sitemap: 13 URLs

✅ Selesai! Total 9 halaman terbit.
   📍 https://muhdanfyan.github.io/catatan/
   📍 https://muhdanfyan.github.io/laporan/
   📍 https://muhdanfyan.github.io/project/
  ✅ Build selesai
[main 7ca445f] gardener: auto-build 2026-07-26 15:30
 1 file changed, 20 insertions(+)
  ✅ Push ke GitHub Pages selesai
[2026-07-26 15:30:04] ✅ Selesai!

[2026-07-26 16:00:01] 🌱 Memulai deploy Digital Garden...
Already up to date.
  ✅ Pull selesai
🌱 Membangun Digital Garden...

  📁 catatan/ → 1 artikel
  📁 laporan/ → 7 artikel
  📁 project/ → 1 artikel
  ✅ Sitemap: 13 URLs

✅ Selesai! Total 9 halaman terbit.
   📍 https://muhdanfyan.github.io/catatan/
   📍 https://muhdanfyan.github.io/laporan/
   📍 https://muhdanfyan.github.io/project/
  ✅ Build selesai
[main 04e0680] gardener: auto-build 2026-07-26 16:00
 1 file changed, 20 insertions(+)
  ✅ Push ke GitHub Pages selesai
[2026-07-26 16:00:03] ✅ Selesai!

[2026-07-26 16:30:01] 🌱 Memulai deploy Digital Garden...
Already up to date.
  ✅ Pull selesai
🌱 Membangun Digital Garden...

  📁 catatan/ → 1 artikel
  📁 laporan/ → 7 artikel
  📁 project/ → 1 artikel
  ✅ Sitemap: 13 URLs

✅ Selesai! Total 9 halaman terbit.
   📍 https://muhdanfyan.github.io/catatan/
   📍 https://muhdanfyan.github.io/laporan/
   📍 https://muhdanfyan.github.io/project/
  ✅ Build selesai
[main a27821d] gardener: auto-build 2026-07-26 16:30
 1 file changed, 20 insertions(+)
  ✅ Push ke GitHub Pages selesai
[2026-07-26 16:30:06] ✅ Selesai!

[2026-07-26 17:00:01] 🌱 Memulai deploy Digital Garden...
Already up to date.
  ✅ Pull selesai
🌱 Membangun Digital Garden...

  📁 catatan/ → 1 artikel
  📁 laporan/ → 7 artikel
  📁 project/ → 1 artikel
  ✅ Sitemap: 13 URLs

✅ Selesai! Total 9 halaman terbit.
   📍 https://muhdanfyan.github.io/catatan/
   📍 https://muhdanfyan.github.io/laporan/
   📍 https://muhdanfyan.github.io/project/
  ✅ Build selesai
[main cfdd5e1] gardener: auto-build 2026-07-26 17:00
 1 file changed, 20 insertions(+)
  ✅ Push ke GitHub Pages selesai
[2026-07-26 17:00:04] ✅ Selesai!

[2026-07-26 17:30:01] 🌱 Memulai deploy Digital Garden...
Already up to date.
  ✅ Pull selesai
🌱 Membangun Digital Garden...

  📁 catatan/ → 1 artikel
  📁 laporan/ → 7 artikel
  📁 project/ → 1 artikel
  ✅ Sitemap: 13 URLs

✅ Selesai! Total 9 halaman terbit.
   📍 https://muhdanfyan.github.io/catatan/
   📍 https://muhdanfyan.github.io/laporan/
   📍 https://muhdanfyan.github.io/project/
  ✅ Build selesai
[main 5bd8d29] gardener: auto-build 2026-07-26 17:30
 1 file changed, 20 insertions(+)
  ✅ Push ke GitHub Pages selesai
[2026-07-26 17:30:03] ✅ Selesai!

[2026-07-26 18:00:01] 🌱 Memulai deploy Digital Garden...
Already up to date.
  ✅ Pull selesai
🌱 Membangun Digital Garden...

  📁 catatan/ → 1 artikel
  📁 laporan/ → 7 artikel
  📁 project/ → 1 artikel
  ✅ Sitemap: 13 URLs

✅ Selesai! Total 9 halaman terbit.
   📍 https://muhdanfyan.github.io/catatan/
   📍 https://muhdanfyan.github.io/laporan/
   📍 https://muhdanfyan.github.io/project/
  ✅ Build selesai
[main 9c3714e] gardener: auto-build 2026-07-26 18:00
 1 file changed, 20 insertions(+)
  ✅ Push ke GitHub Pages selesai
[2026-07-26 18:00:08] ✅ Selesai!

[2026-07-26 18:30:01] 🌱 Memulai deploy Digital Garden...
Already up to date.
  ✅ Pull selesai
🌱 Membangun Digital Garden...

  📁 catatan/ → 1 artikel
  📁 laporan/ → 7 artikel
  📁 project/ → 1 artikel
  ✅ Sitemap: 13 URLs

✅ Selesai! Total 9 halaman terbit.
   📍 https://muhdanfyan.github.io/catatan/
   📍 https://muhdanfyan.github.io/laporan/
   📍 https://muhdanfyan.github.io/project/
  ✅ Build selesai
[main 3af5b3f] gardener: auto-build 2026-07-26 18:30
 1 file changed, 20 insertions(+)
  ✅ Push ke GitHub Pages selesai
[2026-07-26 18:30:04] ✅ Selesai!

[2026-07-26 19:00:01] 🌱 Memulai deploy Digital Garden...
Already up to date.
  ✅ Pull selesai
🌱 Membangun Digital Garden...

  📁 catatan/ → 1 artikel
  📁 laporan/ → 7 artikel
  📁 project/ → 1 artikel
  ✅ Sitemap: 13 URLs

✅ Selesai! Total 9 halaman terbit.
   📍 https://muhdanfyan.github.io/catatan/
   📍 https://muhdanfyan.github.io/laporan/
   📍 https://muhdanfyan.github.io/project/
  ✅ Build selesai
[main 07963fe] gardener: auto-build 2026-07-26 19:00
 1 file changed, 20 insertions(+)
  ✅ Push ke GitHub Pages selesai
[2026-07-26 19:00:04] ✅ Selesai!

[2026-07-26 19:30:01] 🌱 Memulai deploy Digital Garden...
Already up to date.
  ✅ Pull selesai
🌱 Membangun Digital Garden...

  📁 catatan/ → 1 artikel
  📁 laporan/ → 7 artikel
  📁 project/ → 1 artikel
  ✅ Sitemap: 13 URLs

✅ Selesai! Total 9 halaman terbit.
   📍 https://muhdanfyan.github.io/catatan/
   📍 https://muhdanfyan.github.io/laporan/
   📍 https://muhdanfyan.github.io/project/
  ✅ Build selesai
[main b0c2f97] gardener: auto-build 2026-07-26 19:30
 1 file changed, 20 insertions(+)
  ✅ Push ke GitHub Pages selesai
[2026-07-26 19:30:05] ✅ Selesai!

[2026-07-26 20:00:01] 🌱 Memulai deploy Digital Garden...
Already up to date.
  ✅ Pull selesai
🌱 Membangun Digital Garden...

  📁 catatan/ → 1 artikel
  📁 laporan/ → 7 artikel
  📁 project/ → 1 artikel
  ✅ Sitemap: 13 URLs

✅ Selesai! Total 9 halaman terbit.
   📍 https://muhdanfyan.github.io/catatan/
   📍 https://muhdanfyan.github.io/laporan/
   📍 https://muhdanfyan.github.io/project/
  ✅ Build selesai
[main c58878e] gardener: auto-build 2026-07-26 20:00
 1 file changed, 20 insertions(+)
  ✅ Push ke GitHub Pages selesai
[2026-07-26 20:00:16] ✅ Selesai!

[2026-07-26 20:30:01] 🌱 Memulai deploy Digital Garden...
Already up to date.
  ✅ Pull selesai
🌱 Membangun Digital Garden...

  📁 catatan/ → 1 artikel
  📁 laporan/ → 7 artikel
  📁 project/ → 1 artikel
  ✅ Sitemap: 13 URLs

✅ Selesai! Total 9 halaman terbit.
   📍 https://muhdanfyan.github.io/catatan/
   📍 https://muhdanfyan.github.io/laporan/
   📍 https://muhdanfyan.github.io/project/
  ✅ Build selesai
[main f98bb13] gardener: auto-build 2026-07-26 20:30
 1 file changed, 20 insertions(+)
  ✅ Push ke GitHub Pages selesai
[2026-07-26 20:30:05] ✅ Selesai!

[2026-07-26 21:00:01] 🌱 Memulai deploy Digital Garden...
Already up to date.
  ✅ Pull selesai
🌱 Membangun Digital Garden...

  📁 catatan/ → 1 artikel
  📁 laporan/ → 7 artikel
  📁 project/ → 1 artikel
  ✅ Sitemap: 13 URLs

✅ Selesai! Total 9 halaman terbit.
   📍 https://muhdanfyan.github.io/catatan/
   📍 https://muhdanfyan.github.io/laporan/
   📍 https://muhdanfyan.github.io/project/
  ✅ Build selesai
[main 336c6f1] gardener: auto-build 2026-07-26 21:00
 1 file changed, 20 insertions(+)
  ✅ Push ke GitHub Pages selesai
[2026-07-26 21:00:06] ✅ Selesai!

[2026-07-26 21:30:01] 🌱 Memulai deploy Digital Garden...
Already up to date.
  ✅ Pull selesai
🌱 Membangun Digital Garden...

  📁 catatan/ → 1 artikel
  📁 laporan/ → 7 artikel
  📁 project/ → 1 artikel
  ✅ Sitemap: 13 URLs

✅ Selesai! Total 9 halaman terbit.
   📍 https://muhdanfyan.github.io/catatan/
   📍 https://muhdanfyan.github.io/laporan/
   📍 https://muhdanfyan.github.io/project/
  ✅ Build selesai
[main 884e8da] gardener: auto-build 2026-07-26 21:30
 1 file changed, 20 insertions(+)
  ✅ Push ke GitHub Pages selesai
[2026-07-26 21:30:13] ✅ Selesai!

[2026-07-26 22:00:01] 🌱 Memulai deploy Digital Garden...
Already up to date.
  ✅ Pull selesai
🌱 Membangun Digital Garden...

  📁 catatan/ → 1 artikel
  📁 laporan/ → 7 artikel
  📁 project/ → 1 artikel
  ✅ Sitemap: 13 URLs

✅ Selesai! Total 9 halaman terbit.
   📍 https://muhdanfyan.github.io/catatan/
   📍 https://muhdanfyan.github.io/laporan/
   📍 https://muhdanfyan.github.io/project/
  ✅ Build selesai
[main d4f683c] gardener: auto-build 2026-07-26 22:00
 1 file changed, 20 insertions(+)
  ✅ Push ke GitHub Pages selesai
[2026-07-26 22:00:07] ✅ Selesai!

[2026-07-26 22:30:01] 🌱 Memulai deploy Digital Garden...
Already up to date.
  ✅ Pull selesai
🌱 Membangun Digital Garden...

  📁 catatan/ → 1 artikel
  📁 laporan/ → 7 artikel
  📁 project/ → 1 artikel
  ✅ Sitemap: 13 URLs

✅ Selesai! Total 9 halaman terbit.
   📍 https://muhdanfyan.github.io/catatan/
   📍 https://muhdanfyan.github.io/laporan/
   📍 https://muhdanfyan.github.io/project/
  ✅ Build selesai
[main 485c018] gardener: auto-build 2026-07-26 22:30
 1 file changed, 20 insertions(+)
  ✅ Push ke GitHub Pages selesai
[2026-07-26 22:30:04] ✅ Selesai!

[2026-07-26 23:00:01] 🌱 Memulai deploy Digital Garden...
Already up to date.
  ✅ Pull selesai
🌱 Membangun Digital Garden...

  📁 catatan/ → 1 artikel
  📁 laporan/ → 7 artikel
  📁 project/ → 1 artikel
  ✅ Sitemap: 13 URLs

✅ Selesai! Total 9 halaman terbit.
   📍 https://muhdanfyan.github.io/catatan/
   📍 https://muhdanfyan.github.io/laporan/
   📍 https://muhdanfyan.github.io/project/
  ✅ Build selesai
[main 345d709] gardener: auto-build 2026-07-26 23:00
 1 file changed, 20 insertions(+)
  ✅ Push ke GitHub Pages selesai
[2026-07-26 23:00:05] ✅ Selesai!

[2026-07-26 23:30:01] 🌱 Memulai deploy Digital Garden...
Already up to date.
  ✅ Pull selesai
🌱 Membangun Digital Garden...

  📁 catatan/ → 1 artikel
  📁 laporan/ → 7 artikel
  📁 project/ → 1 artikel
  ✅ Sitemap: 13 URLs

✅ Selesai! Total 9 halaman terbit.
   📍 https://muhdanfyan.github.io/catatan/
   📍 https://muhdanfyan.github.io/laporan/
   📍 https://muhdanfyan.github.io/project/
  ✅ Build selesai
[main 6e628da] gardener: auto-build 2026-07-26 23:30
 1 file changed, 20 insertions(+)
  ✅ Push ke GitHub Pages selesai
[2026-07-26 23:30:04] ✅ Selesai!

[2026-07-27 00:00:01] 🌱 Memulai deploy Digital Garden...
Already up to date.
  ✅ Pull selesai
🌱 Membangun Digital Garden...

  📁 catatan/ → 1 artikel
  📁 laporan/ → 7 artikel
  📁 project/ → 1 artikel
  ✅ Sitemap: 13 URLs

✅ Selesai! Total 9 halaman terbit.
   📍 https://muhdanfyan.github.io/catatan/
   📍 https://muhdanfyan.github.io/laporan/
   📍 https://muhdanfyan.github.io/project/
  ✅ Build selesai
[main 8f4e785] gardener: auto-build 2026-07-27 00:00
 1 file changed, 20 insertions(+)
  ✅ Push ke GitHub Pages selesai
[2026-07-27 00:00:07] ✅ Selesai!

[2026-07-27 00:30:01] 🌱 Memulai deploy Digital Garden...
Already up to date.
  ✅ Pull selesai
🌱 Membangun Digital Garden...

  📁 catatan/ → 1 artikel
  📁 laporan/ → 7 artikel
  📁 project/ → 1 artikel
  ✅ Sitemap: 13 URLs

✅ Selesai! Total 9 halaman terbit.
   📍 https://muhdanfyan.github.io/catatan/
   📍 https://muhdanfyan.github.io/laporan/
   📍 https://muhdanfyan.github.io/project/
  ✅ Build selesai
[main b210729] gardener: auto-build 2026-07-27 00:30
 1 file changed, 20 insertions(+)
  ✅ Push ke GitHub Pages selesai
[2026-07-27 00:30:15] ✅ Selesai!

[2026-07-27 01:00:01] 🌱 Memulai deploy Digital Garden...
Already up to date.
  ✅ Pull selesai
🌱 Membangun Digital Garden...

  📁 catatan/ → 1 artikel
  📁 laporan/ → 7 artikel
  📁 project/ → 1 artikel
  ✅ Sitemap: 13 URLs

✅ Selesai! Total 9 halaman terbit.
   📍 https://muhdanfyan.github.io/catatan/
   📍 https://muhdanfyan.github.io/laporan/
   📍 https://muhdanfyan.github.io/project/
  ✅ Build selesai
[main bb25eb2] gardener: auto-build 2026-07-27 01:00
 1 file changed, 20 insertions(+)
  ✅ Push ke GitHub Pages selesai
[2026-07-27 01:00:04] ✅ Selesai!

[2026-07-27 01:30:01] 🌱 Memulai deploy Digital Garden...
Already up to date.
  ✅ Pull selesai
🌱 Membangun Digital Garden...

  📁 catatan/ → 1 artikel
  📁 laporan/ → 7 artikel
  📁 project/ → 1 artikel
  ✅ Sitemap: 13 URLs

✅ Selesai! Total 9 halaman terbit.
   📍 https://muhdanfyan.github.io/catatan/
   📍 https://muhdanfyan.github.io/laporan/
   📍 https://muhdanfyan.github.io/project/
  ✅ Build selesai
[main 886af66] gardener: auto-build 2026-07-27 01:30
 1 file changed, 20 insertions(+)
  ✅ Push ke GitHub Pages selesai
[2026-07-27 01:30:04] ✅ Selesai!

[2026-07-27 02:00:01] 🌱 Memulai deploy Digital Garden...
Already up to date.
  ✅ Pull selesai
🌱 Membangun Digital Garden...

  📁 catatan/ → 1 artikel
  📁 laporan/ → 7 artikel
  📁 project/ → 1 artikel
  ✅ Sitemap: 13 URLs

✅ Selesai! Total 9 halaman terbit.
   📍 https://muhdanfyan.github.io/catatan/
   📍 https://muhdanfyan.github.io/laporan/
   📍 https://muhdanfyan.github.io/project/
  ✅ Build selesai
[main bbf9e63] gardener: auto-build 2026-07-27 02:00
 1 file changed, 20 insertions(+)
  ✅ Push ke GitHub Pages selesai
[2026-07-27 02:00:05] ✅ Selesai!

[2026-07-27 02:30:01] 🌱 Memulai deploy Digital Garden...
Already up to date.
  ✅ Pull selesai
🌱 Membangun Digital Garden...

  📁 catatan/ → 1 artikel
  📁 laporan/ → 7 artikel
  📁 project/ → 1 artikel
  ✅ Sitemap: 13 URLs

✅ Selesai! Total 9 halaman terbit.
   📍 https://muhdanfyan.github.io/catatan/
   📍 https://muhdanfyan.github.io/laporan/
   📍 https://muhdanfyan.github.io/project/
  ✅ Build selesai
[main 03fb548] gardener: auto-build 2026-07-27 02:30
 1 file changed, 20 insertions(+)
  ✅ Push ke GitHub Pages selesai
[2026-07-27 02:30:04] ✅ Selesai!

[2026-07-27 03:00:01] 🌱 Memulai deploy Digital Garden...
Already up to date.
  ✅ Pull selesai
🌱 Membangun Digital Garden...

  📁 catatan/ → 1 artikel
  📁 laporan/ → 7 artikel
  📁 project/ → 1 artikel
  ✅ Sitemap: 13 URLs

✅ Selesai! Total 9 halaman terbit.
   📍 https://muhdanfyan.github.io/catatan/
   📍 https://muhdanfyan.github.io/laporan/
   📍 https://muhdanfyan.github.io/project/
  ✅ Build selesai
[main 76ad0ad] gardener: auto-build 2026-07-27 03:00
 1 file changed, 20 insertions(+)
  ✅ Push ke GitHub Pages selesai
[2026-07-27 03:00:04] ✅ Selesai!

[2026-07-27 03:30:01] 🌱 Memulai deploy Digital Garden...
Already up to date.
  ✅ Pull selesai
🌱 Membangun Digital Garden...

  📁 catatan/ → 1 artikel
  📁 laporan/ → 7 artikel
  📁 project/ → 1 artikel
  ✅ Sitemap: 13 URLs

✅ Selesai! Total 9 halaman terbit.
   📍 https://muhdanfyan.github.io/catatan/
   📍 https://muhdanfyan.github.io/laporan/
   📍 https://muhdanfyan.github.io/project/
  ✅ Build selesai
[main b43e7e1] gardener: auto-build 2026-07-27 03:30
 1 file changed, 20 insertions(+)
  ✅ Push ke GitHub Pages selesai
[2026-07-27 03:30:04] ✅ Selesai!

[2026-07-27 04:00:01] 🌱 Memulai deploy Digital Garden...
Already up to date.
  ✅ Pull selesai
🌱 Membangun Digital Garden...

  📁 catatan/ → 1 artikel
  📁 laporan/ → 7 artikel
  📁 project/ → 1 artikel
  ✅ Sitemap: 13 URLs

✅ Selesai! Total 9 halaman terbit.
   📍 https://muhdanfyan.github.io/catatan/
   📍 https://muhdanfyan.github.io/laporan/
   📍 https://muhdanfyan.github.io/project/
  ✅ Build selesai
[main 35884f9] gardener: auto-build 2026-07-27 04:00
 1 file changed, 20 insertions(+)
  ✅ Push ke GitHub Pages selesai
[2026-07-27 04:00:04] ✅ Selesai!

[2026-07-27 04:30:02] 🌱 Memulai deploy Digital Garden...
Already up to date.
  ✅ Pull selesai
🌱 Membangun Digital Garden...

  📁 catatan/ → 1 artikel
  📁 laporan/ → 7 artikel
  📁 project/ → 1 artikel
  ✅ Sitemap: 13 URLs

✅ Selesai! Total 9 halaman terbit.
   📍 https://muhdanfyan.github.io/catatan/
   📍 https://muhdanfyan.github.io/laporan/
   📍 https://muhdanfyan.github.io/project/
  ✅ Build selesai
[main 3583519] gardener: auto-build 2026-07-27 04:30
 1 file changed, 20 insertions(+)
  ✅ Push ke GitHub Pages selesai
[2026-07-27 04:30:04] ✅ Selesai!

[2026-07-27 05:00:01] 🌱 Memulai deploy Digital Garden...
Already up to date.
  ✅ Pull selesai
🌱 Membangun Digital Garden...

  📁 catatan/ → 1 artikel
  📁 laporan/ → 7 artikel
  📁 project/ → 1 artikel
  ✅ Sitemap: 13 URLs

✅ Selesai! Total 9 halaman terbit.
   📍 https://muhdanfyan.github.io/catatan/
   📍 https://muhdanfyan.github.io/laporan/
   📍 https://muhdanfyan.github.io/project/
  ✅ Build selesai
[main 96b4407] gardener: auto-build 2026-07-27 05:00
 1 file changed, 20 insertions(+)
  ✅ Push ke GitHub Pages selesai
[2026-07-27 05:00:04] ✅ Selesai!

[2026-07-27 05:30:02] 🌱 Memulai deploy Digital Garden...
Already up to date.
  ✅ Pull selesai
🌱 Membangun Digital Garden...

  📁 catatan/ → 1 artikel
  📁 laporan/ → 7 artikel
  📁 project/ → 1 artikel
  ✅ Sitemap: 13 URLs

✅ Selesai! Total 9 halaman terbit.
   📍 https://muhdanfyan.github.io/catatan/
   📍 https://muhdanfyan.github.io/laporan/
   📍 https://muhdanfyan.github.io/project/
  ✅ Build selesai
[main ddd0854] gardener: auto-build 2026-07-27 05:30
 1 file changed, 20 insertions(+)
  ✅ Push ke GitHub Pages selesai
[2026-07-27 05:30:05] ✅ Selesai!

[2026-07-27 06:00:01] 🌱 Memulai deploy Digital Garden...
Already up to date.
  ✅ Pull selesai
🌱 Membangun Digital Garden...

  📁 catatan/ → 1 artikel
  📁 laporan/ → 7 artikel
  📁 project/ → 1 artikel
  ✅ Sitemap: 13 URLs

✅ Selesai! Total 9 halaman terbit.
   📍 https://muhdanfyan.github.io/catatan/
   📍 https://muhdanfyan.github.io/laporan/
   📍 https://muhdanfyan.github.io/project/
  ✅ Build selesai
[main 53a3840] gardener: auto-build 2026-07-27 06:00
 1 file changed, 20 insertions(+)
  ✅ Push ke GitHub Pages selesai
[2026-07-27 06:00:05] ✅ Selesai!

[2026-07-27 06:30:01] 🌱 Memulai deploy Digital Garden...
Already up to date.
  ✅ Pull selesai
🌱 Membangun Digital Garden...

  📁 catatan/ → 1 artikel
  📁 laporan/ → 7 artikel
  📁 project/ → 1 artikel
  ✅ Sitemap: 13 URLs

✅ Selesai! Total 9 halaman terbit.
   📍 https://muhdanfyan.github.io/catatan/
   📍 https://muhdanfyan.github.io/laporan/
   📍 https://muhdanfyan.github.io/project/
  ✅ Build selesai
[main 6d4b2ad] gardener: auto-build 2026-07-27 06:30
 1 file changed, 20 insertions(+)
  ✅ Push ke GitHub Pages selesai
[2026-07-27 06:30:04] ✅ Selesai!

[2026-07-27 07:00:01] 🌱 Memulai deploy Digital Garden...
Already up to date.
  ✅ Pull selesai
🌱 Membangun Digital Garden...

  📁 catatan/ → 1 artikel
  📁 laporan/ → 7 artikel
  📁 project/ → 1 artikel
  ✅ Sitemap: 13 URLs

✅ Selesai! Total 9 halaman terbit.
   📍 https://muhdanfyan.github.io/catatan/
   📍 https://muhdanfyan.github.io/laporan/
   📍 https://muhdanfyan.github.io/project/
  ✅ Build selesai
[main a1ba40a] gardener: auto-build 2026-07-27 07:00
 1 file changed, 20 insertions(+)
  ✅ Push ke GitHub Pages selesai
[2026-07-27 07:00:04] ✅ Selesai!

[2026-07-27 07:30:01] 🌱 Memulai deploy Digital Garden...
Already up to date.
  ✅ Pull selesai
🌱 Membangun Digital Garden...

  📁 catatan/ → 1 artikel
  📁 laporan/ → 7 artikel
  📁 project/ → 1 artikel
  ✅ Sitemap: 13 URLs

✅ Selesai! Total 9 halaman terbit.
   📍 https://muhdanfyan.github.io/catatan/
   📍 https://muhdanfyan.github.io/laporan/
   📍 https://muhdanfyan.github.io/project/
  ✅ Build selesai
[main 49bf11f] gardener: auto-build 2026-07-27 07:30
 1 file changed, 20 insertions(+)
  ✅ Push ke GitHub Pages selesai
[2026-07-27 07:30:04] ✅ Selesai!

[2026-07-27 08:00:01] 🌱 Memulai deploy Digital Garden...
Already up to date.
  ✅ Pull selesai
🌱 Membangun Digital Garden...

  📁 catatan/ → 1 artikel
  📁 laporan/ → 7 artikel
  📁 project/ → 1 artikel
  ✅ Sitemap: 13 URLs

✅ Selesai! Total 9 halaman terbit.
   📍 https://muhdanfyan.github.io/catatan/
   📍 https://muhdanfyan.github.io/laporan/
   📍 https://muhdanfyan.github.io/project/
  ✅ Build selesai
[main edaa174] gardener: auto-build 2026-07-27 08:00
 1 file changed, 20 insertions(+)
  ✅ Push ke GitHub Pages selesai
[2026-07-27 08:00:04] ✅ Selesai!

[2026-07-27 08:30:01] 🌱 Memulai deploy Digital Garden...
Already up to date.
  ✅ Pull selesai
🌱 Membangun Digital Garden...

  📁 catatan/ → 1 artikel
  📁 laporan/ → 7 artikel
  📁 project/ → 1 artikel
  ✅ Sitemap: 13 URLs

✅ Selesai! Total 9 halaman terbit.
   📍 https://muhdanfyan.github.io/catatan/
   📍 https://muhdanfyan.github.io/laporan/
   📍 https://muhdanfyan.github.io/project/
  ✅ Build selesai
[main 0dc5108] gardener: auto-build 2026-07-27 08:30
 1 file changed, 20 insertions(+)
  ✅ Push ke GitHub Pages selesai
[2026-07-27 08:30:04] ✅ Selesai!

[2026-07-27 09:00:01] 🌱 Memulai deploy Digital Garden...
Already up to date.
  ✅ Pull selesai
🌱 Membangun Digital Garden...

  📁 catatan/ → 1 artikel
  📁 laporan/ → 7 artikel
  📁 project/ → 1 artikel
  ✅ Sitemap: 13 URLs

✅ Selesai! Total 9 halaman terbit.
   📍 https://muhdanfyan.github.io/catatan/
   📍 https://muhdanfyan.github.io/laporan/
   📍 https://muhdanfyan.github.io/project/
  ✅ Build selesai
[main a3ee2d6] gardener: auto-build 2026-07-27 09:00
 1 file changed, 20 insertions(+)
  ✅ Push ke GitHub Pages selesai
[2026-07-27 09:00:06] ✅ Selesai!

[2026-07-27 09:30:01] 🌱 Memulai deploy Digital Garden...
Already up to date.
  ✅ Pull selesai
🌱 Membangun Digital Garden...

  📁 catatan/ → 1 artikel
  📁 laporan/ → 7 artikel
  📁 project/ → 1 artikel
  ✅ Sitemap: 13 URLs

✅ Selesai! Total 9 halaman terbit.
   📍 https://muhdanfyan.github.io/catatan/
   📍 https://muhdanfyan.github.io/laporan/
   📍 https://muhdanfyan.github.io/project/
  ✅ Build selesai
[main 49dda17] gardener: auto-build 2026-07-27 09:30
 1 file changed, 20 insertions(+)
  ✅ Push ke GitHub Pages selesai
[2026-07-27 09:30:04] ✅ Selesai!

[2026-07-27 10:00:02] 🌱 Memulai deploy Digital Garden...
Already up to date.
  ✅ Pull selesai
🌱 Membangun Digital Garden...

  📁 catatan/ → 1 artikel
  📁 laporan/ → 7 artikel
  📁 project/ → 1 artikel
  ✅ Sitemap: 13 URLs

✅ Selesai! Total 9 halaman terbit.
   📍 https://muhdanfyan.github.io/catatan/
   📍 https://muhdanfyan.github.io/laporan/
   📍 https://muhdanfyan.github.io/project/
  ✅ Build selesai
[main 0849e58] gardener: auto-build 2026-07-27 10:00
 1 file changed, 20 insertions(+)
  ✅ Push ke GitHub Pages selesai
[2026-07-27 10:00:05] ✅ Selesai!

[2026-07-27 10:30:01] 🌱 Memulai deploy Digital Garden...
Already up to date.
  ✅ Pull selesai
🌱 Membangun Digital Garden...

  📁 catatan/ → 1 artikel
  📁 laporan/ → 7 artikel
  📁 project/ → 1 artikel
  ✅ Sitemap: 13 URLs

✅ Selesai! Total 9 halaman terbit.
   📍 https://muhdanfyan.github.io/catatan/
   📍 https://muhdanfyan.github.io/laporan/
   📍 https://muhdanfyan.github.io/project/
  ✅ Build selesai
[main 423932d] gardener: auto-build 2026-07-27 10:30
 1 file changed, 20 insertions(+)
  ✅ Push ke GitHub Pages selesai
[2026-07-27 10:30:04] ✅ Selesai!

[2026-07-27 11:00:01] 🌱 Memulai deploy Digital Garden...
Already up to date.
  ✅ Pull selesai
🌱 Membangun Digital Garden...

  📁 catatan/ → 1 artikel
  📁 laporan/ → 7 artikel
  📁 project/ → 1 artikel
  ✅ Sitemap: 13 URLs

✅ Selesai! Total 9 halaman terbit.
   📍 https://muhdanfyan.github.io/catatan/
   📍 https://muhdanfyan.github.io/laporan/
   📍 https://muhdanfyan.github.io/project/
  ✅ Build selesai
[main df715ea] gardener: auto-build 2026-07-27 11:00
 1 file changed, 20 insertions(+)
  ✅ Push ke GitHub Pages selesai
[2026-07-27 11:00:05] ✅ Selesai!

[2026-07-27 11:30:01] 🌱 Memulai deploy Digital Garden...
Already up to date.
  ✅ Pull selesai
🌱 Membangun Digital Garden...

  📁 catatan/ → 1 artikel
  📁 laporan/ → 7 artikel
  📁 project/ → 1 artikel
  ✅ Sitemap: 13 URLs

✅ Selesai! Total 9 halaman terbit.
   📍 https://muhdanfyan.github.io/catatan/
   📍 https://muhdanfyan.github.io/laporan/
   📍 https://muhdanfyan.github.io/project/
  ✅ Build selesai
[main 751c5c1] gardener: auto-build 2026-07-27 11:30
 1 file changed, 20 insertions(+)
  ✅ Push ke GitHub Pages selesai
[2026-07-27 11:30:04] ✅ Selesai!

[2026-07-27 12:00:01] 🌱 Memulai deploy Digital Garden...
Already up to date.
  ✅ Pull selesai
🌱 Membangun Digital Garden...

  📁 catatan/ → 1 artikel
  📁 laporan/ → 7 artikel
  📁 project/ → 1 artikel
  ✅ Sitemap: 13 URLs

✅ Selesai! Total 9 halaman terbit.
   📍 https://muhdanfyan.github.io/catatan/
   📍 https://muhdanfyan.github.io/laporan/
   📍 https://muhdanfyan.github.io/project/
  ✅ Build selesai
[main 682b96a] gardener: auto-build 2026-07-27 12:00
 1 file changed, 20 insertions(+)
  ✅ Push ke GitHub Pages selesai
[2026-07-27 12:00:05] ✅ Selesai!

[2026-07-27 12:30:01] 🌱 Memulai deploy Digital Garden...
Already up to date.
  ✅ Pull selesai
🌱 Membangun Digital Garden...

  📁 catatan/ → 1 artikel
  📁 laporan/ → 7 artikel
  📁 project/ → 1 artikel
  ✅ Sitemap: 13 URLs

✅ Selesai! Total 9 halaman terbit.
   📍 https://muhdanfyan.github.io/catatan/
   📍 https://muhdanfyan.github.io/laporan/
   📍 https://muhdanfyan.github.io/project/
  ✅ Build selesai
[main 5127e5d] gardener: auto-build 2026-07-27 12:30
 1 file changed, 20 insertions(+)
  ✅ Push ke GitHub Pages selesai
[2026-07-27 12:30:05] ✅ Selesai!

[2026-07-27 13:00:01] 🌱 Memulai deploy Digital Garden...
Already up to date.
  ✅ Pull selesai
🌱 Membangun Digital Garden...

  📁 catatan/ → 1 artikel
  📁 laporan/ → 7 artikel
  📁 project/ → 1 artikel
  ✅ Sitemap: 13 URLs

✅ Selesai! Total 9 halaman terbit.
   📍 https://muhdanfyan.github.io/catatan/
   📍 https://muhdanfyan.github.io/laporan/
   📍 https://muhdanfyan.github.io/project/
  ✅ Build selesai
[main 7ec9596] gardener: auto-build 2026-07-27 13:00
 1 file changed, 20 insertions(+)
  ✅ Push ke GitHub Pages selesai
[2026-07-27 13:00:05] ✅ Selesai!

[2026-07-27 13:30:01] 🌱 Memulai deploy Digital Garden...
Already up to date.
  ✅ Pull selesai
🌱 Membangun Digital Garden...

  📁 catatan/ → 1 artikel
  📁 laporan/ → 7 artikel
  📁 project/ → 1 artikel
  ✅ Sitemap: 13 URLs

✅ Selesai! Total 9 halaman terbit.
   📍 https://muhdanfyan.github.io/catatan/
   📍 https://muhdanfyan.github.io/laporan/
   📍 https://muhdanfyan.github.io/project/
  ✅ Build selesai
[main 83e6678] gardener: auto-build 2026-07-27 13:30
 1 file changed, 20 insertions(+)
  ✅ Push ke GitHub Pages selesai
[2026-07-27 13:30:04] ✅ Selesai!

[2026-07-27 14:00:01] 🌱 Memulai deploy Digital Garden...
Already up to date.
  ✅ Pull selesai
🌱 Membangun Digital Garden...

  📁 catatan/ → 1 artikel
  📁 laporan/ → 7 artikel
  📁 project/ → 1 artikel
  ✅ Sitemap: 13 URLs

✅ Selesai! Total 9 halaman terbit.
   📍 https://muhdanfyan.github.io/catatan/
   📍 https://muhdanfyan.github.io/laporan/
   📍 https://muhdanfyan.github.io/project/
  ✅ Build selesai
[main 5fac63d] gardener: auto-build 2026-07-27 14:00
 1 file changed, 20 insertions(+)
  ✅ Push ke GitHub Pages selesai
[2026-07-27 14:00:04] ✅ Selesai!

[2026-07-27 14:30:01] 🌱 Memulai deploy Digital Garden...
Already up to date.
  ✅ Pull selesai
🌱 Membangun Digital Garden...

  📁 catatan/ → 1 artikel
  📁 laporan/ → 7 artikel
  📁 project/ → 1 artikel
  ✅ Sitemap: 13 URLs

✅ Selesai! Total 9 halaman terbit.
   📍 https://muhdanfyan.github.io/catatan/
   📍 https://muhdanfyan.github.io/laporan/
   📍 https://muhdanfyan.github.io/project/
  ✅ Build selesai
[main 86f842e] gardener: auto-build 2026-07-27 14:30
 1 file changed, 20 insertions(+)
  ✅ Push ke GitHub Pages selesai
[2026-07-27 14:30:06] ✅ Selesai!

[2026-07-27 15:00:01] 🌱 Memulai deploy Digital Garden...
Already up to date.
  ✅ Pull selesai
🌱 Membangun Digital Garden...

  📁 catatan/ → 1 artikel
  📁 laporan/ → 7 artikel
  📁 project/ → 1 artikel
  ✅ Sitemap: 13 URLs

✅ Selesai! Total 9 halaman terbit.
   📍 https://muhdanfyan.github.io/catatan/
   📍 https://muhdanfyan.github.io/laporan/
   📍 https://muhdanfyan.github.io/project/
  ✅ Build selesai
[main c366490] gardener: auto-build 2026-07-27 15:00
 1 file changed, 20 insertions(+)
  ✅ Push ke GitHub Pages selesai
[2026-07-27 15:00:04] ✅ Selesai!

[2026-07-27 15:30:01] 🌱 Memulai deploy Digital Garden...
Already up to date.
  ✅ Pull selesai
🌱 Membangun Digital Garden...

  📁 catatan/ → 1 artikel
  📁 laporan/ → 7 artikel
  📁 project/ → 1 artikel
  ✅ Sitemap: 13 URLs

✅ Selesai! Total 9 halaman terbit.
   📍 https://muhdanfyan.github.io/catatan/
   📍 https://muhdanfyan.github.io/laporan/
   📍 https://muhdanfyan.github.io/project/
  ✅ Build selesai
[main f532dcd] gardener: auto-build 2026-07-27 15:30
 1 file changed, 20 insertions(+)
  ✅ Push ke GitHub Pages selesai
[2026-07-27 15:30:04] ✅ Selesai!

[2026-07-27 16:00:01] 🌱 Memulai deploy Digital Garden...
Already up to date.
  ✅ Pull selesai
🌱 Membangun Digital Garden...

  📁 catatan/ → 1 artikel
  📁 laporan/ → 7 artikel
  📁 project/ → 1 artikel
  ✅ Sitemap: 13 URLs

✅ Selesai! Total 9 halaman terbit.
   📍 https://muhdanfyan.github.io/catatan/
   📍 https://muhdanfyan.github.io/laporan/
   📍 https://muhdanfyan.github.io/project/
  ✅ Build selesai
[main fa0bd72] gardener: auto-build 2026-07-27 16:00
 1 file changed, 20 insertions(+)
  ✅ Push ke GitHub Pages selesai
[2026-07-27 16:00:07] ✅ Selesai!

[2026-07-27 16:30:01] 🌱 Memulai deploy Digital Garden...
Already up to date.
  ✅ Pull selesai
🌱 Membangun Digital Garden...

  📁 catatan/ → 1 artikel
  📁 laporan/ → 7 artikel
  📁 project/ → 1 artikel
  ✅ Sitemap: 13 URLs

✅ Selesai! Total 9 halaman terbit.
   📍 https://muhdanfyan.github.io/catatan/
   📍 https://muhdanfyan.github.io/laporan/
   📍 https://muhdanfyan.github.io/project/
  ✅ Build selesai
[main d7092df] gardener: auto-build 2026-07-27 16:30
 1 file changed, 20 insertions(+)
  ✅ Push ke GitHub Pages selesai
[2026-07-27 16:30:06] ✅ Selesai!

[2026-07-27 17:00:01] 🌱 Memulai deploy Digital Garden...
Already up to date.
  ✅ Pull selesai
🌱 Membangun Digital Garden...

  📁 catatan/ → 1 artikel
  📁 laporan/ → 7 artikel
  📁 project/ → 1 artikel
  ✅ Sitemap: 13 URLs

✅ Selesai! Total 9 halaman terbit.
   📍 https://muhdanfyan.github.io/catatan/
   📍 https://muhdanfyan.github.io/laporan/
   📍 https://muhdanfyan.github.io/project/
  ✅ Build selesai
[main 1acc984] gardener: auto-build 2026-07-27 17:00
 1 file changed, 20 insertions(+)
  ✅ Push ke GitHub Pages selesai
[2026-07-27 17:00:07] ✅ Selesai!

[2026-07-27 17:30:01] 🌱 Memulai deploy Digital Garden...
Already up to date.
  ✅ Pull selesai
🌱 Membangun Digital Garden...

  📁 catatan/ → 1 artikel
  📁 laporan/ → 7 artikel
  📁 project/ → 1 artikel
  ✅ Sitemap: 13 URLs

✅ Selesai! Total 9 halaman terbit.
   📍 https://muhdanfyan.github.io/catatan/
   📍 https://muhdanfyan.github.io/laporan/
   📍 https://muhdanfyan.github.io/project/
  ✅ Build selesai
[main f8e14b8] gardener: auto-build 2026-07-27 17:30
 1 file changed, 20 insertions(+)
  ✅ Push ke GitHub Pages selesai
[2026-07-27 17:30:04] ✅ Selesai!

[2026-07-27 18:00:01] 🌱 Memulai deploy Digital Garden...
Already up to date.
  ✅ Pull selesai
🌱 Membangun Digital Garden...

  📁 catatan/ → 1 artikel
  📁 laporan/ → 7 artikel
  📁 project/ → 1 artikel
  ✅ Sitemap: 13 URLs

✅ Selesai! Total 9 halaman terbit.
   📍 https://muhdanfyan.github.io/catatan/
   📍 https://muhdanfyan.github.io/laporan/
   📍 https://muhdanfyan.github.io/project/
  ✅ Build selesai
[main ce56b81] gardener: auto-build 2026-07-27 18:00
 1 file changed, 20 insertions(+)
  ✅ Push ke GitHub Pages selesai
[2026-07-27 18:00:07] ✅ Selesai!

[2026-07-27 18:30:01] 🌱 Memulai deploy Digital Garden...
Already up to date.
  ✅ Pull selesai
🌱 Membangun Digital Garden...

  📁 catatan/ → 1 artikel
  📁 laporan/ → 7 artikel
  📁 project/ → 1 artikel
  ✅ Sitemap: 13 URLs

✅ Selesai! Total 9 halaman terbit.
   📍 https://muhdanfyan.github.io/catatan/
   📍 https://muhdanfyan.github.io/laporan/
   📍 https://muhdanfyan.github.io/project/
  ✅ Build selesai
[main 0a82621] gardener: auto-build 2026-07-27 18:30
 1 file changed, 20 insertions(+)
  ✅ Push ke GitHub Pages selesai
[2026-07-27 18:30:06] ✅ Selesai!

[2026-07-27 19:00:01] 🌱 Memulai deploy Digital Garden...
Already up to date.
  ✅ Pull selesai
🌱 Membangun Digital Garden...

  📁 catatan/ → 1 artikel
  📁 laporan/ → 7 artikel
  📁 project/ → 1 artikel
  ✅ Sitemap: 13 URLs

✅ Selesai! Total 9 halaman terbit.
   📍 https://muhdanfyan.github.io/catatan/
   📍 https://muhdanfyan.github.io/laporan/
   📍 https://muhdanfyan.github.io/project/
  ✅ Build selesai
[main 1b0edc0] gardener: auto-build 2026-07-27 19:00
 1 file changed, 20 insertions(+)
  ✅ Push ke GitHub Pages selesai
[2026-07-27 19:00:04] ✅ Selesai!

[2026-07-27 19:30:01] 🌱 Memulai deploy Digital Garden...
Already up to date.
  ✅ Pull selesai
🌱 Membangun Digital Garden...

  📁 catatan/ → 1 artikel
  📁 laporan/ → 7 artikel
  📁 project/ → 1 artikel
  ✅ Sitemap: 13 URLs

✅ Selesai! Total 9 halaman terbit.
   📍 https://muhdanfyan.github.io/catatan/
   📍 https://muhdanfyan.github.io/laporan/
   📍 https://muhdanfyan.github.io/project/
  ✅ Build selesai
[main 811678c] gardener: auto-build 2026-07-27 19:30
 1 file changed, 20 insertions(+)
  ✅ Push ke GitHub Pages selesai
[2026-07-27 19:30:05] ✅ Selesai!

[2026-07-27 20:00:01] 🌱 Memulai deploy Digital Garden...
Already up to date.
  ✅ Pull selesai
🌱 Membangun Digital Garden...

  📁 catatan/ → 1 artikel
  📁 laporan/ → 7 artikel
  📁 project/ → 1 artikel
  ✅ Sitemap: 13 URLs

✅ Selesai! Total 9 halaman terbit.
   📍 https://muhdanfyan.github.io/catatan/
   📍 https://muhdanfyan.github.io/laporan/
   📍 https://muhdanfyan.github.io/project/
  ✅ Build selesai
[main 2d3168e] gardener: auto-build 2026-07-27 20:00
 1 file changed, 20 insertions(+)
  ✅ Push ke GitHub Pages selesai
[2026-07-27 20:00:07] ✅ Selesai!

[2026-07-27 20:30:01] 🌱 Memulai deploy Digital Garden...
Already up to date.
  ✅ Pull selesai
🌱 Membangun Digital Garden...

  📁 catatan/ → 1 artikel
  📁 laporan/ → 7 artikel
  📁 project/ → 1 artikel
  ✅ Sitemap: 13 URLs

✅ Selesai! Total 9 halaman terbit.
   📍 https://muhdanfyan.github.io/catatan/
   📍 https://muhdanfyan.github.io/laporan/
   📍 https://muhdanfyan.github.io/project/
  ✅ Build selesai
[main 8079bba] gardener: auto-build 2026-07-27 20:30
 1 file changed, 20 insertions(+)
  ✅ Push ke GitHub Pages selesai
[2026-07-27 20:30:06] ✅ Selesai!

[2026-07-27 21:00:01] 🌱 Memulai deploy Digital Garden...
Already up to date.
  ✅ Pull selesai
🌱 Membangun Digital Garden...

  📁 catatan/ → 1 artikel
  📁 laporan/ → 7 artikel
  📁 project/ → 1 artikel
  ✅ Sitemap: 13 URLs

✅ Selesai! Total 9 halaman terbit.
   📍 https://muhdanfyan.github.io/catatan/
   📍 https://muhdanfyan.github.io/laporan/
   📍 https://muhdanfyan.github.io/project/
  ✅ Build selesai
[main 6aff4f2] gardener: auto-build 2026-07-27 21:00
 1 file changed, 20 insertions(+)
  ✅ Push ke GitHub Pages selesai
[2026-07-27 21:00:09] ✅ Selesai!

[2026-07-27 21:30:01] 🌱 Memulai deploy Digital Garden...
Already up to date.
  ✅ Pull selesai
🌱 Membangun Digital Garden...

  📁 catatan/ → 1 artikel
  📁 laporan/ → 7 artikel
  📁 project/ → 1 artikel
  ✅ Sitemap: 13 URLs

✅ Selesai! Total 9 halaman terbit.
   📍 https://muhdanfyan.github.io/catatan/
   📍 https://muhdanfyan.github.io/laporan/
   📍 https://muhdanfyan.github.io/project/
  ✅ Build selesai
[main 68c7bb6] gardener: auto-build 2026-07-27 21:30
 1 file changed, 20 insertions(+)
  ✅ Push ke GitHub Pages selesai
[2026-07-27 21:30:06] ✅ Selesai!

[2026-07-27 22:00:01] 🌱 Memulai deploy Digital Garden...
Already up to date.
  ✅ Pull selesai
🌱 Membangun Digital Garden...

  📁 catatan/ → 1 artikel
  📁 laporan/ → 7 artikel
  📁 project/ → 1 artikel
  ✅ Sitemap: 13 URLs

✅ Selesai! Total 9 halaman terbit.
   📍 https://muhdanfyan.github.io/catatan/
   📍 https://muhdanfyan.github.io/laporan/
   📍 https://muhdanfyan.github.io/project/
  ✅ Build selesai
[main 713d339] gardener: auto-build 2026-07-27 22:00
 1 file changed, 20 insertions(+)
  ✅ Push ke GitHub Pages selesai
[2026-07-27 22:00:08] ✅ Selesai!

[2026-07-27 22:30:01] 🌱 Memulai deploy Digital Garden...
Already up to date.
  ✅ Pull selesai
🌱 Membangun Digital Garden...

  📁 catatan/ → 1 artikel
  📁 laporan/ → 7 artikel
  📁 project/ → 1 artikel
  ✅ Sitemap: 13 URLs

✅ Selesai! Total 9 halaman terbit.
   📍 https://muhdanfyan.github.io/catatan/
   📍 https://muhdanfyan.github.io/laporan/
   📍 https://muhdanfyan.github.io/project/
  ✅ Build selesai
[main aca0867] gardener: auto-build 2026-07-27 22:30
 1 file changed, 20 insertions(+)
  ✅ Push ke GitHub Pages selesai
[2026-07-27 22:30:04] ✅ Selesai!

[2026-07-27 23:00:01] 🌱 Memulai deploy Digital Garden...
Already up to date.
  ✅ Pull selesai
🌱 Membangun Digital Garden...

  📁 catatan/ → 1 artikel
  📁 laporan/ → 7 artikel
  📁 project/ → 1 artikel
  ✅ Sitemap: 13 URLs

✅ Selesai! Total 9 halaman terbit.
   📍 https://muhdanfyan.github.io/catatan/
   📍 https://muhdanfyan.github.io/laporan/
   📍 https://muhdanfyan.github.io/project/
  ✅ Build selesai
[main 3fdb5a2] gardener: auto-build 2026-07-27 23:00
 1 file changed, 20 insertions(+)
  ✅ Push ke GitHub Pages selesai
[2026-07-27 23:00:08] ✅ Selesai!

[2026-07-27 23:30:01] 🌱 Memulai deploy Digital Garden...
Already up to date.
  ✅ Pull selesai
🌱 Membangun Digital Garden...

  📁 catatan/ → 1 artikel
  📁 laporan/ → 7 artikel
  📁 project/ → 1 artikel
  ✅ Sitemap: 13 URLs

✅ Selesai! Total 9 halaman terbit.
   📍 https://muhdanfyan.github.io/catatan/
   📍 https://muhdanfyan.github.io/laporan/
   📍 https://muhdanfyan.github.io/project/
  ✅ Build selesai
[main 24644a7] gardener: auto-build 2026-07-27 23:30
 1 file changed, 20 insertions(+)
  ✅ Push ke GitHub Pages selesai
[2026-07-27 23:30:05] ✅ Selesai!

[2026-07-28 00:00:01] 🌱 Memulai deploy Digital Garden...
Already up to date.
  ✅ Pull selesai
🌱 Membangun Digital Garden...

  📁 catatan/ → 1 artikel
  📁 laporan/ → 7 artikel
  📁 project/ → 1 artikel
  ✅ Sitemap: 13 URLs

✅ Selesai! Total 9 halaman terbit.
   📍 https://muhdanfyan.github.io/catatan/
   📍 https://muhdanfyan.github.io/laporan/
   📍 https://muhdanfyan.github.io/project/
  ✅ Build selesai
[main 77ff67f] gardener: auto-build 2026-07-28 00:00
 1 file changed, 20 insertions(+)
  ✅ Push ke GitHub Pages selesai
[2026-07-28 00:00:06] ✅ Selesai!

[2026-07-28 00:30:01] 🌱 Memulai deploy Digital Garden...
Already up to date.
  ✅ Pull selesai
🌱 Membangun Digital Garden...

  📁 catatan/ → 1 artikel
  📁 laporan/ → 7 artikel
  📁 project/ → 1 artikel
  ✅ Sitemap: 13 URLs

✅ Selesai! Total 9 halaman terbit.
   📍 https://muhdanfyan.github.io/catatan/
   📍 https://muhdanfyan.github.io/laporan/
   📍 https://muhdanfyan.github.io/project/
  ✅ Build selesai
[main a147e78] gardener: auto-build 2026-07-28 00:30
 1 file changed, 20 insertions(+)
  ✅ Push ke GitHub Pages selesai
[2026-07-28 00:30:04] ✅ Selesai!

[2026-07-28 01:00:01] 🌱 Memulai deploy Digital Garden...
Already up to date.
  ✅ Pull selesai
🌱 Membangun Digital Garden...

  📁 catatan/ → 1 artikel
  📁 laporan/ → 7 artikel
  📁 project/ → 1 artikel
  ✅ Sitemap: 13 URLs

✅ Selesai! Total 9 halaman terbit.
   📍 https://muhdanfyan.github.io/catatan/
   📍 https://muhdanfyan.github.io/laporan/
   📍 https://muhdanfyan.github.io/project/
  ✅ Build selesai
[main 11c24e8] gardener: auto-build 2026-07-28 01:00
 1 file changed, 20 insertions(+)
  ✅ Push ke GitHub Pages selesai
[2026-07-28 01:00:05] ✅ Selesai!

[2026-07-28 01:30:01] 🌱 Memulai deploy Digital Garden...
Already up to date.
  ✅ Pull selesai
🌱 Membangun Digital Garden...

  📁 catatan/ → 1 artikel
  📁 laporan/ → 7 artikel
  📁 project/ → 1 artikel
  ✅ Sitemap: 13 URLs

✅ Selesai! Total 9 halaman terbit.
   📍 https://muhdanfyan.github.io/catatan/
   📍 https://muhdanfyan.github.io/laporan/
   📍 https://muhdanfyan.github.io/project/
  ✅ Build selesai
[main eb4a666] gardener: auto-build 2026-07-28 01:30
 1 file changed, 20 insertions(+)
  ✅ Push ke GitHub Pages selesai
[2026-07-28 01:30:06] ✅ Selesai!

[2026-07-28 02:00:01] 🌱 Memulai deploy Digital Garden...
Already up to date.
  ✅ Pull selesai
🌱 Membangun Digital Garden...

  📁 catatan/ → 1 artikel
  📁 laporan/ → 7 artikel
  📁 project/ → 1 artikel
  ✅ Sitemap: 13 URLs

✅ Selesai! Total 9 halaman terbit.
   📍 https://muhdanfyan.github.io/catatan/
   📍 https://muhdanfyan.github.io/laporan/
   📍 https://muhdanfyan.github.io/project/
  ✅ Build selesai
[main 7d211b0] gardener: auto-build 2026-07-28 02:00
 1 file changed, 20 insertions(+)
  ✅ Push ke GitHub Pages selesai
[2026-07-28 02:00:05] ✅ Selesai!

[2026-07-28 02:30:01] 🌱 Memulai deploy Digital Garden...
Already up to date.
  ✅ Pull selesai
🌱 Membangun Digital Garden...

  📁 catatan/ → 1 artikel
  📁 laporan/ → 7 artikel
  📁 project/ → 1 artikel
  ✅ Sitemap: 13 URLs

✅ Selesai! Total 9 halaman terbit.
   📍 https://muhdanfyan.github.io/catatan/
   📍 https://muhdanfyan.github.io/laporan/
   📍 https://muhdanfyan.github.io/project/
  ✅ Build selesai
[main 68dc80f] gardener: auto-build 2026-07-28 02:30
 1 file changed, 20 insertions(+)
  ✅ Push ke GitHub Pages selesai
[2026-07-28 02:30:05] ✅ Selesai!

[2026-07-28 03:00:01] 🌱 Memulai deploy Digital Garden...
Already up to date.
  ✅ Pull selesai
🌱 Membangun Digital Garden...

  📁 catatan/ → 1 artikel
  📁 laporan/ → 7 artikel
  📁 project/ → 1 artikel
  ✅ Sitemap: 13 URLs

✅ Selesai! Total 9 halaman terbit.
   📍 https://muhdanfyan.github.io/catatan/
   📍 https://muhdanfyan.github.io/laporan/
   📍 https://muhdanfyan.github.io/project/
  ✅ Build selesai
[main 7c6ea36] gardener: auto-build 2026-07-28 03:00
 1 file changed, 20 insertions(+)
  ✅ Push ke GitHub Pages selesai
[2026-07-28 03:00:04] ✅ Selesai!

[2026-07-28 03:30:01] 🌱 Memulai deploy Digital Garden...
Already up to date.
  ✅ Pull selesai
🌱 Membangun Digital Garden...

  📁 catatan/ → 1 artikel
  📁 laporan/ → 7 artikel
  📁 project/ → 1 artikel
  ✅ Sitemap: 13 URLs

✅ Selesai! Total 9 halaman terbit.
   📍 https://muhdanfyan.github.io/catatan/
   📍 https://muhdanfyan.github.io/laporan/
   📍 https://muhdanfyan.github.io/project/
  ✅ Build selesai
[main 9b4b4c2] gardener: auto-build 2026-07-28 03:30
 1 file changed, 20 insertions(+)
  ✅ Push ke GitHub Pages selesai
[2026-07-28 03:30:05] ✅ Selesai!

[2026-07-28 04:00:01] 🌱 Memulai deploy Digital Garden...
Already up to date.
  ✅ Pull selesai
🌱 Membangun Digital Garden...

  📁 catatan/ → 1 artikel
  📁 laporan/ → 7 artikel
  📁 project/ → 1 artikel
  ✅ Sitemap: 13 URLs

✅ Selesai! Total 9 halaman terbit.
   📍 https://muhdanfyan.github.io/catatan/
   📍 https://muhdanfyan.github.io/laporan/
   📍 https://muhdanfyan.github.io/project/
  ✅ Build selesai
[main 41bbb8c] gardener: auto-build 2026-07-28 04:00
 1 file changed, 20 insertions(+)
  ✅ Push ke GitHub Pages selesai
[2026-07-28 04:00:06] ✅ Selesai!

[2026-07-28 04:30:01] 🌱 Memulai deploy Digital Garden...
Already up to date.
  ✅ Pull selesai
🌱 Membangun Digital Garden...

  📁 catatan/ → 1 artikel
  📁 laporan/ → 7 artikel
  📁 project/ → 1 artikel
  ✅ Sitemap: 13 URLs

✅ Selesai! Total 9 halaman terbit.
   📍 https://muhdanfyan.github.io/catatan/
   📍 https://muhdanfyan.github.io/laporan/
   📍 https://muhdanfyan.github.io/project/
  ✅ Build selesai
[main 2d56d8d] gardener: auto-build 2026-07-28 04:30
 1 file changed, 20 insertions(+)
  ✅ Push ke GitHub Pages selesai
[2026-07-28 04:30:05] ✅ Selesai!

[2026-07-28 05:00:01] 🌱 Memulai deploy Digital Garden...
Already up to date.
  ✅ Pull selesai
🌱 Membangun Digital Garden...

  📁 catatan/ → 1 artikel
  📁 laporan/ → 7 artikel
  📁 project/ → 1 artikel
  ✅ Sitemap: 13 URLs

✅ Selesai! Total 9 halaman terbit.
   📍 https://muhdanfyan.github.io/catatan/
   📍 https://muhdanfyan.github.io/laporan/
   📍 https://muhdanfyan.github.io/project/
  ✅ Build selesai
[main 224b5ea] gardener: auto-build 2026-07-28 05:00
 1 file changed, 20 insertions(+)
  ✅ Push ke GitHub Pages selesai
[2026-07-28 05:00:04] ✅ Selesai!

[2026-07-28 05:30:01] 🌱 Memulai deploy Digital Garden...
Already up to date.
  ✅ Pull selesai
🌱 Membangun Digital Garden...

  📁 catatan/ → 1 artikel
  📁 laporan/ → 7 artikel
  📁 project/ → 1 artikel
  ✅ Sitemap: 13 URLs

✅ Selesai! Total 9 halaman terbit.
   📍 https://muhdanfyan.github.io/catatan/
   📍 https://muhdanfyan.github.io/laporan/
   📍 https://muhdanfyan.github.io/project/
  ✅ Build selesai
[main 5983eb7] gardener: auto-build 2026-07-28 05:30
 1 file changed, 20 insertions(+)
  ✅ Push ke GitHub Pages selesai
[2026-07-28 05:30:05] ✅ Selesai!

[2026-07-28 06:00:01] 🌱 Memulai deploy Digital Garden...
Already up to date.
  ✅ Pull selesai
🌱 Membangun Digital Garden...

  📁 catatan/ → 1 artikel
  📁 laporan/ → 7 artikel
  📁 project/ → 1 artikel
  ✅ Sitemap: 13 URLs

✅ Selesai! Total 9 halaman terbit.
   📍 https://muhdanfyan.github.io/catatan/
   📍 https://muhdanfyan.github.io/laporan/
   📍 https://muhdanfyan.github.io/project/
  ✅ Build selesai
[main aa754ad] gardener: auto-build 2026-07-28 06:00
 1 file changed, 20 insertions(+)
  ✅ Push ke GitHub Pages selesai
[2026-07-28 06:00:05] ✅ Selesai!

[2026-07-28 06:30:01] 🌱 Memulai deploy Digital Garden...
Already up to date.
  ✅ Pull selesai
🌱 Membangun Digital Garden...

  📁 catatan/ → 1 artikel
  📁 laporan/ → 7 artikel
  📁 project/ → 1 artikel
  ✅ Sitemap: 13 URLs

✅ Selesai! Total 9 halaman terbit.
   📍 https://muhdanfyan.github.io/catatan/
   📍 https://muhdanfyan.github.io/laporan/
   📍 https://muhdanfyan.github.io/project/
  ✅ Build selesai
[main 720b438] gardener: auto-build 2026-07-28 06:30
 1 file changed, 20 insertions(+)
  ✅ Push ke GitHub Pages selesai
[2026-07-28 06:30:04] ✅ Selesai!

[2026-07-28 07:00:01] 🌱 Memulai deploy Digital Garden...
Already up to date.
  ✅ Pull selesai
🌱 Membangun Digital Garden...

  📁 catatan/ → 1 artikel
  📁 laporan/ → 7 artikel
  📁 project/ → 1 artikel
  ✅ Sitemap: 13 URLs

✅ Selesai! Total 9 halaman terbit.
   📍 https://muhdanfyan.github.io/catatan/
   📍 https://muhdanfyan.github.io/laporan/
   📍 https://muhdanfyan.github.io/project/
  ✅ Build selesai
[main e2bb1fa] gardener: auto-build 2026-07-28 07:00
 1 file changed, 20 insertions(+)
  ✅ Push ke GitHub Pages selesai
[2026-07-28 07:00:04] ✅ Selesai!

[2026-07-28 07:30:01] 🌱 Memulai deploy Digital Garden...
Already up to date.
  ✅ Pull selesai
🌱 Membangun Digital Garden...

  📁 catatan/ → 1 artikel
  📁 laporan/ → 7 artikel
  📁 project/ → 1 artikel
  ✅ Sitemap: 13 URLs

✅ Selesai! Total 9 halaman terbit.
   📍 https://muhdanfyan.github.io/catatan/
   📍 https://muhdanfyan.github.io/laporan/
   📍 https://muhdanfyan.github.io/project/
  ✅ Build selesai
[main 8b365f1] gardener: auto-build 2026-07-28 07:30
 1 file changed, 20 insertions(+)
  ✅ Push ke GitHub Pages selesai
[2026-07-28 07:30:04] ✅ Selesai!

[2026-07-28 08:00:01] 🌱 Memulai deploy Digital Garden...
Already up to date.
  ✅ Pull selesai
🌱 Membangun Digital Garden...

  📁 catatan/ → 1 artikel
  📁 laporan/ → 7 artikel
  📁 project/ → 1 artikel
  ✅ Sitemap: 13 URLs

✅ Selesai! Total 9 halaman terbit.
   📍 https://muhdanfyan.github.io/catatan/
   📍 https://muhdanfyan.github.io/laporan/
   📍 https://muhdanfyan.github.io/project/
  ✅ Build selesai
[main 383507e] gardener: auto-build 2026-07-28 08:00
 1 file changed, 20 insertions(+)
  ✅ Push ke GitHub Pages selesai
[2026-07-28 08:00:05] ✅ Selesai!

[2026-07-28 08:30:01] 🌱 Memulai deploy Digital Garden...
Already up to date.
  ✅ Pull selesai
🌱 Membangun Digital Garden...

  📁 catatan/ → 1 artikel
  📁 laporan/ → 7 artikel
  📁 project/ → 1 artikel
  ✅ Sitemap: 13 URLs

✅ Selesai! Total 9 halaman terbit.
   📍 https://muhdanfyan.github.io/catatan/
   📍 https://muhdanfyan.github.io/laporan/
   📍 https://muhdanfyan.github.io/project/
  ✅ Build selesai
[main 5a4853a] gardener: auto-build 2026-07-28 08:30
 1 file changed, 20 insertions(+)
  ✅ Push ke GitHub Pages selesai
[2026-07-28 08:30:05] ✅ Selesai!

[2026-07-28 09:00:01] 🌱 Memulai deploy Digital Garden...
Already up to date.
  ✅ Pull selesai
🌱 Membangun Digital Garden...

  📁 catatan/ → 1 artikel
  📁 laporan/ → 7 artikel
  📁 project/ → 1 artikel
  ✅ Sitemap: 13 URLs

✅ Selesai! Total 9 halaman terbit.
   📍 https://muhdanfyan.github.io/catatan/
   📍 https://muhdanfyan.github.io/laporan/
   📍 https://muhdanfyan.github.io/project/
  ✅ Build selesai
[main 97852c6] gardener: auto-build 2026-07-28 09:00
 1 file changed, 20 insertions(+)
  ✅ Push ke GitHub Pages selesai
[2026-07-28 09:00:05] ✅ Selesai!

[2026-07-28 09:30:01] 🌱 Memulai deploy Digital Garden...
Already up to date.
  ✅ Pull selesai
🌱 Membangun Digital Garden...

  📁 catatan/ → 1 artikel
  📁 laporan/ → 7 artikel
  📁 project/ → 1 artikel
  ✅ Sitemap: 13 URLs

✅ Selesai! Total 9 halaman terbit.
   📍 https://muhdanfyan.github.io/catatan/
   📍 https://muhdanfyan.github.io/laporan/
   📍 https://muhdanfyan.github.io/project/
  ✅ Build selesai
[main b6d0487] gardener: auto-build 2026-07-28 09:30
 1 file changed, 20 insertions(+)
  ✅ Push ke GitHub Pages selesai
[2026-07-28 09:30:04] ✅ Selesai!

[2026-07-28 10:00:01] 🌱 Memulai deploy Digital Garden...
Already up to date.
  ✅ Pull selesai
🌱 Membangun Digital Garden...

  📁 catatan/ → 1 artikel
  📁 laporan/ → 7 artikel
  📁 project/ → 1 artikel
  ✅ Sitemap: 13 URLs

✅ Selesai! Total 9 halaman terbit.
   📍 https://muhdanfyan.github.io/catatan/
   📍 https://muhdanfyan.github.io/laporan/
   📍 https://muhdanfyan.github.io/project/
  ✅ Build selesai
[main a6e51a6] gardener: auto-build 2026-07-28 10:00
 1 file changed, 20 insertions(+)
  ✅ Push ke GitHub Pages selesai
[2026-07-28 10:00:05] ✅ Selesai!

[2026-07-28 10:30:01] 🌱 Memulai deploy Digital Garden...
Already up to date.
  ✅ Pull selesai
🌱 Membangun Digital Garden...

  📁 catatan/ → 1 artikel
  📁 laporan/ → 7 artikel
  📁 project/ → 1 artikel
  ✅ Sitemap: 13 URLs

✅ Selesai! Total 9 halaman terbit.
   📍 https://muhdanfyan.github.io/catatan/
   📍 https://muhdanfyan.github.io/laporan/
   📍 https://muhdanfyan.github.io/project/
  ✅ Build selesai
[main 509ff13] gardener: auto-build 2026-07-28 10:30
 1 file changed, 20 insertions(+)
  ✅ Push ke GitHub Pages selesai
[2026-07-28 10:30:05] ✅ Selesai!

[2026-07-28 11:00:01] 🌱 Memulai deploy Digital Garden...
Already up to date.
  ✅ Pull selesai
🌱 Membangun Digital Garden...

  📁 catatan/ → 1 artikel
  📁 laporan/ → 7 artikel
  📁 project/ → 1 artikel
  ✅ Sitemap: 13 URLs

✅ Selesai! Total 9 halaman terbit.
   📍 https://muhdanfyan.github.io/catatan/
   📍 https://muhdanfyan.github.io/laporan/
   📍 https://muhdanfyan.github.io/project/
  ✅ Build selesai
[main 2031e6b] gardener: auto-build 2026-07-28 11:00
 1 file changed, 20 insertions(+)
  ✅ Push ke GitHub Pages selesai
[2026-07-28 11:00:05] ✅ Selesai!

[2026-07-28 11:30:01] 🌱 Memulai deploy Digital Garden...
Already up to date.
  ✅ Pull selesai
🌱 Membangun Digital Garden...

  📁 catatan/ → 1 artikel
  📁 laporan/ → 7 artikel
  📁 project/ → 1 artikel
  ✅ Sitemap: 13 URLs

✅ Selesai! Total 9 halaman terbit.
   📍 https://muhdanfyan.github.io/catatan/
   📍 https://muhdanfyan.github.io/laporan/
   📍 https://muhdanfyan.github.io/project/
  ✅ Build selesai
[main fdeac43] gardener: auto-build 2026-07-28 11:30
 1 file changed, 20 insertions(+)
  ✅ Push ke GitHub Pages selesai
[2026-07-28 11:30:04] ✅ Selesai!

[2026-07-28 12:00:01] 🌱 Memulai deploy Digital Garden...
Already up to date.
  ✅ Pull selesai
🌱 Membangun Digital Garden...

  📁 catatan/ → 1 artikel
  📁 laporan/ → 7 artikel
  📁 project/ → 1 artikel
  ✅ Sitemap: 13 URLs

✅ Selesai! Total 9 halaman terbit.
   📍 https://muhdanfyan.github.io/catatan/
   📍 https://muhdanfyan.github.io/laporan/
   📍 https://muhdanfyan.github.io/project/
  ✅ Build selesai
[main 3ec8e8b] gardener: auto-build 2026-07-28 12:00
 1 file changed, 20 insertions(+)
  ✅ Push ke GitHub Pages selesai
[2026-07-28 12:00:05] ✅ Selesai!

[2026-07-28 12:30:02] 🌱 Memulai deploy Digital Garden...
Already up to date.
  ✅ Pull selesai
🌱 Membangun Digital Garden...

  📁 catatan/ → 1 artikel
  📁 laporan/ → 7 artikel
  📁 project/ → 1 artikel
  ✅ Sitemap: 13 URLs

✅ Selesai! Total 9 halaman terbit.
   📍 https://muhdanfyan.github.io/catatan/
   📍 https://muhdanfyan.github.io/laporan/
   📍 https://muhdanfyan.github.io/project/
  ✅ Build selesai
[main b5ca056] gardener: auto-build 2026-07-28 12:30
 1 file changed, 20 insertions(+)
  ✅ Push ke GitHub Pages selesai
[2026-07-28 12:30:05] ✅ Selesai!

[2026-07-28 13:00:01] 🌱 Memulai deploy Digital Garden...
Already up to date.
  ✅ Pull selesai
🌱 Membangun Digital Garden...

  📁 catatan/ → 1 artikel
  📁 laporan/ → 7 artikel
  📁 project/ → 1 artikel
  ✅ Sitemap: 13 URLs

✅ Selesai! Total 9 halaman terbit.
   📍 https://muhdanfyan.github.io/catatan/
   📍 https://muhdanfyan.github.io/laporan/
   📍 https://muhdanfyan.github.io/project/
  ✅ Build selesai
[main 24f0754] gardener: auto-build 2026-07-28 13:00
 1 file changed, 20 insertions(+)
  ✅ Push ke GitHub Pages selesai
[2026-07-28 13:00:06] ✅ Selesai!

[2026-07-28 13:30:01] 🌱 Memulai deploy Digital Garden...
Already up to date.
  ✅ Pull selesai
🌱 Membangun Digital Garden...

  📁 catatan/ → 1 artikel
  📁 laporan/ → 7 artikel
  📁 project/ → 1 artikel
  ✅ Sitemap: 13 URLs

✅ Selesai! Total 9 halaman terbit.
   📍 https://muhdanfyan.github.io/catatan/
   📍 https://muhdanfyan.github.io/laporan/
   📍 https://muhdanfyan.github.io/project/
  ✅ Build selesai
[main d245f03] gardener: auto-build 2026-07-28 13:30
 1 file changed, 20 insertions(+)
  ✅ Push ke GitHub Pages selesai
[2026-07-28 13:30:05] ✅ Selesai!

[2026-07-28 14:00:01] 🌱 Memulai deploy Digital Garden...
Already up to date.
  ✅ Pull selesai
🌱 Membangun Digital Garden...

  📁 catatan/ → 1 artikel
  📁 laporan/ → 7 artikel
  📁 project/ → 1 artikel
  ✅ Sitemap: 13 URLs

✅ Selesai! Total 9 halaman terbit.
   📍 https://muhdanfyan.github.io/catatan/
   📍 https://muhdanfyan.github.io/laporan/
   📍 https://muhdanfyan.github.io/project/
  ✅ Build selesai
[main 7dfd01e] gardener: auto-build 2026-07-28 14:00
 1 file changed, 20 insertions(+)
  ✅ Push ke GitHub Pages selesai
[2026-07-28 14:00:04] ✅ Selesai!

[2026-07-28 14:30:01] 🌱 Memulai deploy Digital Garden...
Already up to date.
  ✅ Pull selesai
🌱 Membangun Digital Garden...

  📁 catatan/ → 1 artikel
  📁 laporan/ → 7 artikel
  📁 project/ → 1 artikel
  ✅ Sitemap: 13 URLs

✅ Selesai! Total 9 halaman terbit.
   📍 https://muhdanfyan.github.io/catatan/
   📍 https://muhdanfyan.github.io/laporan/
   📍 https://muhdanfyan.github.io/project/
  ✅ Build selesai
[main 8c860e8] gardener: auto-build 2026-07-28 14:30
 1 file changed, 20 insertions(+)
  ✅ Push ke GitHub Pages selesai
[2026-07-28 14:30:04] ✅ Selesai!

[2026-07-28 15:00:01] 🌱 Memulai deploy Digital Garden...
Already up to date.
  ✅ Pull selesai
🌱 Membangun Digital Garden...

  📁 catatan/ → 1 artikel
  📁 laporan/ → 7 artikel
  📁 project/ → 1 artikel
  ✅ Sitemap: 13 URLs

✅ Selesai! Total 9 halaman terbit.
   📍 https://muhdanfyan.github.io/catatan/
   📍 https://muhdanfyan.github.io/laporan/
   📍 https://muhdanfyan.github.io/project/
  ✅ Build selesai
[main 5667b5c] gardener: auto-build 2026-07-28 15:00
 1 file changed, 20 insertions(+)
  ✅ Push ke GitHub Pages selesai
[2026-07-28 15:00:05] ✅ Selesai!

[2026-07-28 15:30:01] 🌱 Memulai deploy Digital Garden...
Already up to date.
  ✅ Pull selesai
🌱 Membangun Digital Garden...

  📁 catatan/ → 1 artikel
  📁 laporan/ → 7 artikel
  📁 project/ → 1 artikel
  ✅ Sitemap: 13 URLs

✅ Selesai! Total 9 halaman terbit.
   📍 https://muhdanfyan.github.io/catatan/
   📍 https://muhdanfyan.github.io/laporan/
   📍 https://muhdanfyan.github.io/project/
  ✅ Build selesai
[main db40c48] gardener: auto-build 2026-07-28 15:30
 1 file changed, 20 insertions(+)
  ✅ Push ke GitHub Pages selesai
[2026-07-28 15:30:04] ✅ Selesai!

[2026-07-28 16:00:01] 🌱 Memulai deploy Digital Garden...
Already up to date.
  ✅ Pull selesai
🌱 Membangun Digital Garden...

  📁 catatan/ → 1 artikel
  📁 laporan/ → 7 artikel
  📁 project/ → 1 artikel
  ✅ Sitemap: 13 URLs

✅ Selesai! Total 9 halaman terbit.
   📍 https://muhdanfyan.github.io/catatan/
   📍 https://muhdanfyan.github.io/laporan/
   📍 https://muhdanfyan.github.io/project/
  ✅ Build selesai
[main 4790ebb] gardener: auto-build 2026-07-28 16:00
 1 file changed, 20 insertions(+)
  ✅ Push ke GitHub Pages selesai
[2026-07-28 16:00:06] ✅ Selesai!

[2026-07-28 16:30:01] 🌱 Memulai deploy Digital Garden...
Already up to date.
  ✅ Pull selesai
🌱 Membangun Digital Garden...

  📁 catatan/ → 1 artikel
  📁 laporan/ → 7 artikel
  📁 project/ → 1 artikel
  ✅ Sitemap: 13 URLs

✅ Selesai! Total 9 halaman terbit.
   📍 https://muhdanfyan.github.io/catatan/
   📍 https://muhdanfyan.github.io/laporan/
   📍 https://muhdanfyan.github.io/project/
  ✅ Build selesai
[main fe925f5] gardener: auto-build 2026-07-28 16:30
 1 file changed, 20 insertions(+)
  ✅ Push ke GitHub Pages selesai
[2026-07-28 16:30:05] ✅ Selesai!

[2026-07-28 17:00:01] 🌱 Memulai deploy Digital Garden...
Already up to date.
  ✅ Pull selesai
🌱 Membangun Digital Garden...

  📁 catatan/ → 1 artikel
  📁 laporan/ → 7 artikel
  📁 project/ → 1 artikel
  ✅ Sitemap: 13 URLs

✅ Selesai! Total 9 halaman terbit.
   📍 https://muhdanfyan.github.io/catatan/
   📍 https://muhdanfyan.github.io/laporan/
   📍 https://muhdanfyan.github.io/project/
  ✅ Build selesai
[main 7de596f] gardener: auto-build 2026-07-28 17:00
 1 file changed, 20 insertions(+)
  ✅ Push ke GitHub Pages selesai
[2026-07-28 17:00:07] ✅ Selesai!

[2026-07-28 17:30:01] 🌱 Memulai deploy Digital Garden...
Already up to date.
  ✅ Pull selesai
🌱 Membangun Digital Garden...

  📁 catatan/ → 1 artikel
  📁 laporan/ → 7 artikel
  📁 project/ → 1 artikel
  ✅ Sitemap: 13 URLs

✅ Selesai! Total 9 halaman terbit.
   📍 https://muhdanfyan.github.io/catatan/
   📍 https://muhdanfyan.github.io/laporan/
   📍 https://muhdanfyan.github.io/project/
  ✅ Build selesai
[main e7ab1ef] gardener: auto-build 2026-07-28 17:30
 1 file changed, 20 insertions(+)
  ✅ Push ke GitHub Pages selesai
[2026-07-28 17:30:04] ✅ Selesai!

[2026-07-28 18:00:01] 🌱 Memulai deploy Digital Garden...
Already up to date.
  ✅ Pull selesai
🌱 Membangun Digital Garden...

  📁 catatan/ → 1 artikel
  📁 laporan/ → 7 artikel
  📁 project/ → 1 artikel
  ✅ Sitemap: 13 URLs

✅ Selesai! Total 9 halaman terbit.
   📍 https://muhdanfyan.github.io/catatan/
   📍 https://muhdanfyan.github.io/laporan/
   📍 https://muhdanfyan.github.io/project/
  ✅ Build selesai
[main 55a97d0] gardener: auto-build 2026-07-28 18:00
 1 file changed, 20 insertions(+)
  ✅ Push ke GitHub Pages selesai
[2026-07-28 18:00:04] ✅ Selesai!

[2026-07-28 18:30:01] 🌱 Memulai deploy Digital Garden...
Already up to date.
  ✅ Pull selesai
🌱 Membangun Digital Garden...

  📁 catatan/ → 1 artikel
  📁 laporan/ → 7 artikel
  📁 project/ → 1 artikel
  ✅ Sitemap: 13 URLs

✅ Selesai! Total 9 halaman terbit.
   📍 https://muhdanfyan.github.io/catatan/
   📍 https://muhdanfyan.github.io/laporan/
   📍 https://muhdanfyan.github.io/project/
  ✅ Build selesai
[main 6350398] gardener: auto-build 2026-07-28 18:30
 1 file changed, 20 insertions(+)
  ✅ Push ke GitHub Pages selesai
[2026-07-28 18:30:04] ✅ Selesai!

[2026-07-28 19:00:01] 🌱 Memulai deploy Digital Garden...
Already up to date.
  ✅ Pull selesai
🌱 Membangun Digital Garden...

  📁 catatan/ → 1 artikel
  📁 laporan/ → 7 artikel
  📁 project/ → 1 artikel
  ✅ Sitemap: 13 URLs

✅ Selesai! Total 9 halaman terbit.
   📍 https://muhdanfyan.github.io/catatan/
   📍 https://muhdanfyan.github.io/laporan/
   📍 https://muhdanfyan.github.io/project/
  ✅ Build selesai
[main 7cd8fc0] gardener: auto-build 2026-07-28 19:00
 1 file changed, 20 insertions(+)
  ✅ Push ke GitHub Pages selesai
[2026-07-28 19:00:05] ✅ Selesai!

[2026-07-28 19:30:01] 🌱 Memulai deploy Digital Garden...
Already up to date.
  ✅ Pull selesai
🌱 Membangun Digital Garden...

  📁 catatan/ → 1 artikel
  📁 laporan/ → 7 artikel
  📁 project/ → 1 artikel
  ✅ Sitemap: 13 URLs

✅ Selesai! Total 9 halaman terbit.
   📍 https://muhdanfyan.github.io/catatan/
   📍 https://muhdanfyan.github.io/laporan/
   📍 https://muhdanfyan.github.io/project/
  ✅ Build selesai
[main 84ece7a] gardener: auto-build 2026-07-28 19:30
 1 file changed, 20 insertions(+)
  ✅ Push ke GitHub Pages selesai
[2026-07-28 19:30:06] ✅ Selesai!

[2026-07-28 20:00:01] 🌱 Memulai deploy Digital Garden...
Already up to date.
  ✅ Pull selesai
🌱 Membangun Digital Garden...

  📁 catatan/ → 1 artikel
  📁 laporan/ → 7 artikel
  📁 project/ → 1 artikel
  ✅ Sitemap: 13 URLs

✅ Selesai! Total 9 halaman terbit.
   📍 https://muhdanfyan.github.io/catatan/
   📍 https://muhdanfyan.github.io/laporan/
   📍 https://muhdanfyan.github.io/project/
  ✅ Build selesai
[main c726a24] gardener: auto-build 2026-07-28 20:00
 1 file changed, 20 insertions(+)
  ✅ Push ke GitHub Pages selesai
[2026-07-28 20:00:07] ✅ Selesai!

[2026-07-28 20:30:01] 🌱 Memulai deploy Digital Garden...
Already up to date.
  ✅ Pull selesai
🌱 Membangun Digital Garden...

  📁 catatan/ → 1 artikel
  📁 laporan/ → 7 artikel
  📁 project/ → 1 artikel
  ✅ Sitemap: 13 URLs

✅ Selesai! Total 9 halaman terbit.
   📍 https://muhdanfyan.github.io/catatan/
   📍 https://muhdanfyan.github.io/laporan/
   📍 https://muhdanfyan.github.io/project/
  ✅ Build selesai
[main eb75d11] gardener: auto-build 2026-07-28 20:30
 1 file changed, 20 insertions(+)
  ✅ Push ke GitHub Pages selesai
[2026-07-28 20:30:04] ✅ Selesai!

[2026-07-28 21:00:01] 🌱 Memulai deploy Digital Garden...
Already up to date.
  ✅ Pull selesai
🌱 Membangun Digital Garden...

  📁 catatan/ → 1 artikel
  📁 laporan/ → 7 artikel
  📁 project/ → 1 artikel
  ✅ Sitemap: 13 URLs

✅ Selesai! Total 9 halaman terbit.
   📍 https://muhdanfyan.github.io/catatan/
   📍 https://muhdanfyan.github.io/laporan/
   📍 https://muhdanfyan.github.io/project/
  ✅ Build selesai
[main 1aa6691] gardener: auto-build 2026-07-28 21:00
 1 file changed, 20 insertions(+)
  ✅ Push ke GitHub Pages selesai
[2026-07-28 21:00:08] ✅ Selesai!

[2026-07-28 21:30:01] 🌱 Memulai deploy Digital Garden...
Already up to date.
  ✅ Pull selesai
🌱 Membangun Digital Garden...

  📁 catatan/ → 1 artikel
  📁 laporan/ → 7 artikel
  📁 project/ → 1 artikel
  ✅ Sitemap: 13 URLs

✅ Selesai! Total 9 halaman terbit.
   📍 https://muhdanfyan.github.io/catatan/
   📍 https://muhdanfyan.github.io/laporan/
   📍 https://muhdanfyan.github.io/project/
  ✅ Build selesai
[main e5a660c] gardener: auto-build 2026-07-28 21:30
 1 file changed, 20 insertions(+)
  ✅ Push ke GitHub Pages selesai
[2026-07-28 21:30:06] ✅ Selesai!

[2026-07-28 22:00:01] 🌱 Memulai deploy Digital Garden...
Already up to date.
  ✅ Pull selesai
🌱 Membangun Digital Garden...

  📁 catatan/ → 1 artikel
  📁 laporan/ → 7 artikel
  📁 project/ → 1 artikel
  ✅ Sitemap: 13 URLs

✅ Selesai! Total 9 halaman terbit.
   📍 https://muhdanfyan.github.io/catatan/
   📍 https://muhdanfyan.github.io/laporan/
   📍 https://muhdanfyan.github.io/project/
  ✅ Build selesai
[main 8fe093e] gardener: auto-build 2026-07-28 22:00
 1 file changed, 20 insertions(+)
  ✅ Push ke GitHub Pages selesai
[2026-07-28 22:00:09] ✅ Selesai!

[2026-07-28 22:30:01] 🌱 Memulai deploy Digital Garden...
Already up to date.
  ✅ Pull selesai
🌱 Membangun Digital Garden...

  📁 catatan/ → 1 artikel
  📁 laporan/ → 7 artikel
  📁 project/ → 1 artikel
  ✅ Sitemap: 13 URLs

✅ Selesai! Total 9 halaman terbit.
   📍 https://muhdanfyan.github.io/catatan/
   📍 https://muhdanfyan.github.io/laporan/
   📍 https://muhdanfyan.github.io/project/
  ✅ Build selesai
[main 2490dd8] gardener: auto-build 2026-07-28 22:30
 1 file changed, 20 insertions(+)
  ✅ Push ke GitHub Pages selesai
[2026-07-28 22:30:05] ✅ Selesai!

[2026-07-28 23:00:01] 🌱 Memulai deploy Digital Garden...
Already up to date.
  ✅ Pull selesai
🌱 Membangun Digital Garden...

  📁 catatan/ → 1 artikel
  📁 laporan/ → 7 artikel
  📁 project/ → 1 artikel
  ✅ Sitemap: 13 URLs

✅ Selesai! Total 9 halaman terbit.
   📍 https://muhdanfyan.github.io/catatan/
   📍 https://muhdanfyan.github.io/laporan/
   📍 https://muhdanfyan.github.io/project/
  ✅ Build selesai
[main 5883150] gardener: auto-build 2026-07-28 23:00
 1 file changed, 20 insertions(+)
  ✅ Push ke GitHub Pages selesai
[2026-07-28 23:00:07] ✅ Selesai!

[2026-07-28 23:30:01] 🌱 Memulai deploy Digital Garden...
Already up to date.
  ✅ Pull selesai
🌱 Membangun Digital Garden...

  📁 catatan/ → 1 artikel
  📁 laporan/ → 7 artikel
  📁 project/ → 1 artikel
  ✅ Sitemap: 13 URLs

✅ Selesai! Total 9 halaman terbit.
   📍 https://muhdanfyan.github.io/catatan/
   📍 https://muhdanfyan.github.io/laporan/
   📍 https://muhdanfyan.github.io/project/
  ✅ Build selesai
[main f20fa6a] gardener: auto-build 2026-07-28 23:30
 1 file changed, 20 insertions(+)
  ✅ Push ke GitHub Pages selesai
[2026-07-28 23:30:07] ✅ Selesai!

[2026-07-29 00:00:02] 🌱 Memulai deploy Digital Garden...
Already up to date.
  ✅ Pull selesai
🌱 Membangun Digital Garden...

  📁 catatan/ → 1 artikel
  📁 laporan/ → 7 artikel
  📁 project/ → 1 artikel
  ✅ Sitemap: 13 URLs

✅ Selesai! Total 9 halaman terbit.
   📍 https://muhdanfyan.github.io/catatan/
   📍 https://muhdanfyan.github.io/laporan/
   📍 https://muhdanfyan.github.io/project/
  ✅ Build selesai
[main 21f90c0] gardener: auto-build 2026-07-29 00:00
 1 file changed, 20 insertions(+)
  ✅ Push ke GitHub Pages selesai
[2026-07-29 00:00:06] ✅ Selesai!

[2026-07-29 00:30:01] 🌱 Memulai deploy Digital Garden...
Already up to date.
  ✅ Pull selesai
🌱 Membangun Digital Garden...

  📁 catatan/ → 1 artikel
  📁 laporan/ → 7 artikel
  📁 project/ → 1 artikel
  ✅ Sitemap: 13 URLs

✅ Selesai! Total 9 halaman terbit.
   📍 https://muhdanfyan.github.io/catatan/
   📍 https://muhdanfyan.github.io/laporan/
   📍 https://muhdanfyan.github.io/project/
  ✅ Build selesai
[main f7189a6] gardener: auto-build 2026-07-29 00:30
 1 file changed, 20 insertions(+)
  ✅ Push ke GitHub Pages selesai
[2026-07-29 00:30:06] ✅ Selesai!

[2026-07-29 01:00:01] 🌱 Memulai deploy Digital Garden...
Already up to date.
  ✅ Pull selesai
🌱 Membangun Digital Garden...

  📁 catatan/ → 1 artikel
  📁 laporan/ → 7 artikel
  📁 project/ → 1 artikel
  ✅ Sitemap: 13 URLs

✅ Selesai! Total 9 halaman terbit.
   📍 https://muhdanfyan.github.io/catatan/
   📍 https://muhdanfyan.github.io/laporan/
   📍 https://muhdanfyan.github.io/project/
  ✅ Build selesai
[main 3c80bd9] gardener: auto-build 2026-07-29 01:00
 1 file changed, 20 insertions(+)
  ✅ Push ke GitHub Pages selesai
[2026-07-29 01:00:06] ✅ Selesai!

[2026-07-29 01:30:02] 🌱 Memulai deploy Digital Garden...
Already up to date.
  ✅ Pull selesai
🌱 Membangun Digital Garden...

  📁 catatan/ → 1 artikel
  📁 laporan/ → 7 artikel
  📁 project/ → 1 artikel
  ✅ Sitemap: 13 URLs

✅ Selesai! Total 9 halaman terbit.
   📍 https://muhdanfyan.github.io/catatan/
   📍 https://muhdanfyan.github.io/laporan/
   📍 https://muhdanfyan.github.io/project/
  ✅ Build selesai
[main c487d7c] gardener: auto-build 2026-07-29 01:30
 1 file changed, 20 insertions(+)
  ✅ Push ke GitHub Pages selesai
[2026-07-29 01:30:05] ✅ Selesai!

[2026-07-29 02:00:01] 🌱 Memulai deploy Digital Garden...
Already up to date.
  ✅ Pull selesai
🌱 Membangun Digital Garden...

  📁 catatan/ → 1 artikel
  📁 laporan/ → 7 artikel
  📁 project/ → 1 artikel
  ✅ Sitemap: 13 URLs

✅ Selesai! Total 9 halaman terbit.
   📍 https://muhdanfyan.github.io/catatan/
   📍 https://muhdanfyan.github.io/laporan/
   📍 https://muhdanfyan.github.io/project/
  ✅ Build selesai
[main 526aba5] gardener: auto-build 2026-07-29 02:00
 1 file changed, 20 insertions(+)
  ✅ Push ke GitHub Pages selesai
[2026-07-29 02:00:05] ✅ Selesai!

[2026-07-29 02:30:01] 🌱 Memulai deploy Digital Garden...
Already up to date.
  ✅ Pull selesai
🌱 Membangun Digital Garden...

  📁 catatan/ → 1 artikel
  📁 laporan/ → 7 artikel
  📁 project/ → 1 artikel
  ✅ Sitemap: 13 URLs

✅ Selesai! Total 9 halaman terbit.
   📍 https://muhdanfyan.github.io/catatan/
   📍 https://muhdanfyan.github.io/laporan/
   📍 https://muhdanfyan.github.io/project/
  ✅ Build selesai
[main 0c72e94] gardener: auto-build 2026-07-29 02:30
 1 file changed, 20 insertions(+)
  ✅ Push ke GitHub Pages selesai
[2026-07-29 02:30:04] ✅ Selesai!

[2026-07-29 03:00:01] 🌱 Memulai deploy Digital Garden...
Already up to date.
  ✅ Pull selesai
🌱 Membangun Digital Garden...

  📁 catatan/ → 1 artikel
  📁 laporan/ → 7 artikel
  📁 project/ → 1 artikel
  ✅ Sitemap: 13 URLs

✅ Selesai! Total 9 halaman terbit.
   📍 https://muhdanfyan.github.io/catatan/
   📍 https://muhdanfyan.github.io/laporan/
   📍 https://muhdanfyan.github.io/project/
  ✅ Build selesai
[main 7c7bc74] gardener: auto-build 2026-07-29 03:00
 1 file changed, 20 insertions(+)
  ✅ Push ke GitHub Pages selesai
[2026-07-29 03:00:05] ✅ Selesai!

[2026-07-29 03:30:01] 🌱 Memulai deploy Digital Garden...
[2026-07-29 04:00:01] 🌱 Memulai deploy Digital Garden...
[2026-07-29 04:30:01] 🌱 Memulai deploy Digital Garden...
[2026-07-29 05:00:01] 🌱 Memulai deploy Digital Garden...
[2026-07-29 05:30:01] 🌱 Memulai deploy Digital Garden...
[2026-07-29 06:00:01] 🌱 Memulai deploy Digital Garden...
[2026-07-29 06:30:01] 🌱 Memulai deploy Digital Garden...
Already up to date.
  ✅ Pull selesai
🌱 Membangun Digital Garden...

  📁 catatan/ → 1 artikel
  📁 laporan/ → 7 artikel
  📁 project/ → 1 artikel
  ✅ Sitemap: 13 URLs

✅ Selesai! Total 9 halaman terbit.
   📍 https://muhdanfyan.github.io/catatan/
   📍 https://muhdanfyan.github.io/laporan/
   📍 https://muhdanfyan.github.io/project/
  ✅ Build selesai
[main 235ce2e] gardener: auto-build 2026-07-29 06:30
 1 file changed, 26 insertions(+)
  ✅ Push ke GitHub Pages selesai
[2026-07-29 06:30:07] ✅ Selesai!

[2026-07-29 07:00:01] 🌱 Memulai deploy Digital Garden...
Already up to date.
  ✅ Pull selesai
🌱 Membangun Digital Garden...

  📁 catatan/ → 1 artikel
  📁 laporan/ → 7 artikel
  📁 project/ → 1 artikel
  ✅ Sitemap: 13 URLs

✅ Selesai! Total 9 halaman terbit.
   📍 https://muhdanfyan.github.io/catatan/
   📍 https://muhdanfyan.github.io/laporan/
   📍 https://muhdanfyan.github.io/project/
  ✅ Build selesai
[main 66a8afd] gardener: auto-build 2026-07-29 07:00
 1 file changed, 20 insertions(+)
  ✅ Push ke GitHub Pages selesai
[2026-07-29 07:00:05] ✅ Selesai!

[2026-07-29 07:30:01] 🌱 Memulai deploy Digital Garden...
Already up to date.
  ✅ Pull selesai
🌱 Membangun Digital Garden...

  📁 catatan/ → 1 artikel
  📁 laporan/ → 7 artikel
  📁 project/ → 1 artikel
  ✅ Sitemap: 13 URLs

✅ Selesai! Total 9 halaman terbit.
   📍 https://muhdanfyan.github.io/catatan/
   📍 https://muhdanfyan.github.io/laporan/
   📍 https://muhdanfyan.github.io/project/
  ✅ Build selesai
[main dfbdfe6] gardener: auto-build 2026-07-29 07:30
 1 file changed, 20 insertions(+)
  ✅ Push ke GitHub Pages selesai
[2026-07-29 07:30:05] ✅ Selesai!

[2026-07-29 08:00:01] 🌱 Memulai deploy Digital Garden...
Already up to date.
  ✅ Pull selesai
🌱 Membangun Digital Garden...

  📁 catatan/ → 1 artikel
  📁 laporan/ → 7 artikel
  📁 project/ → 1 artikel
  ✅ Sitemap: 13 URLs

✅ Selesai! Total 9 halaman terbit.
   📍 https://muhdanfyan.github.io/catatan/
   📍 https://muhdanfyan.github.io/laporan/
   📍 https://muhdanfyan.github.io/project/
  ✅ Build selesai
[main af80be2] gardener: auto-build 2026-07-29 08:00
 1 file changed, 20 insertions(+)
  ✅ Push ke GitHub Pages selesai
[2026-07-29 08:00:05] ✅ Selesai!

[2026-07-29 08:30:01] 🌱 Memulai deploy Digital Garden...
Already up to date.
  ✅ Pull selesai
🌱 Membangun Digital Garden...

  📁 catatan/ → 1 artikel
  📁 laporan/ → 7 artikel
  📁 project/ → 1 artikel
  ✅ Sitemap: 13 URLs

✅ Selesai! Total 9 halaman terbit.
   📍 https://muhdanfyan.github.io/catatan/
   📍 https://muhdanfyan.github.io/laporan/
   📍 https://muhdanfyan.github.io/project/
  ✅ Build selesai
[main d8b81d0] gardener: auto-build 2026-07-29 08:30
 1 file changed, 20 insertions(+)
  ✅ Push ke GitHub Pages selesai
[2026-07-29 08:30:05] ✅ Selesai!

[2026-07-29 09:00:01] 🌱 Memulai deploy Digital Garden...
Already up to date.
  ✅ Pull selesai
🌱 Membangun Digital Garden...

  📁 catatan/ → 1 artikel
  📁 laporan/ → 7 artikel
  📁 project/ → 1 artikel
  ✅ Sitemap: 13 URLs

✅ Selesai! Total 9 halaman terbit.
   📍 https://muhdanfyan.github.io/catatan/
   📍 https://muhdanfyan.github.io/laporan/
   📍 https://muhdanfyan.github.io/project/
  ✅ Build selesai
[main 839d04b] gardener: auto-build 2026-07-29 09:00
 1 file changed, 20 insertions(+)
  ✅ Push ke GitHub Pages selesai
[2026-07-29 09:00:05] ✅ Selesai!

[2026-07-29 09:30:01] 🌱 Memulai deploy Digital Garden...
Already up to date.
  ✅ Pull selesai
🌱 Membangun Digital Garden...

  📁 catatan/ → 1 artikel
  📁 laporan/ → 7 artikel
  📁 project/ → 1 artikel
  ✅ Sitemap: 13 URLs

✅ Selesai! Total 9 halaman terbit.
   📍 https://muhdanfyan.github.io/catatan/
   📍 https://muhdanfyan.github.io/laporan/
   📍 https://muhdanfyan.github.io/project/
  ✅ Build selesai
[main 9cb0c2f] gardener: auto-build 2026-07-29 09:30
 1 file changed, 20 insertions(+)
  ✅ Push ke GitHub Pages selesai
[2026-07-29 09:30:05] ✅ Selesai!

[2026-07-29 10:00:01] 🌱 Memulai deploy Digital Garden...
Already up to date.
  ✅ Pull selesai
🌱 Membangun Digital Garden...

  📁 catatan/ → 1 artikel
  📁 laporan/ → 7 artikel
  📁 project/ → 1 artikel
  ✅ Sitemap: 13 URLs

✅ Selesai! Total 9 halaman terbit.
   📍 https://muhdanfyan.github.io/catatan/
   📍 https://muhdanfyan.github.io/laporan/
   📍 https://muhdanfyan.github.io/project/
  ✅ Build selesai
[main bcae65e] gardener: auto-build 2026-07-29 10:00
 1 file changed, 20 insertions(+)
  ✅ Push ke GitHub Pages selesai
[2026-07-29 10:00:05] ✅ Selesai!

[2026-07-29 10:30:01] 🌱 Memulai deploy Digital Garden...
Already up to date.
  ✅ Pull selesai
🌱 Membangun Digital Garden...

  📁 catatan/ → 1 artikel
  📁 laporan/ → 7 artikel
  📁 project/ → 1 artikel
  ✅ Sitemap: 13 URLs

✅ Selesai! Total 9 halaman terbit.
   📍 https://muhdanfyan.github.io/catatan/
   📍 https://muhdanfyan.github.io/laporan/
   📍 https://muhdanfyan.github.io/project/
  ✅ Build selesai
[main 2cd2025] gardener: auto-build 2026-07-29 10:30
 1 file changed, 20 insertions(+)
  ✅ Push ke GitHub Pages selesai
[2026-07-29 10:30:04] ✅ Selesai!

[2026-07-29 11:00:01] 🌱 Memulai deploy Digital Garden...
Already up to date.
  ✅ Pull selesai
🌱 Membangun Digital Garden...

  📁 catatan/ → 1 artikel
  📁 laporan/ → 7 artikel
  📁 project/ → 1 artikel
  ✅ Sitemap: 13 URLs

✅ Selesai! Total 9 halaman terbit.
   📍 https://muhdanfyan.github.io/catatan/
   📍 https://muhdanfyan.github.io/laporan/
   📍 https://muhdanfyan.github.io/project/
  ✅ Build selesai
[main 0e9d13b] gardener: auto-build 2026-07-29 11:00
 1 file changed, 20 insertions(+)
  ✅ Push ke GitHub Pages selesai
[2026-07-29 11:00:04] ✅ Selesai!

[2026-07-29 11:30:01] 🌱 Memulai deploy Digital Garden...
Already up to date.
  ✅ Pull selesai
🌱 Membangun Digital Garden...

  📁 catatan/ → 1 artikel
  📁 laporan/ → 7 artikel
  📁 project/ → 1 artikel
  ✅ Sitemap: 13 URLs

✅ Selesai! Total 9 halaman terbit.
   📍 https://muhdanfyan.github.io/catatan/
   📍 https://muhdanfyan.github.io/laporan/
   📍 https://muhdanfyan.github.io/project/
  ✅ Build selesai
[main 833fa1e] gardener: auto-build 2026-07-29 11:30
 1 file changed, 20 insertions(+)
  ✅ Push ke GitHub Pages selesai
[2026-07-29 11:30:05] ✅ Selesai!

[2026-07-29 12:00:01] 🌱 Memulai deploy Digital Garden...
Already up to date.
  ✅ Pull selesai
🌱 Membangun Digital Garden...

  📁 catatan/ → 1 artikel
  📁 laporan/ → 7 artikel
  📁 project/ → 1 artikel
  ✅ Sitemap: 13 URLs

✅ Selesai! Total 9 halaman terbit.
   📍 https://muhdanfyan.github.io/catatan/
   📍 https://muhdanfyan.github.io/laporan/
   📍 https://muhdanfyan.github.io/project/
  ✅ Build selesai
[main 5ed76ef] gardener: auto-build 2026-07-29 12:00
 1 file changed, 20 insertions(+)
  ✅ Push ke GitHub Pages selesai
[2026-07-29 12:00:05] ✅ Selesai!

[2026-07-29 12:30:01] 🌱 Memulai deploy Digital Garden...
Already up to date.
  ✅ Pull selesai
🌱 Membangun Digital Garden...

  📁 catatan/ → 1 artikel
  📁 laporan/ → 7 artikel
  📁 project/ → 1 artikel
  ✅ Sitemap: 13 URLs

✅ Selesai! Total 9 halaman terbit.
   📍 https://muhdanfyan.github.io/catatan/
   📍 https://muhdanfyan.github.io/laporan/
   📍 https://muhdanfyan.github.io/project/
  ✅ Build selesai
[main 16849e5] gardener: auto-build 2026-07-29 12:30
 1 file changed, 20 insertions(+)
  ✅ Push ke GitHub Pages selesai
[2026-07-29 12:30:05] ✅ Selesai!

[2026-07-29 13:00:01] 🌱 Memulai deploy Digital Garden...
Already up to date.
  ✅ Pull selesai
🌱 Membangun Digital Garden...

  📁 catatan/ → 1 artikel
  📁 laporan/ → 7 artikel
  📁 project/ → 1 artikel
  ✅ Sitemap: 13 URLs

✅ Selesai! Total 9 halaman terbit.
   📍 https://muhdanfyan.github.io/catatan/
   📍 https://muhdanfyan.github.io/laporan/
   📍 https://muhdanfyan.github.io/project/
  ✅ Build selesai
[main 73d4d2f] gardener: auto-build 2026-07-29 13:00
 1 file changed, 20 insertions(+)
  ✅ Push ke GitHub Pages selesai
[2026-07-29 13:00:04] ✅ Selesai!

[2026-07-29 13:30:01] 🌱 Memulai deploy Digital Garden...
Already up to date.
  ✅ Pull selesai
🌱 Membangun Digital Garden...

  📁 catatan/ → 1 artikel
  📁 laporan/ → 7 artikel
  📁 project/ → 1 artikel
  ✅ Sitemap: 13 URLs

✅ Selesai! Total 9 halaman terbit.
   📍 https://muhdanfyan.github.io/catatan/
   📍 https://muhdanfyan.github.io/laporan/
   📍 https://muhdanfyan.github.io/project/
  ✅ Build selesai
[main ec931c9] gardener: auto-build 2026-07-29 13:30
 1 file changed, 20 insertions(+)
  ✅ Push ke GitHub Pages selesai
[2026-07-29 13:30:04] ✅ Selesai!

[2026-07-29 14:00:01] 🌱 Memulai deploy Digital Garden...
Already up to date.
  ✅ Pull selesai
🌱 Membangun Digital Garden...

  📁 catatan/ → 1 artikel
  📁 laporan/ → 7 artikel
  📁 project/ → 1 artikel
  ✅ Sitemap: 13 URLs

✅ Selesai! Total 9 halaman terbit.
   📍 https://muhdanfyan.github.io/catatan/
   📍 https://muhdanfyan.github.io/laporan/
   📍 https://muhdanfyan.github.io/project/
  ✅ Build selesai
[main 506c69a] gardener: auto-build 2026-07-29 14:00
 1 file changed, 20 insertions(+)
  ✅ Push ke GitHub Pages selesai
[2026-07-29 14:00:04] ✅ Selesai!

[2026-07-29 14:30:01] 🌱 Memulai deploy Digital Garden...
Already up to date.
  ✅ Pull selesai
🌱 Membangun Digital Garden...

  📁 catatan/ → 1 artikel
  📁 laporan/ → 7 artikel
  📁 project/ → 1 artikel
  ✅ Sitemap: 13 URLs

✅ Selesai! Total 9 halaman terbit.
   📍 https://muhdanfyan.github.io/catatan/
   📍 https://muhdanfyan.github.io/laporan/
   📍 https://muhdanfyan.github.io/project/
  ✅ Build selesai
[main 830fd11] gardener: auto-build 2026-07-29 14:30
 1 file changed, 20 insertions(+)
  ✅ Push ke GitHub Pages selesai
[2026-07-29 14:30:05] ✅ Selesai!

[2026-07-29 15:00:01] 🌱 Memulai deploy Digital Garden...
Already up to date.
  ✅ Pull selesai
🌱 Membangun Digital Garden...

  📁 catatan/ → 1 artikel
  📁 laporan/ → 7 artikel
  📁 project/ → 1 artikel
  ✅ Sitemap: 13 URLs

✅ Selesai! Total 9 halaman terbit.
   📍 https://muhdanfyan.github.io/catatan/
   📍 https://muhdanfyan.github.io/laporan/
   📍 https://muhdanfyan.github.io/project/
  ✅ Build selesai
[main 59ee05c] gardener: auto-build 2026-07-29 15:00
 1 file changed, 20 insertions(+)
  ✅ Push ke GitHub Pages selesai
[2026-07-29 15:00:06] ✅ Selesai!

[2026-07-29 15:30:01] 🌱 Memulai deploy Digital Garden...
Already up to date.
  ✅ Pull selesai
🌱 Membangun Digital Garden...

  📁 catatan/ → 1 artikel
  📁 laporan/ → 7 artikel
  📁 project/ → 1 artikel
  ✅ Sitemap: 13 URLs

✅ Selesai! Total 9 halaman terbit.
   📍 https://muhdanfyan.github.io/catatan/
   📍 https://muhdanfyan.github.io/laporan/
   📍 https://muhdanfyan.github.io/project/
  ✅ Build selesai
[main ef890b2] gardener: auto-build 2026-07-29 15:30
 1 file changed, 20 insertions(+)
  ✅ Push ke GitHub Pages selesai
[2026-07-29 15:30:05] ✅ Selesai!

[2026-07-29 16:00:01] 🌱 Memulai deploy Digital Garden...
Already up to date.
  ✅ Pull selesai
🌱 Membangun Digital Garden...

  📁 catatan/ → 1 artikel
  📁 laporan/ → 7 artikel
  📁 project/ → 1 artikel
  ✅ Sitemap: 13 URLs

✅ Selesai! Total 9 halaman terbit.
   📍 https://muhdanfyan.github.io/catatan/
   📍 https://muhdanfyan.github.io/laporan/
   📍 https://muhdanfyan.github.io/project/
  ✅ Build selesai
[main dd4b9a2] gardener: auto-build 2026-07-29 16:00
 1 file changed, 20 insertions(+)
  ✅ Push ke GitHub Pages selesai
[2026-07-29 16:00:08] ✅ Selesai!

[2026-07-29 16:30:01] 🌱 Memulai deploy Digital Garden...
Already up to date.
  ✅ Pull selesai
🌱 Membangun Digital Garden...

  📁 catatan/ → 1 artikel
  📁 laporan/ → 7 artikel
  📁 project/ → 1 artikel
  ✅ Sitemap: 13 URLs

✅ Selesai! Total 9 halaman terbit.
   📍 https://muhdanfyan.github.io/catatan/
   📍 https://muhdanfyan.github.io/laporan/
   📍 https://muhdanfyan.github.io/project/
  ✅ Build selesai
[main 1ebb2b9] gardener: auto-build 2026-07-29 16:30
 1 file changed, 20 insertions(+)
  ✅ Push ke GitHub Pages selesai
[2026-07-29 16:30:04] ✅ Selesai!

[2026-07-29 17:00:01] 🌱 Memulai deploy Digital Garden...
Already up to date.
  ✅ Pull selesai
🌱 Membangun Digital Garden...

  📁 catatan/ → 1 artikel
  📁 laporan/ → 7 artikel
  📁 project/ → 1 artikel
  ✅ Sitemap: 13 URLs

✅ Selesai! Total 9 halaman terbit.
   📍 https://muhdanfyan.github.io/catatan/
   📍 https://muhdanfyan.github.io/laporan/
   📍 https://muhdanfyan.github.io/project/
  ✅ Build selesai
[main 441fec5] gardener: auto-build 2026-07-29 17:00
 1 file changed, 20 insertions(+)
  ✅ Push ke GitHub Pages selesai
[2026-07-29 17:00:04] ✅ Selesai!

[2026-07-29 17:30:01] 🌱 Memulai deploy Digital Garden...
Already up to date.
  ✅ Pull selesai
🌱 Membangun Digital Garden...

  📁 catatan/ → 1 artikel
  📁 laporan/ → 7 artikel
  📁 project/ → 1 artikel
  ✅ Sitemap: 13 URLs

✅ Selesai! Total 9 halaman terbit.
   📍 https://muhdanfyan.github.io/catatan/
   📍 https://muhdanfyan.github.io/laporan/
   📍 https://muhdanfyan.github.io/project/
  ✅ Build selesai
[main 13e044f] gardener: auto-build 2026-07-29 17:30
 1 file changed, 20 insertions(+)
  ✅ Push ke GitHub Pages selesai
[2026-07-29 17:30:05] ✅ Selesai!

[2026-07-29 18:00:01] 🌱 Memulai deploy Digital Garden...
Already up to date.
  ✅ Pull selesai
🌱 Membangun Digital Garden...

  📁 catatan/ → 1 artikel
  📁 laporan/ → 7 artikel
  📁 project/ → 1 artikel
  ✅ Sitemap: 13 URLs

✅ Selesai! Total 9 halaman terbit.
   📍 https://muhdanfyan.github.io/catatan/
   📍 https://muhdanfyan.github.io/laporan/
   📍 https://muhdanfyan.github.io/project/
  ✅ Build selesai
[main 1672ca1] gardener: auto-build 2026-07-29 18:00
 1 file changed, 20 insertions(+)
  ✅ Push ke GitHub Pages selesai
[2026-07-29 18:00:06] ✅ Selesai!

[2026-07-29 18:30:01] 🌱 Memulai deploy Digital Garden...
Already up to date.
  ✅ Pull selesai
🌱 Membangun Digital Garden...

  📁 catatan/ → 1 artikel
  📁 laporan/ → 7 artikel
  📁 project/ → 1 artikel
  ✅ Sitemap: 13 URLs

✅ Selesai! Total 9 halaman terbit.
   📍 https://muhdanfyan.github.io/catatan/
   📍 https://muhdanfyan.github.io/laporan/
   📍 https://muhdanfyan.github.io/project/
  ✅ Build selesai
[main 5035f16] gardener: auto-build 2026-07-29 18:30
 1 file changed, 20 insertions(+)
  ✅ Push ke GitHub Pages selesai
[2026-07-29 18:30:06] ✅ Selesai!

[2026-07-29 19:00:02] 🌱 Memulai deploy Digital Garden...
Already up to date.
  ✅ Pull selesai
🌱 Membangun Digital Garden...

  📁 catatan/ → 1 artikel
  📁 laporan/ → 7 artikel
  📁 project/ → 1 artikel
  ✅ Sitemap: 13 URLs

✅ Selesai! Total 9 halaman terbit.
   📍 https://muhdanfyan.github.io/catatan/
   📍 https://muhdanfyan.github.io/laporan/
   📍 https://muhdanfyan.github.io/project/
  ✅ Build selesai
[main d7d360f] gardener: auto-build 2026-07-29 19:00
 1 file changed, 20 insertions(+)
  ✅ Push ke GitHub Pages selesai
[2026-07-29 19:00:05] ✅ Selesai!

[2026-07-29 19:30:01] 🌱 Memulai deploy Digital Garden...
Already up to date.
  ✅ Pull selesai
🌱 Membangun Digital Garden...

  📁 catatan/ → 1 artikel
  📁 laporan/ → 7 artikel
  📁 project/ → 1 artikel
  ✅ Sitemap: 13 URLs

✅ Selesai! Total 9 halaman terbit.
   📍 https://muhdanfyan.github.io/catatan/
   📍 https://muhdanfyan.github.io/laporan/
   📍 https://muhdanfyan.github.io/project/
  ✅ Build selesai
[main a723008] gardener: auto-build 2026-07-29 19:30
 1 file changed, 20 insertions(+)
  ✅ Push ke GitHub Pages selesai
[2026-07-29 19:30:05] ✅ Selesai!

[2026-07-29 20:00:01] 🌱 Memulai deploy Digital Garden...
Already up to date.
  ✅ Pull selesai
🌱 Membangun Digital Garden...

  📁 catatan/ → 1 artikel
  📁 laporan/ → 7 artikel
  📁 project/ → 1 artikel
  ✅ Sitemap: 13 URLs

✅ Selesai! Total 9 halaman terbit.
   📍 https://muhdanfyan.github.io/catatan/
   📍 https://muhdanfyan.github.io/laporan/
   📍 https://muhdanfyan.github.io/project/
  ✅ Build selesai
[main 465f288] gardener: auto-build 2026-07-29 20:00
 1 file changed, 20 insertions(+)
  ✅ Push ke GitHub Pages selesai
[2026-07-29 20:00:07] ✅ Selesai!

[2026-07-29 20:30:01] 🌱 Memulai deploy Digital Garden...
Already up to date.
  ✅ Pull selesai
🌱 Membangun Digital Garden...

  📁 catatan/ → 1 artikel
  📁 laporan/ → 7 artikel
  📁 project/ → 1 artikel
  ✅ Sitemap: 13 URLs

✅ Selesai! Total 9 halaman terbit.
   📍 https://muhdanfyan.github.io/catatan/
   📍 https://muhdanfyan.github.io/laporan/
   📍 https://muhdanfyan.github.io/project/
  ✅ Build selesai
[main 8242888] gardener: auto-build 2026-07-29 20:30
 1 file changed, 20 insertions(+)
  ✅ Push ke GitHub Pages selesai
[2026-07-29 20:30:06] ✅ Selesai!

[2026-07-29 21:00:01] 🌱 Memulai deploy Digital Garden...
Already up to date.
  ✅ Pull selesai
🌱 Membangun Digital Garden...

  📁 catatan/ → 1 artikel
  📁 laporan/ → 7 artikel
  📁 project/ → 1 artikel
  ✅ Sitemap: 13 URLs

✅ Selesai! Total 9 halaman terbit.
   📍 https://muhdanfyan.github.io/catatan/
   📍 https://muhdanfyan.github.io/laporan/
   📍 https://muhdanfyan.github.io/project/
  ✅ Build selesai
[main 4a03fd5] gardener: auto-build 2026-07-29 21:00
 1 file changed, 20 insertions(+)
  ✅ Push ke GitHub Pages selesai
[2026-07-29 21:00:05] ✅ Selesai!

[2026-07-29 21:30:01] 🌱 Memulai deploy Digital Garden...
Already up to date.
  ✅ Pull selesai
🌱 Membangun Digital Garden...

  📁 catatan/ → 1 artikel
  📁 laporan/ → 7 artikel
  📁 project/ → 1 artikel
  ✅ Sitemap: 13 URLs

✅ Selesai! Total 9 halaman terbit.
   📍 https://muhdanfyan.github.io/catatan/
   📍 https://muhdanfyan.github.io/laporan/
   📍 https://muhdanfyan.github.io/project/
  ✅ Build selesai
[main 56d1469] gardener: auto-build 2026-07-29 21:30
 1 file changed, 20 insertions(+)
  ✅ Push ke GitHub Pages selesai
[2026-07-29 21:30:06] ✅ Selesai!

[2026-07-29 22:00:01] 🌱 Memulai deploy Digital Garden...
Already up to date.
  ✅ Pull selesai
🌱 Membangun Digital Garden...

  📁 catatan/ → 1 artikel
  📁 laporan/ → 7 artikel
  📁 project/ → 1 artikel
  ✅ Sitemap: 13 URLs

✅ Selesai! Total 9 halaman terbit.
   📍 https://muhdanfyan.github.io/catatan/
   📍 https://muhdanfyan.github.io/laporan/
   📍 https://muhdanfyan.github.io/project/
  ✅ Build selesai
[main cd082c0] gardener: auto-build 2026-07-29 22:00
 1 file changed, 20 insertions(+)
  ✅ Push ke GitHub Pages selesai
[2026-07-29 22:00:08] ✅ Selesai!

[2026-07-29 22:30:01] 🌱 Memulai deploy Digital Garden...
Already up to date.
  ✅ Pull selesai
🌱 Membangun Digital Garden...

  📁 catatan/ → 1 artikel
  📁 laporan/ → 7 artikel
  📁 project/ → 1 artikel
  ✅ Sitemap: 13 URLs

✅ Selesai! Total 9 halaman terbit.
   📍 https://muhdanfyan.github.io/catatan/
   📍 https://muhdanfyan.github.io/laporan/
   📍 https://muhdanfyan.github.io/project/
  ✅ Build selesai
[main b10a960] gardener: auto-build 2026-07-29 22:30
 1 file changed, 20 insertions(+)
  ✅ Push ke GitHub Pages selesai
[2026-07-29 22:30:06] ✅ Selesai!

[2026-07-29 23:00:01] 🌱 Memulai deploy Digital Garden...
Already up to date.
  ✅ Pull selesai
🌱 Membangun Digital Garden...

  📁 catatan/ → 1 artikel
  📁 laporan/ → 7 artikel
  📁 project/ → 1 artikel
  ✅ Sitemap: 13 URLs

✅ Selesai! Total 9 halaman terbit.
   📍 https://muhdanfyan.github.io/catatan/
   📍 https://muhdanfyan.github.io/laporan/
   📍 https://muhdanfyan.github.io/project/
  ✅ Build selesai
[main 501fd54] gardener: auto-build 2026-07-29 23:00
 1 file changed, 20 insertions(+)
  ✅ Push ke GitHub Pages selesai
[2026-07-29 23:00:07] ✅ Selesai!

[2026-07-29 23:30:01] 🌱 Memulai deploy Digital Garden...
Already up to date.
  ✅ Pull selesai
🌱 Membangun Digital Garden...

  📁 catatan/ → 1 artikel
  📁 laporan/ → 7 artikel
  📁 project/ → 1 artikel
  ✅ Sitemap: 13 URLs

✅ Selesai! Total 9 halaman terbit.
   📍 https://muhdanfyan.github.io/catatan/
   📍 https://muhdanfyan.github.io/laporan/
   📍 https://muhdanfyan.github.io/project/
  ✅ Build selesai
[main 8d1e9ff] gardener: auto-build 2026-07-29 23:30
 1 file changed, 20 insertions(+)
  ✅ Push ke GitHub Pages selesai
[2026-07-29 23:30:06] ✅ Selesai!

[2026-07-30 00:00:01] 🌱 Memulai deploy Digital Garden...
Already up to date.
  ✅ Pull selesai
🌱 Membangun Digital Garden...

  📁 catatan/ → 1 artikel
  📁 laporan/ → 7 artikel
  📁 project/ → 1 artikel
  ✅ Sitemap: 13 URLs

✅ Selesai! Total 9 halaman terbit.
   📍 https://muhdanfyan.github.io/catatan/
   📍 https://muhdanfyan.github.io/laporan/
   📍 https://muhdanfyan.github.io/project/
  ✅ Build selesai
[main 8d10ed4] gardener: auto-build 2026-07-30 00:00
 1 file changed, 20 insertions(+)
  ✅ Push ke GitHub Pages selesai
[2026-07-30 00:00:06] ✅ Selesai!

[2026-07-30 00:30:01] 🌱 Memulai deploy Digital Garden...
Already up to date.
  ✅ Pull selesai
🌱 Membangun Digital Garden...

  📁 catatan/ → 1 artikel
  📁 laporan/ → 7 artikel
  📁 project/ → 1 artikel
  ✅ Sitemap: 13 URLs

✅ Selesai! Total 9 halaman terbit.
   📍 https://muhdanfyan.github.io/catatan/
   📍 https://muhdanfyan.github.io/laporan/
   📍 https://muhdanfyan.github.io/project/
  ✅ Build selesai
[main 29a3b74] gardener: auto-build 2026-07-30 00:30
 1 file changed, 20 insertions(+)
  ✅ Push ke GitHub Pages selesai
[2026-07-30 00:30:06] ✅ Selesai!

[2026-07-30 01:00:01] 🌱 Memulai deploy Digital Garden...
Already up to date.
  ✅ Pull selesai
🌱 Membangun Digital Garden...

  📁 catatan/ → 1 artikel
  📁 laporan/ → 7 artikel
  📁 project/ → 1 artikel
  ✅ Sitemap: 13 URLs

✅ Selesai! Total 9 halaman terbit.
   📍 https://muhdanfyan.github.io/catatan/
   📍 https://muhdanfyan.github.io/laporan/
   📍 https://muhdanfyan.github.io/project/
  ✅ Build selesai
[main f24ad71] gardener: auto-build 2026-07-30 01:00
 1 file changed, 20 insertions(+)
  ✅ Push ke GitHub Pages selesai
[2026-07-30 01:00:05] ✅ Selesai!

[2026-07-30 01:30:01] 🌱 Memulai deploy Digital Garden...
Already up to date.
  ✅ Pull selesai
🌱 Membangun Digital Garden...

  📁 catatan/ → 1 artikel
  📁 laporan/ → 7 artikel
  📁 project/ → 1 artikel
  ✅ Sitemap: 13 URLs

✅ Selesai! Total 9 halaman terbit.
   📍 https://muhdanfyan.github.io/catatan/
   📍 https://muhdanfyan.github.io/laporan/
   📍 https://muhdanfyan.github.io/project/
  ✅ Build selesai
[main 8845c34] gardener: auto-build 2026-07-30 01:30
 1 file changed, 20 insertions(+)
  ✅ Push ke GitHub Pages selesai
[2026-07-30 01:30:06] ✅ Selesai!

[2026-07-30 02:00:01] 🌱 Memulai deploy Digital Garden...
Already up to date.
  ✅ Pull selesai
🌱 Membangun Digital Garden...

  📁 catatan/ → 1 artikel
  📁 laporan/ → 7 artikel
  📁 project/ → 1 artikel
  ✅ Sitemap: 13 URLs

✅ Selesai! Total 9 halaman terbit.
   📍 https://muhdanfyan.github.io/catatan/
   📍 https://muhdanfyan.github.io/laporan/
   📍 https://muhdanfyan.github.io/project/
  ✅ Build selesai
[main a5f0e48] gardener: auto-build 2026-07-30 02:00
 1 file changed, 20 insertions(+)
  ✅ Push ke GitHub Pages selesai
[2026-07-30 02:00:06] ✅ Selesai!

[2026-07-30 02:30:01] 🌱 Memulai deploy Digital Garden...
Already up to date.
  ✅ Pull selesai
🌱 Membangun Digital Garden...

  📁 catatan/ → 1 artikel
  📁 laporan/ → 7 artikel
  📁 project/ → 1 artikel
  ✅ Sitemap: 13 URLs

✅ Selesai! Total 9 halaman terbit.
   📍 https://muhdanfyan.github.io/catatan/
   📍 https://muhdanfyan.github.io/laporan/
   📍 https://muhdanfyan.github.io/project/
  ✅ Build selesai
[main 18314c3] gardener: auto-build 2026-07-30 02:30
 1 file changed, 20 insertions(+)
  ✅ Push ke GitHub Pages selesai
[2026-07-30 02:30:05] ✅ Selesai!

[2026-07-30 03:00:01] 🌱 Memulai deploy Digital Garden...
Already up to date.
  ✅ Pull selesai
🌱 Membangun Digital Garden...

  📁 catatan/ → 1 artikel
  📁 laporan/ → 7 artikel
  📁 project/ → 1 artikel
  ✅ Sitemap: 13 URLs

✅ Selesai! Total 9 halaman terbit.
   📍 https://muhdanfyan.github.io/catatan/
   📍 https://muhdanfyan.github.io/laporan/
   📍 https://muhdanfyan.github.io/project/
  ✅ Build selesai
[main bcbb9ea] gardener: auto-build 2026-07-30 03:00
 1 file changed, 20 insertions(+)
  ✅ Push ke GitHub Pages selesai
[2026-07-30 03:00:05] ✅ Selesai!

[2026-07-30 03:30:01] 🌱 Memulai deploy Digital Garden...
Already up to date.
  ✅ Pull selesai
🌱 Membangun Digital Garden...

  📁 catatan/ → 1 artikel
  📁 laporan/ → 7 artikel
  📁 project/ → 1 artikel
  ✅ Sitemap: 13 URLs

✅ Selesai! Total 9 halaman terbit.
   📍 https://muhdanfyan.github.io/catatan/
   📍 https://muhdanfyan.github.io/laporan/
   📍 https://muhdanfyan.github.io/project/
  ✅ Build selesai
[main 66a98ba] gardener: auto-build 2026-07-30 03:30
 1 file changed, 20 insertions(+)
  ✅ Push ke GitHub Pages selesai
[2026-07-30 03:30:04] ✅ Selesai!

[2026-07-30 04:00:01] 🌱 Memulai deploy Digital Garden...
Already up to date.
  ✅ Pull selesai
🌱 Membangun Digital Garden...

  📁 catatan/ → 1 artikel
  📁 laporan/ → 7 artikel
  📁 project/ → 1 artikel
  ✅ Sitemap: 13 URLs

✅ Selesai! Total 9 halaman terbit.
   📍 https://muhdanfyan.github.io/catatan/
   📍 https://muhdanfyan.github.io/laporan/
   📍 https://muhdanfyan.github.io/project/
  ✅ Build selesai
[main 8542202] gardener: auto-build 2026-07-30 04:00
 1 file changed, 20 insertions(+)
  ✅ Push ke GitHub Pages selesai
[2026-07-30 04:00:05] ✅ Selesai!

[2026-07-30 04:30:01] 🌱 Memulai deploy Digital Garden...
Already up to date.
  ✅ Pull selesai
🌱 Membangun Digital Garden...

  📁 catatan/ → 1 artikel
  📁 laporan/ → 7 artikel
  📁 project/ → 1 artikel
  ✅ Sitemap: 13 URLs

✅ Selesai! Total 9 halaman terbit.
   📍 https://muhdanfyan.github.io/catatan/
   📍 https://muhdanfyan.github.io/laporan/
   📍 https://muhdanfyan.github.io/project/
  ✅ Build selesai
[main 37dfc3f] gardener: auto-build 2026-07-30 04:30
 1 file changed, 20 insertions(+)
  ✅ Push ke GitHub Pages selesai
[2026-07-30 04:30:04] ✅ Selesai!

[2026-07-30 05:00:01] 🌱 Memulai deploy Digital Garden...
Already up to date.
  ✅ Pull selesai
🌱 Membangun Digital Garden...

  📁 catatan/ → 1 artikel
  📁 laporan/ → 7 artikel
  📁 project/ → 1 artikel
  ✅ Sitemap: 13 URLs

✅ Selesai! Total 9 halaman terbit.
   📍 https://muhdanfyan.github.io/catatan/
   📍 https://muhdanfyan.github.io/laporan/
   📍 https://muhdanfyan.github.io/project/
  ✅ Build selesai
[main d7bad13] gardener: auto-build 2026-07-30 05:00
 1 file changed, 20 insertions(+)
  ✅ Push ke GitHub Pages selesai
[2026-07-30 05:00:05] ✅ Selesai!

[2026-07-30 05:30:01] 🌱 Memulai deploy Digital Garden...
Already up to date.
  ✅ Pull selesai
🌱 Membangun Digital Garden...

  📁 catatan/ → 1 artikel
  📁 laporan/ → 7 artikel
  📁 project/ → 1 artikel
  ✅ Sitemap: 13 URLs

✅ Selesai! Total 9 halaman terbit.
   📍 https://muhdanfyan.github.io/catatan/
   📍 https://muhdanfyan.github.io/laporan/
   📍 https://muhdanfyan.github.io/project/
  ✅ Build selesai
[main c208252] gardener: auto-build 2026-07-30 05:30
 1 file changed, 20 insertions(+)
  ✅ Push ke GitHub Pages selesai
[2026-07-30 05:30:04] ✅ Selesai!

[2026-07-30 06:00:01] 🌱 Memulai deploy Digital Garden...
Already up to date.
  ✅ Pull selesai
🌱 Membangun Digital Garden...

  📁 catatan/ → 1 artikel
  📁 laporan/ → 7 artikel
  📁 project/ → 1 artikel
  ✅ Sitemap: 13 URLs

✅ Selesai! Total 9 halaman terbit.
   📍 https://muhdanfyan.github.io/catatan/
   📍 https://muhdanfyan.github.io/laporan/
   📍 https://muhdanfyan.github.io/project/
  ✅ Build selesai
[main f81648c] gardener: auto-build 2026-07-30 06:00
 1 file changed, 20 insertions(+)
  ✅ Push ke GitHub Pages selesai
[2026-07-30 06:00:05] ✅ Selesai!

[2026-07-30 06:30:01] 🌱 Memulai deploy Digital Garden...
Already up to date.
  ✅ Pull selesai
🌱 Membangun Digital Garden...

  📁 catatan/ → 1 artikel
  📁 laporan/ → 7 artikel
  📁 project/ → 1 artikel
  ✅ Sitemap: 13 URLs

✅ Selesai! Total 9 halaman terbit.
   📍 https://muhdanfyan.github.io/catatan/
   📍 https://muhdanfyan.github.io/laporan/
   📍 https://muhdanfyan.github.io/project/
  ✅ Build selesai
[main 0200610] gardener: auto-build 2026-07-30 06:30
 1 file changed, 20 insertions(+)
  ✅ Push ke GitHub Pages selesai
[2026-07-30 06:30:05] ✅ Selesai!

[2026-07-30 07:00:01] 🌱 Memulai deploy Digital Garden...
Already up to date.
  ✅ Pull selesai
🌱 Membangun Digital Garden...

  📁 catatan/ → 1 artikel
  📁 laporan/ → 7 artikel
  📁 project/ → 1 artikel
  ✅ Sitemap: 13 URLs

✅ Selesai! Total 9 halaman terbit.
   📍 https://muhdanfyan.github.io/catatan/
   📍 https://muhdanfyan.github.io/laporan/
   📍 https://muhdanfyan.github.io/project/
  ✅ Build selesai
[main d3e5a9b] gardener: auto-build 2026-07-30 07:00
 1 file changed, 20 insertions(+)
  ✅ Push ke GitHub Pages selesai
[2026-07-30 07:00:04] ✅ Selesai!

[2026-07-30 07:30:01] 🌱 Memulai deploy Digital Garden...
Already up to date.
  ✅ Pull selesai
🌱 Membangun Digital Garden...

  📁 catatan/ → 1 artikel
  📁 laporan/ → 7 artikel
  📁 project/ → 1 artikel
  ✅ Sitemap: 13 URLs

✅ Selesai! Total 9 halaman terbit.
   📍 https://muhdanfyan.github.io/catatan/
   📍 https://muhdanfyan.github.io/laporan/
   📍 https://muhdanfyan.github.io/project/
  ✅ Build selesai
[main 6db1950] gardener: auto-build 2026-07-30 07:30
 1 file changed, 20 insertions(+)
  ✅ Push ke GitHub Pages selesai
[2026-07-30 07:30:04] ✅ Selesai!

[2026-07-30 08:00:01] 🌱 Memulai deploy Digital Garden...
Already up to date.
  ✅ Pull selesai
🌱 Membangun Digital Garden...

  📁 catatan/ → 1 artikel
  📁 laporan/ → 7 artikel
  📁 project/ → 1 artikel
  ✅ Sitemap: 13 URLs

✅ Selesai! Total 9 halaman terbit.
   📍 https://muhdanfyan.github.io/catatan/
   📍 https://muhdanfyan.github.io/laporan/
   📍 https://muhdanfyan.github.io/project/
  ✅ Build selesai
[main a3a2844] gardener: auto-build 2026-07-30 08:00
 1 file changed, 20 insertions(+)
  ✅ Push ke GitHub Pages selesai
[2026-07-30 08:00:06] ✅ Selesai!

[2026-07-30 08:30:01] 🌱 Memulai deploy Digital Garden...
Already up to date.
  ✅ Pull selesai
🌱 Membangun Digital Garden...

  📁 catatan/ → 1 artikel
  📁 laporan/ → 7 artikel
  📁 project/ → 1 artikel
  ✅ Sitemap: 13 URLs

✅ Selesai! Total 9 halaman terbit.
   📍 https://muhdanfyan.github.io/catatan/
   📍 https://muhdanfyan.github.io/laporan/
   📍 https://muhdanfyan.github.io/project/
  ✅ Build selesai
[main ae4f0f7] gardener: auto-build 2026-07-30 08:30
 1 file changed, 20 insertions(+)
  ✅ Push ke GitHub Pages selesai
[2026-07-30 08:30:05] ✅ Selesai!

[2026-07-30 09:00:01] 🌱 Memulai deploy Digital Garden...
Already up to date.
  ✅ Pull selesai
🌱 Membangun Digital Garden...

  📁 catatan/ → 1 artikel
  📁 laporan/ → 7 artikel
  📁 project/ → 1 artikel
  ✅ Sitemap: 13 URLs

✅ Selesai! Total 9 halaman terbit.
   📍 https://muhdanfyan.github.io/catatan/
   📍 https://muhdanfyan.github.io/laporan/
   📍 https://muhdanfyan.github.io/project/
  ✅ Build selesai
[main 6323f7d] gardener: auto-build 2026-07-30 09:00
 1 file changed, 20 insertions(+)
  ✅ Push ke GitHub Pages selesai
[2026-07-30 09:00:06] ✅ Selesai!

[2026-07-30 09:30:01] 🌱 Memulai deploy Digital Garden...
Already up to date.
  ✅ Pull selesai
🌱 Membangun Digital Garden...

  📁 catatan/ → 1 artikel
  📁 laporan/ → 7 artikel
  📁 project/ → 1 artikel
  ✅ Sitemap: 13 URLs

✅ Selesai! Total 9 halaman terbit.
   📍 https://muhdanfyan.github.io/catatan/
   📍 https://muhdanfyan.github.io/laporan/
   📍 https://muhdanfyan.github.io/project/
  ✅ Build selesai
[main f587c26] gardener: auto-build 2026-07-30 09:30
 1 file changed, 20 insertions(+)
  ✅ Push ke GitHub Pages selesai
[2026-07-30 09:30:05] ✅ Selesai!

[2026-07-30 10:00:01] 🌱 Memulai deploy Digital Garden...
Already up to date.
  ✅ Pull selesai
🌱 Membangun Digital Garden...

  📁 catatan/ → 1 artikel
  📁 laporan/ → 7 artikel
  📁 project/ → 1 artikel
  ✅ Sitemap: 13 URLs

✅ Selesai! Total 9 halaman terbit.
   📍 https://muhdanfyan.github.io/catatan/
   📍 https://muhdanfyan.github.io/laporan/
   📍 https://muhdanfyan.github.io/project/
  ✅ Build selesai
[main 96968e3] gardener: auto-build 2026-07-30 10:00
 1 file changed, 20 insertions(+)
  ✅ Push ke GitHub Pages selesai
[2026-07-30 10:00:04] ✅ Selesai!

[2026-07-30 10:30:01] 🌱 Memulai deploy Digital Garden...
Already up to date.
  ✅ Pull selesai
🌱 Membangun Digital Garden...

  📁 catatan/ → 1 artikel
  📁 laporan/ → 7 artikel
  📁 project/ → 1 artikel
  ✅ Sitemap: 13 URLs

✅ Selesai! Total 9 halaman terbit.
   📍 https://muhdanfyan.github.io/catatan/
   📍 https://muhdanfyan.github.io/laporan/
   📍 https://muhdanfyan.github.io/project/
  ✅ Build selesai
[main ee368ed] gardener: auto-build 2026-07-30 10:30
 1 file changed, 20 insertions(+)
  ✅ Push ke GitHub Pages selesai
[2026-07-30 10:30:05] ✅ Selesai!

[2026-07-30 11:00:01] 🌱 Memulai deploy Digital Garden...
Already up to date.
  ✅ Pull selesai
🌱 Membangun Digital Garden...

  📁 catatan/ → 1 artikel
  📁 laporan/ → 7 artikel
  📁 project/ → 1 artikel
  ✅ Sitemap: 13 URLs

✅ Selesai! Total 9 halaman terbit.
   📍 https://muhdanfyan.github.io/catatan/
   📍 https://muhdanfyan.github.io/laporan/
   📍 https://muhdanfyan.github.io/project/
  ✅ Build selesai
[main c62ec3f] gardener: auto-build 2026-07-30 11:00
 1 file changed, 20 insertions(+)
  ✅ Push ke GitHub Pages selesai
[2026-07-30 11:00:05] ✅ Selesai!

[2026-07-30 11:30:01] 🌱 Memulai deploy Digital Garden...
Already up to date.
  ✅ Pull selesai
🌱 Membangun Digital Garden...

  📁 catatan/ → 1 artikel
  📁 laporan/ → 7 artikel
  📁 project/ → 1 artikel
  ✅ Sitemap: 13 URLs

✅ Selesai! Total 9 halaman terbit.
   📍 https://muhdanfyan.github.io/catatan/
   📍 https://muhdanfyan.github.io/laporan/
   📍 https://muhdanfyan.github.io/project/
  ✅ Build selesai
[main 30793ea] gardener: auto-build 2026-07-30 11:30
 1 file changed, 20 insertions(+)
  ✅ Push ke GitHub Pages selesai
[2026-07-30 11:30:05] ✅ Selesai!

[2026-07-30 12:00:01] 🌱 Memulai deploy Digital Garden...
Already up to date.
  ✅ Pull selesai
🌱 Membangun Digital Garden...

  📁 catatan/ → 1 artikel
  📁 laporan/ → 7 artikel
  📁 project/ → 1 artikel
  ✅ Sitemap: 13 URLs

✅ Selesai! Total 9 halaman terbit.
   📍 https://muhdanfyan.github.io/catatan/
   📍 https://muhdanfyan.github.io/laporan/
   📍 https://muhdanfyan.github.io/project/
  ✅ Build selesai
[main 1f623b1] gardener: auto-build 2026-07-30 12:00
 1 file changed, 20 insertions(+)
  ✅ Push ke GitHub Pages selesai
[2026-07-30 12:00:04] ✅ Selesai!

[2026-07-30 12:30:01] 🌱 Memulai deploy Digital Garden...
Already up to date.
  ✅ Pull selesai
🌱 Membangun Digital Garden...

  📁 catatan/ → 1 artikel
  📁 laporan/ → 7 artikel
  📁 project/ → 1 artikel
  ✅ Sitemap: 13 URLs

✅ Selesai! Total 9 halaman terbit.
   📍 https://muhdanfyan.github.io/catatan/
   📍 https://muhdanfyan.github.io/laporan/
   📍 https://muhdanfyan.github.io/project/
  ✅ Build selesai
[main 8a2168c] gardener: auto-build 2026-07-30 12:30
 1 file changed, 20 insertions(+)
  ✅ Push ke GitHub Pages selesai
[2026-07-30 12:30:04] ✅ Selesai!

[2026-07-30 13:00:01] 🌱 Memulai deploy Digital Garden...
Already up to date.
  ✅ Pull selesai
🌱 Membangun Digital Garden...

  📁 catatan/ → 1 artikel
  📁 laporan/ → 7 artikel
  📁 project/ → 1 artikel
  ✅ Sitemap: 13 URLs

✅ Selesai! Total 9 halaman terbit.
   📍 https://muhdanfyan.github.io/catatan/
   📍 https://muhdanfyan.github.io/laporan/
   📍 https://muhdanfyan.github.io/project/
  ✅ Build selesai
[main 2ef7646] gardener: auto-build 2026-07-30 13:00
 1 file changed, 20 insertions(+)
  ✅ Push ke GitHub Pages selesai
[2026-07-30 13:00:04] ✅ Selesai!

[2026-07-30 13:30:01] 🌱 Memulai deploy Digital Garden...
Already up to date.
  ✅ Pull selesai
🌱 Membangun Digital Garden...

  📁 catatan/ → 1 artikel
  📁 laporan/ → 7 artikel
  📁 project/ → 1 artikel
  ✅ Sitemap: 13 URLs

✅ Selesai! Total 9 halaman terbit.
   📍 https://muhdanfyan.github.io/catatan/
   📍 https://muhdanfyan.github.io/laporan/
   📍 https://muhdanfyan.github.io/project/
  ✅ Build selesai
[main 1e1e0d0] gardener: auto-build 2026-07-30 13:30
 1 file changed, 20 insertions(+)
  ✅ Push ke GitHub Pages selesai
[2026-07-30 13:30:05] ✅ Selesai!

[2026-07-30 14:00:01] 🌱 Memulai deploy Digital Garden...
Already up to date.
  ✅ Pull selesai
🌱 Membangun Digital Garden...

  📁 catatan/ → 1 artikel
  📁 laporan/ → 7 artikel
  📁 project/ → 1 artikel
  ✅ Sitemap: 13 URLs

✅ Selesai! Total 9 halaman terbit.
   📍 https://muhdanfyan.github.io/catatan/
   📍 https://muhdanfyan.github.io/laporan/
   📍 https://muhdanfyan.github.io/project/
  ✅ Build selesai
[main 5f6a572] gardener: auto-build 2026-07-30 14:00
 1 file changed, 20 insertions(+)
  ✅ Push ke GitHub Pages selesai
[2026-07-30 14:00:04] ✅ Selesai!

[2026-07-30 14:30:01] 🌱 Memulai deploy Digital Garden...
Already up to date.
  ✅ Pull selesai
🌱 Membangun Digital Garden...

  📁 catatan/ → 1 artikel
  📁 laporan/ → 7 artikel
  📁 project/ → 1 artikel
  ✅ Sitemap: 13 URLs

✅ Selesai! Total 9 halaman terbit.
   📍 https://muhdanfyan.github.io/catatan/
   📍 https://muhdanfyan.github.io/laporan/
   📍 https://muhdanfyan.github.io/project/
  ✅ Build selesai
[main 1c1898c] gardener: auto-build 2026-07-30 14:30
 1 file changed, 20 insertions(+)
  ✅ Push ke GitHub Pages selesai
[2026-07-30 14:30:04] ✅ Selesai!

[2026-07-30 15:00:01] 🌱 Memulai deploy Digital Garden...
Already up to date.
  ✅ Pull selesai
🌱 Membangun Digital Garden...

  📁 catatan/ → 1 artikel
  📁 laporan/ → 7 artikel
  📁 project/ → 1 artikel
  ✅ Sitemap: 13 URLs

✅ Selesai! Total 9 halaman terbit.
   📍 https://muhdanfyan.github.io/catatan/
   📍 https://muhdanfyan.github.io/laporan/
   📍 https://muhdanfyan.github.io/project/
  ✅ Build selesai
[main c31666e] gardener: auto-build 2026-07-30 15:00
 1 file changed, 20 insertions(+)
  ✅ Push ke GitHub Pages selesai
[2026-07-30 15:00:05] ✅ Selesai!

[2026-07-30 15:30:01] 🌱 Memulai deploy Digital Garden...
Already up to date.
  ✅ Pull selesai
🌱 Membangun Digital Garden...

  📁 catatan/ → 1 artikel
  📁 laporan/ → 7 artikel
  📁 project/ → 1 artikel
  ✅ Sitemap: 13 URLs

✅ Selesai! Total 9 halaman terbit.
   📍 https://muhdanfyan.github.io/catatan/
   📍 https://muhdanfyan.github.io/laporan/
   📍 https://muhdanfyan.github.io/project/
  ✅ Build selesai
[main 8761744] gardener: auto-build 2026-07-30 15:30
 1 file changed, 20 insertions(+)
  ✅ Push ke GitHub Pages selesai
[2026-07-30 15:30:06] ✅ Selesai!

[2026-07-30 16:00:01] 🌱 Memulai deploy Digital Garden...
Already up to date.
  ✅ Pull selesai
🌱 Membangun Digital Garden...

  📁 catatan/ → 1 artikel
  📁 laporan/ → 7 artikel
  📁 project/ → 1 artikel
  ✅ Sitemap: 13 URLs

✅ Selesai! Total 9 halaman terbit.
   📍 https://muhdanfyan.github.io/catatan/
   📍 https://muhdanfyan.github.io/laporan/
   📍 https://muhdanfyan.github.io/project/
  ✅ Build selesai
[main 96e193b] gardener: auto-build 2026-07-30 16:00
 1 file changed, 20 insertions(+)
  ✅ Push ke GitHub Pages selesai
[2026-07-30 16:00:05] ✅ Selesai!

[2026-07-30 16:30:01] 🌱 Memulai deploy Digital Garden...
Already up to date.
  ✅ Pull selesai
🌱 Membangun Digital Garden...

  📁 catatan/ → 1 artikel
  📁 laporan/ → 7 artikel
  📁 project/ → 1 artikel
  ✅ Sitemap: 13 URLs

✅ Selesai! Total 9 halaman terbit.
   📍 https://muhdanfyan.github.io/catatan/
   📍 https://muhdanfyan.github.io/laporan/
   📍 https://muhdanfyan.github.io/project/
  ✅ Build selesai
[main 9bac489] gardener: auto-build 2026-07-30 16:30
 1 file changed, 20 insertions(+)
  ✅ Push ke GitHub Pages selesai
[2026-07-30 16:30:06] ✅ Selesai!

[2026-07-30 17:00:01] 🌱 Memulai deploy Digital Garden...
Already up to date.
  ✅ Pull selesai
🌱 Membangun Digital Garden...

  📁 catatan/ → 1 artikel
  📁 laporan/ → 7 artikel
  📁 project/ → 1 artikel
  ✅ Sitemap: 13 URLs

✅ Selesai! Total 9 halaman terbit.
   📍 https://muhdanfyan.github.io/catatan/
   📍 https://muhdanfyan.github.io/laporan/
   📍 https://muhdanfyan.github.io/project/
  ✅ Build selesai
[main 5586161] gardener: auto-build 2026-07-30 17:00
 1 file changed, 20 insertions(+)
  ✅ Push ke GitHub Pages selesai
[2026-07-30 17:00:05] ✅ Selesai!

[2026-07-30 17:30:01] 🌱 Memulai deploy Digital Garden...
Already up to date.
  ✅ Pull selesai
🌱 Membangun Digital Garden...

  📁 catatan/ → 1 artikel
  📁 laporan/ → 7 artikel
  📁 project/ → 1 artikel
  ✅ Sitemap: 13 URLs

✅ Selesai! Total 9 halaman terbit.
   📍 https://muhdanfyan.github.io/catatan/
   📍 https://muhdanfyan.github.io/laporan/
   📍 https://muhdanfyan.github.io/project/
  ✅ Build selesai
[main 2640f25] gardener: auto-build 2026-07-30 17:30
 1 file changed, 20 insertions(+)
  ✅ Push ke GitHub Pages selesai
[2026-07-30 17:30:04] ✅ Selesai!

[2026-07-30 18:00:01] 🌱 Memulai deploy Digital Garden...
Already up to date.
  ✅ Pull selesai
🌱 Membangun Digital Garden...

  📁 catatan/ → 1 artikel
  📁 laporan/ → 7 artikel
  📁 project/ → 1 artikel
  ✅ Sitemap: 13 URLs

✅ Selesai! Total 9 halaman terbit.
   📍 https://muhdanfyan.github.io/catatan/
   📍 https://muhdanfyan.github.io/laporan/
   📍 https://muhdanfyan.github.io/project/
  ✅ Build selesai
[main c567768] gardener: auto-build 2026-07-30 18:00
 1 file changed, 20 insertions(+)
  ✅ Push ke GitHub Pages selesai
[2026-07-30 18:00:05] ✅ Selesai!

[2026-07-30 18:30:01] 🌱 Memulai deploy Digital Garden...
Already up to date.
  ✅ Pull selesai
🌱 Membangun Digital Garden...

  📁 catatan/ → 1 artikel
  📁 laporan/ → 7 artikel
  📁 project/ → 1 artikel
  ✅ Sitemap: 13 URLs

✅ Selesai! Total 9 halaman terbit.
   📍 https://muhdanfyan.github.io/catatan/
   📍 https://muhdanfyan.github.io/laporan/
   📍 https://muhdanfyan.github.io/project/
  ✅ Build selesai
[main edb72d1] gardener: auto-build 2026-07-30 18:30
 1 file changed, 20 insertions(+)
  ✅ Push ke GitHub Pages selesai
[2026-07-30 18:30:07] ✅ Selesai!

[2026-07-30 19:00:01] 🌱 Memulai deploy Digital Garden...
Already up to date.
  ✅ Pull selesai
🌱 Membangun Digital Garden...

  📁 catatan/ → 1 artikel
  📁 laporan/ → 7 artikel
  📁 project/ → 1 artikel
  ✅ Sitemap: 13 URLs

✅ Selesai! Total 9 halaman terbit.
   📍 https://muhdanfyan.github.io/catatan/
   📍 https://muhdanfyan.github.io/laporan/
   📍 https://muhdanfyan.github.io/project/
  ✅ Build selesai
[main a28c930] gardener: auto-build 2026-07-30 19:00
 1 file changed, 20 insertions(+)
  ✅ Push ke GitHub Pages selesai
[2026-07-30 19:00:08] ✅ Selesai!

[2026-07-30 19:30:01] 🌱 Memulai deploy Digital Garden...
Already up to date.
  ✅ Pull selesai
🌱 Membangun Digital Garden...

  📁 catatan/ → 1 artikel
  📁 laporan/ → 7 artikel
  📁 project/ → 1 artikel
  ✅ Sitemap: 13 URLs

✅ Selesai! Total 9 halaman terbit.
   📍 https://muhdanfyan.github.io/catatan/
   📍 https://muhdanfyan.github.io/laporan/
   📍 https://muhdanfyan.github.io/project/
  ✅ Build selesai
[main 30d8773] gardener: auto-build 2026-07-30 19:30
 1 file changed, 20 insertions(+)
  ✅ Push ke GitHub Pages selesai
[2026-07-30 19:30:06] ✅ Selesai!

[2026-07-30 20:00:01] 🌱 Memulai deploy Digital Garden...
Already up to date.
  ✅ Pull selesai
🌱 Membangun Digital Garden...

  📁 catatan/ → 1 artikel
  📁 laporan/ → 7 artikel
  📁 project/ → 1 artikel
  ✅ Sitemap: 13 URLs

✅ Selesai! Total 9 halaman terbit.
   📍 https://muhdanfyan.github.io/catatan/
   📍 https://muhdanfyan.github.io/laporan/
   📍 https://muhdanfyan.github.io/project/
  ✅ Build selesai
[main 005ade4] gardener: auto-build 2026-07-30 20:00
 1 file changed, 20 insertions(+)
  ✅ Push ke GitHub Pages selesai
[2026-07-30 20:00:07] ✅ Selesai!

[2026-07-30 20:30:01] 🌱 Memulai deploy Digital Garden...
Already up to date.
  ✅ Pull selesai
🌱 Membangun Digital Garden...

  📁 catatan/ → 1 artikel
  📁 laporan/ → 7 artikel
  📁 project/ → 1 artikel
  ✅ Sitemap: 13 URLs

✅ Selesai! Total 9 halaman terbit.
   📍 https://muhdanfyan.github.io/catatan/
   📍 https://muhdanfyan.github.io/laporan/
   📍 https://muhdanfyan.github.io/project/
  ✅ Build selesai
[main 6d0ccc1] gardener: auto-build 2026-07-30 20:30
 1 file changed, 20 insertions(+)
  ✅ Push ke GitHub Pages selesai
[2026-07-30 20:30:07] ✅ Selesai!

[2026-07-30 21:00:01] 🌱 Memulai deploy Digital Garden...
Already up to date.
  ✅ Pull selesai
🌱 Membangun Digital Garden...

  📁 catatan/ → 1 artikel
  📁 laporan/ → 7 artikel
  📁 project/ → 1 artikel
  ✅ Sitemap: 13 URLs

✅ Selesai! Total 9 halaman terbit.
   📍 https://muhdanfyan.github.io/catatan/
   📍 https://muhdanfyan.github.io/laporan/
   📍 https://muhdanfyan.github.io/project/
  ✅ Build selesai
[main 41dd202] gardener: auto-build 2026-07-30 21:00
 1 file changed, 20 insertions(+)
  ✅ Push ke GitHub Pages selesai
[2026-07-30 21:00:07] ✅ Selesai!

[2026-07-30 21:30:01] 🌱 Memulai deploy Digital Garden...
Already up to date.
  ✅ Pull selesai
🌱 Membangun Digital Garden...

  📁 catatan/ → 1 artikel
  📁 laporan/ → 7 artikel
  📁 project/ → 1 artikel
  ✅ Sitemap: 13 URLs

✅ Selesai! Total 9 halaman terbit.
   📍 https://muhdanfyan.github.io/catatan/
   📍 https://muhdanfyan.github.io/laporan/
   📍 https://muhdanfyan.github.io/project/
  ✅ Build selesai
[main de048eb] gardener: auto-build 2026-07-30 21:30
 1 file changed, 20 insertions(+)
  ✅ Push ke GitHub Pages selesai
[2026-07-30 21:30:06] ✅ Selesai!

[2026-07-30 22:00:01] 🌱 Memulai deploy Digital Garden...
Already up to date.
  ✅ Pull selesai
🌱 Membangun Digital Garden...

  📁 catatan/ → 1 artikel
  📁 laporan/ → 7 artikel
  📁 project/ → 1 artikel
  ✅ Sitemap: 13 URLs

✅ Selesai! Total 9 halaman terbit.
   📍 https://muhdanfyan.github.io/catatan/
   📍 https://muhdanfyan.github.io/laporan/
   📍 https://muhdanfyan.github.io/project/
  ✅ Build selesai
[main 7456468] gardener: auto-build 2026-07-30 22:00
 1 file changed, 20 insertions(+)
  ✅ Push ke GitHub Pages selesai
[2026-07-30 22:00:05] ✅ Selesai!

[2026-07-30 22:30:01] 🌱 Memulai deploy Digital Garden...
Already up to date.
  ✅ Pull selesai
🌱 Membangun Digital Garden...

  📁 catatan/ → 1 artikel
  📁 laporan/ → 7 artikel
  📁 project/ → 1 artikel
  ✅ Sitemap: 13 URLs

✅ Selesai! Total 9 halaman terbit.
   📍 https://muhdanfyan.github.io/catatan/
   📍 https://muhdanfyan.github.io/laporan/
   📍 https://muhdanfyan.github.io/project/
  ✅ Build selesai
[main b78859e] gardener: auto-build 2026-07-30 22:30
 1 file changed, 20 insertions(+)
  ✅ Push ke GitHub Pages selesai
[2026-07-30 22:30:04] ✅ Selesai!

[2026-07-30 23:00:01] 🌱 Memulai deploy Digital Garden...
Already up to date.
  ✅ Pull selesai
🌱 Membangun Digital Garden...

  📁 catatan/ → 1 artikel
  📁 laporan/ → 7 artikel
  📁 project/ → 1 artikel
  ✅ Sitemap: 13 URLs

✅ Selesai! Total 9 halaman terbit.
   📍 https://muhdanfyan.github.io/catatan/
   📍 https://muhdanfyan.github.io/laporan/
   📍 https://muhdanfyan.github.io/project/
  ✅ Build selesai
[main ea528d1] gardener: auto-build 2026-07-30 23:00
 1 file changed, 20 insertions(+)
  ✅ Push ke GitHub Pages selesai
[2026-07-30 23:00:08] ✅ Selesai!

[2026-07-30 23:30:01] 🌱 Memulai deploy Digital Garden...
Already up to date.
  ✅ Pull selesai
🌱 Membangun Digital Garden...

  📁 catatan/ → 1 artikel
  📁 laporan/ → 7 artikel
  📁 project/ → 1 artikel
  ✅ Sitemap: 13 URLs

✅ Selesai! Total 9 halaman terbit.
   📍 https://muhdanfyan.github.io/catatan/
   📍 https://muhdanfyan.github.io/laporan/
   📍 https://muhdanfyan.github.io/project/
  ✅ Build selesai
[main ba58656] gardener: auto-build 2026-07-30 23:30
 1 file changed, 20 insertions(+)
  ✅ Push ke GitHub Pages selesai
[2026-07-30 23:30:04] ✅ Selesai!

[2026-07-31 00:00:01] 🌱 Memulai deploy Digital Garden...
Already up to date.
  ✅ Pull selesai
🌱 Membangun Digital Garden...

  📁 catatan/ → 1 artikel
  📁 laporan/ → 7 artikel
  📁 project/ → 1 artikel
  ✅ Sitemap: 13 URLs

✅ Selesai! Total 9 halaman terbit.
   📍 https://muhdanfyan.github.io/catatan/
   📍 https://muhdanfyan.github.io/laporan/
   📍 https://muhdanfyan.github.io/project/
  ✅ Build selesai
[main d77791f] gardener: auto-build 2026-07-31 00:00
 1 file changed, 20 insertions(+)
  ✅ Push ke GitHub Pages selesai
[2026-07-31 00:00:08] ✅ Selesai!

[2026-07-31 00:30:01] 🌱 Memulai deploy Digital Garden...
Already up to date.
  ✅ Pull selesai
🌱 Membangun Digital Garden...

  📁 catatan/ → 1 artikel
  📁 laporan/ → 7 artikel
  📁 project/ → 1 artikel
  ✅ Sitemap: 13 URLs

✅ Selesai! Total 9 halaman terbit.
   📍 https://muhdanfyan.github.io/catatan/
   📍 https://muhdanfyan.github.io/laporan/
   📍 https://muhdanfyan.github.io/project/
  ✅ Build selesai
[main f1dff8d] gardener: auto-build 2026-07-31 00:30
 1 file changed, 20 insertions(+)
  ✅ Push ke GitHub Pages selesai
[2026-07-31 00:30:04] ✅ Selesai!

[2026-07-31 01:00:01] 🌱 Memulai deploy Digital Garden...
Already up to date.
  ✅ Pull selesai
🌱 Membangun Digital Garden...

  📁 catatan/ → 1 artikel
  📁 laporan/ → 7 artikel
  📁 project/ → 1 artikel
  ✅ Sitemap: 13 URLs

✅ Selesai! Total 9 halaman terbit.
   📍 https://muhdanfyan.github.io/catatan/
   📍 https://muhdanfyan.github.io/laporan/
   📍 https://muhdanfyan.github.io/project/
  ✅ Build selesai
[main 3d0100d] gardener: auto-build 2026-07-31 01:00
 1 file changed, 20 insertions(+)
  ✅ Push ke GitHub Pages selesai
[2026-07-31 01:00:07] ✅ Selesai!

[2026-07-31 01:30:01] 🌱 Memulai deploy Digital Garden...
Already up to date.
  ✅ Pull selesai
🌱 Membangun Digital Garden...

  📁 catatan/ → 1 artikel
  📁 laporan/ → 7 artikel
  📁 project/ → 1 artikel
  ✅ Sitemap: 13 URLs

✅ Selesai! Total 9 halaman terbit.
   📍 https://muhdanfyan.github.io/catatan/
   📍 https://muhdanfyan.github.io/laporan/
   📍 https://muhdanfyan.github.io/project/
  ✅ Build selesai
[main ecd5207] gardener: auto-build 2026-07-31 01:30
 1 file changed, 20 insertions(+)
  ✅ Push ke GitHub Pages selesai
[2026-07-31 01:30:06] ✅ Selesai!

[2026-07-31 02:00:01] 🌱 Memulai deploy Digital Garden...
Already up to date.
  ✅ Pull selesai
🌱 Membangun Digital Garden...

  📁 catatan/ → 1 artikel
  📁 laporan/ → 7 artikel
  📁 project/ → 1 artikel
  ✅ Sitemap: 13 URLs

✅ Selesai! Total 9 halaman terbit.
   📍 https://muhdanfyan.github.io/catatan/
   📍 https://muhdanfyan.github.io/laporan/
   📍 https://muhdanfyan.github.io/project/
  ✅ Build selesai
[main 4e6c703] gardener: auto-build 2026-07-31 02:00
 1 file changed, 20 insertions(+)
  ✅ Push ke GitHub Pages selesai
[2026-07-31 02:00:05] ✅ Selesai!

[2026-07-31 02:30:01] 🌱 Memulai deploy Digital Garden...
Already up to date.
  ✅ Pull selesai
🌱 Membangun Digital Garden...

  📁 catatan/ → 1 artikel
  📁 laporan/ → 7 artikel
  📁 project/ → 1 artikel
  ✅ Sitemap: 13 URLs

✅ Selesai! Total 9 halaman terbit.
   📍 https://muhdanfyan.github.io/catatan/
   📍 https://muhdanfyan.github.io/laporan/
   📍 https://muhdanfyan.github.io/project/
  ✅ Build selesai
[main b5cec0a] gardener: auto-build 2026-07-31 02:30
 1 file changed, 20 insertions(+)
  ✅ Push ke GitHub Pages selesai
[2026-07-31 02:30:04] ✅ Selesai!

[2026-07-31 03:00:01] 🌱 Memulai deploy Digital Garden...
Already up to date.
  ✅ Pull selesai
🌱 Membangun Digital Garden...

  📁 catatan/ → 1 artikel
  📁 laporan/ → 7 artikel
  📁 project/ → 1 artikel
  ✅ Sitemap: 13 URLs

✅ Selesai! Total 9 halaman terbit.
   📍 https://muhdanfyan.github.io/catatan/
   📍 https://muhdanfyan.github.io/laporan/
   📍 https://muhdanfyan.github.io/project/
  ✅ Build selesai
[main 9bfcd60] gardener: auto-build 2026-07-31 03:00
 1 file changed, 20 insertions(+)
  ✅ Push ke GitHub Pages selesai
[2026-07-31 03:00:05] ✅ Selesai!

[2026-07-31 03:30:01] 🌱 Memulai deploy Digital Garden...
Already up to date.
  ✅ Pull selesai
🌱 Membangun Digital Garden...

  📁 catatan/ → 1 artikel
  📁 laporan/ → 7 artikel
  📁 project/ → 1 artikel
  ✅ Sitemap: 13 URLs

✅ Selesai! Total 9 halaman terbit.
   📍 https://muhdanfyan.github.io/catatan/
   📍 https://muhdanfyan.github.io/laporan/
   📍 https://muhdanfyan.github.io/project/
  ✅ Build selesai
[main 163a64a] gardener: auto-build 2026-07-31 03:30
 1 file changed, 20 insertions(+)
  ✅ Push ke GitHub Pages selesai
[2026-07-31 03:30:04] ✅ Selesai!

[2026-07-31 04:00:01] 🌱 Memulai deploy Digital Garden...
Already up to date.
  ✅ Pull selesai
🌱 Membangun Digital Garden...

  📁 catatan/ → 1 artikel
  📁 laporan/ → 7 artikel
  📁 project/ → 1 artikel
  ✅ Sitemap: 13 URLs

✅ Selesai! Total 9 halaman terbit.
   📍 https://muhdanfyan.github.io/catatan/
   📍 https://muhdanfyan.github.io/laporan/
   📍 https://muhdanfyan.github.io/project/
  ✅ Build selesai
[main 84904e7] gardener: auto-build 2026-07-31 04:00
 1 file changed, 20 insertions(+)
  ✅ Push ke GitHub Pages selesai
[2026-07-31 04:00:07] ✅ Selesai!

[2026-07-31 04:30:01] 🌱 Memulai deploy Digital Garden...
Already up to date.
  ✅ Pull selesai
🌱 Membangun Digital Garden...

  📁 catatan/ → 1 artikel
  📁 laporan/ → 7 artikel
  📁 project/ → 1 artikel
  ✅ Sitemap: 13 URLs

✅ Selesai! Total 9 halaman terbit.
   📍 https://muhdanfyan.github.io/catatan/
   📍 https://muhdanfyan.github.io/laporan/
   📍 https://muhdanfyan.github.io/project/
  ✅ Build selesai
[main d78cddb] gardener: auto-build 2026-07-31 04:30
 1 file changed, 20 insertions(+)
  ✅ Push ke GitHub Pages selesai
[2026-07-31 04:30:04] ✅ Selesai!

[2026-07-31 05:00:01] 🌱 Memulai deploy Digital Garden...
Already up to date.
  ✅ Pull selesai
🌱 Membangun Digital Garden...

  📁 catatan/ → 1 artikel
  📁 laporan/ → 7 artikel
  📁 project/ → 1 artikel
  ✅ Sitemap: 13 URLs

✅ Selesai! Total 9 halaman terbit.
   📍 https://muhdanfyan.github.io/catatan/
   📍 https://muhdanfyan.github.io/laporan/
   📍 https://muhdanfyan.github.io/project/
  ✅ Build selesai
[main 6fefd93] gardener: auto-build 2026-07-31 05:00
 1 file changed, 20 insertions(+)
  ✅ Push ke GitHub Pages selesai
[2026-07-31 05:00:07] ✅ Selesai!

[2026-07-31 05:30:01] 🌱 Memulai deploy Digital Garden...
Already up to date.
  ✅ Pull selesai
🌱 Membangun Digital Garden...

  📁 catatan/ → 1 artikel
  📁 laporan/ → 7 artikel
  📁 project/ → 1 artikel
  ✅ Sitemap: 13 URLs

✅ Selesai! Total 9 halaman terbit.
   📍 https://muhdanfyan.github.io/catatan/
   📍 https://muhdanfyan.github.io/laporan/
   📍 https://muhdanfyan.github.io/project/
  ✅ Build selesai
[main 8149748] gardener: auto-build 2026-07-31 05:30
 1 file changed, 20 insertions(+)
  ✅ Push ke GitHub Pages selesai
[2026-07-31 05:30:04] ✅ Selesai!

[2026-07-31 06:00:01] 🌱 Memulai deploy Digital Garden...
Already up to date.
  ✅ Pull selesai
🌱 Membangun Digital Garden...

  📁 catatan/ → 1 artikel
  📁 laporan/ → 7 artikel
  📁 project/ → 1 artikel
  ✅ Sitemap: 13 URLs

✅ Selesai! Total 9 halaman terbit.
   📍 https://muhdanfyan.github.io/catatan/
   📍 https://muhdanfyan.github.io/laporan/
   📍 https://muhdanfyan.github.io/project/
  ✅ Build selesai
[main bb40cfb] gardener: auto-build 2026-07-31 06:00
 1 file changed, 20 insertions(+)
  ✅ Push ke GitHub Pages selesai
[2026-07-31 06:00:04] ✅ Selesai!

[2026-07-31 06:30:01] 🌱 Memulai deploy Digital Garden...
Already up to date.
  ✅ Pull selesai
🌱 Membangun Digital Garden...

  📁 catatan/ → 1 artikel
  📁 laporan/ → 7 artikel
  📁 project/ → 1 artikel
  ✅ Sitemap: 13 URLs

✅ Selesai! Total 9 halaman terbit.
   📍 https://muhdanfyan.github.io/catatan/
   📍 https://muhdanfyan.github.io/laporan/
   📍 https://muhdanfyan.github.io/project/
  ✅ Build selesai
[main 8ccc4e9] gardener: auto-build 2026-07-31 06:30
 1 file changed, 20 insertions(+)
  ✅ Push ke GitHub Pages selesai
[2026-07-31 06:30:05] ✅ Selesai!

[2026-07-31 07:00:01] 🌱 Memulai deploy Digital Garden...
Already up to date.
  ✅ Pull selesai
🌱 Membangun Digital Garden...

  📁 catatan/ → 1 artikel
  📁 laporan/ → 7 artikel
  📁 project/ → 1 artikel
  ✅ Sitemap: 13 URLs

✅ Selesai! Total 9 halaman terbit.
   📍 https://muhdanfyan.github.io/catatan/
   📍 https://muhdanfyan.github.io/laporan/
   📍 https://muhdanfyan.github.io/project/
  ✅ Build selesai
[main 67b918c] gardener: auto-build 2026-07-31 07:00
 1 file changed, 20 insertions(+)
  ✅ Push ke GitHub Pages selesai
[2026-07-31 07:00:07] ✅ Selesai!

[2026-07-31 07:30:01] 🌱 Memulai deploy Digital Garden...
Already up to date.
  ✅ Pull selesai
🌱 Membangun Digital Garden...

  📁 catatan/ → 1 artikel
  📁 laporan/ → 7 artikel
  📁 project/ → 1 artikel
  ✅ Sitemap: 13 URLs

✅ Selesai! Total 9 halaman terbit.
   📍 https://muhdanfyan.github.io/catatan/
   📍 https://muhdanfyan.github.io/laporan/
   📍 https://muhdanfyan.github.io/project/
  ✅ Build selesai
[main 8c8e5e2] gardener: auto-build 2026-07-31 07:30
 1 file changed, 20 insertions(+)
  ✅ Push ke GitHub Pages selesai
[2026-07-31 07:30:04] ✅ Selesai!

[2026-07-31 08:00:01] 🌱 Memulai deploy Digital Garden...
Already up to date.
  ✅ Pull selesai
🌱 Membangun Digital Garden...

  📁 catatan/ → 1 artikel
  📁 laporan/ → 7 artikel
  📁 project/ → 1 artikel
  ✅ Sitemap: 13 URLs

✅ Selesai! Total 9 halaman terbit.
   📍 https://muhdanfyan.github.io/catatan/
   📍 https://muhdanfyan.github.io/laporan/
   📍 https://muhdanfyan.github.io/project/
  ✅ Build selesai
[main d7acda1] gardener: auto-build 2026-07-31 08:00
 1 file changed, 20 insertions(+)
  ✅ Push ke GitHub Pages selesai
[2026-07-31 08:00:06] ✅ Selesai!

[2026-07-31 08:30:01] 🌱 Memulai deploy Digital Garden...
Already up to date.
  ✅ Pull selesai
🌱 Membangun Digital Garden...

  📁 catatan/ → 1 artikel
  📁 laporan/ → 7 artikel
  📁 project/ → 1 artikel
  ✅ Sitemap: 13 URLs

✅ Selesai! Total 9 halaman terbit.
   📍 https://muhdanfyan.github.io/catatan/
   📍 https://muhdanfyan.github.io/laporan/
   📍 https://muhdanfyan.github.io/project/
  ✅ Build selesai
[main 67a79e5] gardener: auto-build 2026-07-31 08:30
 1 file changed, 20 insertions(+)
  ✅ Push ke GitHub Pages selesai
[2026-07-31 08:30:05] ✅ Selesai!

[2026-07-31 09:00:01] 🌱 Memulai deploy Digital Garden...
Already up to date.
  ✅ Pull selesai
🌱 Membangun Digital Garden...

  📁 catatan/ → 1 artikel
  📁 laporan/ → 7 artikel
  📁 project/ → 1 artikel
  ✅ Sitemap: 13 URLs

✅ Selesai! Total 9 halaman terbit.
   📍 https://muhdanfyan.github.io/catatan/
   📍 https://muhdanfyan.github.io/laporan/
   📍 https://muhdanfyan.github.io/project/
  ✅ Build selesai
[main 719de94] gardener: auto-build 2026-07-31 09:00
 1 file changed, 20 insertions(+)
  ✅ Push ke GitHub Pages selesai
[2026-07-31 09:00:06] ✅ Selesai!

[2026-07-31 09:30:01] 🌱 Memulai deploy Digital Garden...
Already up to date.
  ✅ Pull selesai
🌱 Membangun Digital Garden...

  📁 catatan/ → 1 artikel
  📁 laporan/ → 7 artikel
  📁 project/ → 1 artikel
  ✅ Sitemap: 13 URLs

✅ Selesai! Total 9 halaman terbit.
   📍 https://muhdanfyan.github.io/catatan/
   📍 https://muhdanfyan.github.io/laporan/
   📍 https://muhdanfyan.github.io/project/
  ✅ Build selesai
[main b60371e] gardener: auto-build 2026-07-31 09:30
 1 file changed, 20 insertions(+)
  ✅ Push ke GitHub Pages selesai
[2026-07-31 09:30:05] ✅ Selesai!

[2026-07-31 10:00:01] 🌱 Memulai deploy Digital Garden...
Already up to date.
  ✅ Pull selesai
🌱 Membangun Digital Garden...

  📁 catatan/ → 1 artikel
  📁 laporan/ → 7 artikel
  📁 project/ → 1 artikel
  ✅ Sitemap: 13 URLs

✅ Selesai! Total 9 halaman terbit.
   📍 https://muhdanfyan.github.io/catatan/
   📍 https://muhdanfyan.github.io/laporan/
   📍 https://muhdanfyan.github.io/project/
  ✅ Build selesai
[main 6b1c9ba] gardener: auto-build 2026-07-31 10:00
 1 file changed, 20 insertions(+)
  ✅ Push ke GitHub Pages selesai
[2026-07-31 10:00:05] ✅ Selesai!

[2026-07-31 10:30:01] 🌱 Memulai deploy Digital Garden...
Already up to date.
  ✅ Pull selesai
🌱 Membangun Digital Garden...

  📁 catatan/ → 1 artikel
  📁 laporan/ → 7 artikel
  📁 project/ → 1 artikel
  ✅ Sitemap: 13 URLs

✅ Selesai! Total 9 halaman terbit.
   📍 https://muhdanfyan.github.io/catatan/
   📍 https://muhdanfyan.github.io/laporan/
   📍 https://muhdanfyan.github.io/project/
  ✅ Build selesai
[main 906698e] gardener: auto-build 2026-07-31 10:30
 1 file changed, 20 insertions(+)
  ✅ Push ke GitHub Pages selesai
[2026-07-31 10:30:05] ✅ Selesai!

[2026-07-31 11:00:01] 🌱 Memulai deploy Digital Garden...
Already up to date.
  ✅ Pull selesai
🌱 Membangun Digital Garden...

  📁 catatan/ → 1 artikel
  📁 laporan/ → 7 artikel
  📁 project/ → 1 artikel
  ✅ Sitemap: 13 URLs

✅ Selesai! Total 9 halaman terbit.
   📍 https://muhdanfyan.github.io/catatan/
   📍 https://muhdanfyan.github.io/laporan/
   📍 https://muhdanfyan.github.io/project/
  ✅ Build selesai
[main 7b25e31] gardener: auto-build 2026-07-31 11:00
 1 file changed, 20 insertions(+)
  ✅ Push ke GitHub Pages selesai
[2026-07-31 11:00:04] ✅ Selesai!

[2026-07-31 11:30:01] 🌱 Memulai deploy Digital Garden...
Already up to date.
  ✅ Pull selesai
🌱 Membangun Digital Garden...

  📁 catatan/ → 1 artikel
  📁 laporan/ → 7 artikel
  📁 project/ → 1 artikel
  ✅ Sitemap: 13 URLs

✅ Selesai! Total 9 halaman terbit.
   📍 https://muhdanfyan.github.io/catatan/
   📍 https://muhdanfyan.github.io/laporan/
   📍 https://muhdanfyan.github.io/project/
  ✅ Build selesai
[main 4db72ce] gardener: auto-build 2026-07-31 11:30
 1 file changed, 20 insertions(+)
  ✅ Push ke GitHub Pages selesai
[2026-07-31 11:30:05] ✅ Selesai!

[2026-07-31 12:00:01] 🌱 Memulai deploy Digital Garden...
Already up to date.
  ✅ Pull selesai
🌱 Membangun Digital Garden...

  📁 catatan/ → 1 artikel
  📁 laporan/ → 7 artikel
  📁 project/ → 1 artikel
  ✅ Sitemap: 13 URLs

✅ Selesai! Total 9 halaman terbit.
   📍 https://muhdanfyan.github.io/catatan/
   📍 https://muhdanfyan.github.io/laporan/
   📍 https://muhdanfyan.github.io/project/
  ✅ Build selesai
[main 22bafbb] gardener: auto-build 2026-07-31 12:00
 1 file changed, 20 insertions(+)
  ✅ Push ke GitHub Pages selesai
[2026-07-31 12:00:05] ✅ Selesai!

[2026-07-31 12:30:01] 🌱 Memulai deploy Digital Garden...
Already up to date.
  ✅ Pull selesai
🌱 Membangun Digital Garden...

  📁 catatan/ → 1 artikel
  📁 laporan/ → 7 artikel
  📁 project/ → 1 artikel
  ✅ Sitemap: 13 URLs

✅ Selesai! Total 9 halaman terbit.
   📍 https://muhdanfyan.github.io/catatan/
   📍 https://muhdanfyan.github.io/laporan/
   📍 https://muhdanfyan.github.io/project/
  ✅ Build selesai
[main 3b8fe36] gardener: auto-build 2026-07-31 12:30
 1 file changed, 20 insertions(+)
  ✅ Push ke GitHub Pages selesai
[2026-07-31 12:30:04] ✅ Selesai!

[2026-07-31 13:00:01] 🌱 Memulai deploy Digital Garden...
Already up to date.
  ✅ Pull selesai
🌱 Membangun Digital Garden...

  📁 catatan/ → 1 artikel
  📁 laporan/ → 7 artikel
  📁 project/ → 1 artikel
  ✅ Sitemap: 13 URLs

✅ Selesai! Total 9 halaman terbit.
   📍 https://muhdanfyan.github.io/catatan/
   📍 https://muhdanfyan.github.io/laporan/
   📍 https://muhdanfyan.github.io/project/
  ✅ Build selesai
[main efa5eda] gardener: auto-build 2026-07-31 13:00
 1 file changed, 20 insertions(+)
  ✅ Push ke GitHub Pages selesai
[2026-07-31 13:00:05] ✅ Selesai!

[2026-07-31 13:30:01] 🌱 Memulai deploy Digital Garden...
Already up to date.
  ✅ Pull selesai
🌱 Membangun Digital Garden...

  📁 catatan/ → 1 artikel
  📁 laporan/ → 7 artikel
  📁 project/ → 1 artikel
  ✅ Sitemap: 13 URLs

✅ Selesai! Total 9 halaman terbit.
   📍 https://muhdanfyan.github.io/catatan/
   📍 https://muhdanfyan.github.io/laporan/
   📍 https://muhdanfyan.github.io/project/
  ✅ Build selesai
[main c42fa50] gardener: auto-build 2026-07-31 13:30
 1 file changed, 20 insertions(+)
  ✅ Push ke GitHub Pages selesai
[2026-07-31 13:30:05] ✅ Selesai!

[2026-07-31 14:00:01] 🌱 Memulai deploy Digital Garden...
Already up to date.
  ✅ Pull selesai
🌱 Membangun Digital Garden...

  📁 catatan/ → 1 artikel
  📁 laporan/ → 7 artikel
  📁 project/ → 1 artikel
  ✅ Sitemap: 13 URLs

✅ Selesai! Total 9 halaman terbit.
   📍 https://muhdanfyan.github.io/catatan/
   📍 https://muhdanfyan.github.io/laporan/
   📍 https://muhdanfyan.github.io/project/
  ✅ Build selesai
[main 8af4881] gardener: auto-build 2026-07-31 14:00
 1 file changed, 20 insertions(+)
  ✅ Push ke GitHub Pages selesai
[2026-07-31 14:00:06] ✅ Selesai!

[2026-07-31 14:30:01] 🌱 Memulai deploy Digital Garden...
Already up to date.
  ✅ Pull selesai
🌱 Membangun Digital Garden...

  📁 catatan/ → 1 artikel
  📁 laporan/ → 7 artikel
  📁 project/ → 1 artikel
  ✅ Sitemap: 13 URLs

✅ Selesai! Total 9 halaman terbit.
   📍 https://muhdanfyan.github.io/catatan/
   📍 https://muhdanfyan.github.io/laporan/
   📍 https://muhdanfyan.github.io/project/
  ✅ Build selesai
[main 4d662e8] gardener: auto-build 2026-07-31 14:30
 1 file changed, 20 insertions(+)
  ✅ Push ke GitHub Pages selesai
[2026-07-31 14:30:06] ✅ Selesai!

[2026-07-31 15:00:01] 🌱 Memulai deploy Digital Garden...
Already up to date.
  ✅ Pull selesai
🌱 Membangun Digital Garden...

  📁 catatan/ → 1 artikel
  📁 laporan/ → 7 artikel
  📁 project/ → 1 artikel
  ✅ Sitemap: 13 URLs

✅ Selesai! Total 9 halaman terbit.
   📍 https://muhdanfyan.github.io/catatan/
   📍 https://muhdanfyan.github.io/laporan/
   📍 https://muhdanfyan.github.io/project/
  ✅ Build selesai
[main 99f4cd4] gardener: auto-build 2026-07-31 15:00
 1 file changed, 20 insertions(+)
  ✅ Push ke GitHub Pages selesai
[2026-07-31 15:00:05] ✅ Selesai!

[2026-07-31 15:30:01] 🌱 Memulai deploy Digital Garden...
Already up to date.
  ✅ Pull selesai
🌱 Membangun Digital Garden...

  📁 catatan/ → 1 artikel
  📁 laporan/ → 7 artikel
  📁 project/ → 1 artikel
  ✅ Sitemap: 13 URLs

✅ Selesai! Total 9 halaman terbit.
   📍 https://muhdanfyan.github.io/catatan/
   📍 https://muhdanfyan.github.io/laporan/
   📍 https://muhdanfyan.github.io/project/
  ✅ Build selesai
[main b1ca8d3] gardener: auto-build 2026-07-31 15:30
 1 file changed, 20 insertions(+)
  ✅ Push ke GitHub Pages selesai
[2026-07-31 15:30:04] ✅ Selesai!

[2026-07-31 16:00:01] 🌱 Memulai deploy Digital Garden...
Already up to date.
  ✅ Pull selesai
🌱 Membangun Digital Garden...

  📁 catatan/ → 1 artikel
  📁 laporan/ → 7 artikel
  📁 project/ → 1 artikel
  ✅ Sitemap: 13 URLs

✅ Selesai! Total 9 halaman terbit.
   📍 https://muhdanfyan.github.io/catatan/
   📍 https://muhdanfyan.github.io/laporan/
   📍 https://muhdanfyan.github.io/project/
  ✅ Build selesai
[main b37d799] gardener: auto-build 2026-07-31 16:00
 1 file changed, 20 insertions(+)
  ✅ Push ke GitHub Pages selesai
[2026-07-31 16:00:07] ✅ Selesai!

[2026-07-31 16:30:01] 🌱 Memulai deploy Digital Garden...
Already up to date.
  ✅ Pull selesai
🌱 Membangun Digital Garden...

  📁 catatan/ → 1 artikel
  📁 laporan/ → 7 artikel
  📁 project/ → 1 artikel
  ✅ Sitemap: 13 URLs

✅ Selesai! Total 9 halaman terbit.
   📍 https://muhdanfyan.github.io/catatan/
   📍 https://muhdanfyan.github.io/laporan/
   📍 https://muhdanfyan.github.io/project/
  ✅ Build selesai
[main a24e3ce] gardener: auto-build 2026-07-31 16:30
 1 file changed, 20 insertions(+)
  ✅ Push ke GitHub Pages selesai
[2026-07-31 16:30:04] ✅ Selesai!

[2026-07-31 17:00:01] 🌱 Memulai deploy Digital Garden...
Already up to date.
  ✅ Pull selesai
🌱 Membangun Digital Garden...

  📁 catatan/ → 1 artikel
  📁 laporan/ → 7 artikel
  📁 project/ → 1 artikel
  ✅ Sitemap: 13 URLs

✅ Selesai! Total 9 halaman terbit.
   📍 https://muhdanfyan.github.io/catatan/
   📍 https://muhdanfyan.github.io/laporan/
   📍 https://muhdanfyan.github.io/project/
  ✅ Build selesai
[main dd3ab7d] gardener: auto-build 2026-07-31 17:00
 1 file changed, 20 insertions(+)
  ✅ Push ke GitHub Pages selesai
[2026-07-31 17:00:09] ✅ Selesai!

[2026-07-31 17:30:01] 🌱 Memulai deploy Digital Garden...
Already up to date.
  ✅ Pull selesai
🌱 Membangun Digital Garden...

  📁 catatan/ → 1 artikel
  📁 laporan/ → 7 artikel
  📁 project/ → 1 artikel
  ✅ Sitemap: 13 URLs

✅ Selesai! Total 9 halaman terbit.
   📍 https://muhdanfyan.github.io/catatan/
   📍 https://muhdanfyan.github.io/laporan/
   📍 https://muhdanfyan.github.io/project/
  ✅ Build selesai
[main e9b4778] gardener: auto-build 2026-07-31 17:30
 1 file changed, 20 insertions(+)
  ✅ Push ke GitHub Pages selesai
[2026-07-31 17:30:06] ✅ Selesai!

[2026-07-31 18:00:01] 🌱 Memulai deploy Digital Garden...
Already up to date.
  ✅ Pull selesai
🌱 Membangun Digital Garden...

  📁 catatan/ → 1 artikel
  📁 laporan/ → 7 artikel
  📁 project/ → 1 artikel
  ✅ Sitemap: 13 URLs

✅ Selesai! Total 9 halaman terbit.
   📍 https://muhdanfyan.github.io/catatan/
   📍 https://muhdanfyan.github.io/laporan/
   📍 https://muhdanfyan.github.io/project/
  ✅ Build selesai
[main d38d51c] gardener: auto-build 2026-07-31 18:00
 1 file changed, 20 insertions(+)
  ✅ Push ke GitHub Pages selesai
[2026-07-31 18:00:07] ✅ Selesai!

[2026-07-31 18:30:01] 🌱 Memulai deploy Digital Garden...
Already up to date.
  ✅ Pull selesai
🌱 Membangun Digital Garden...

  📁 catatan/ → 1 artikel
  📁 laporan/ → 7 artikel
  📁 project/ → 1 artikel
  ✅ Sitemap: 13 URLs

✅ Selesai! Total 9 halaman terbit.
   📍 https://muhdanfyan.github.io/catatan/
   📍 https://muhdanfyan.github.io/laporan/
   📍 https://muhdanfyan.github.io/project/
  ✅ Build selesai
[main 920e71c] gardener: auto-build 2026-07-31 18:30
 1 file changed, 20 insertions(+)
  ✅ Push ke GitHub Pages selesai
[2026-07-31 18:30:05] ✅ Selesai!

[2026-07-31 19:00:01] 🌱 Memulai deploy Digital Garden...
Already up to date.
  ✅ Pull selesai
🌱 Membangun Digital Garden...

  📁 catatan/ → 1 artikel
  📁 laporan/ → 7 artikel
  📁 project/ → 1 artikel
  ✅ Sitemap: 13 URLs

✅ Selesai! Total 9 halaman terbit.
   📍 https://muhdanfyan.github.io/catatan/
   📍 https://muhdanfyan.github.io/laporan/
   📍 https://muhdanfyan.github.io/project/
  ✅ Build selesai
[main 958265e] gardener: auto-build 2026-07-31 19:00
 1 file changed, 20 insertions(+)
  ✅ Push ke GitHub Pages selesai
[2026-07-31 19:00:07] ✅ Selesai!

[2026-07-31 19:30:01] 🌱 Memulai deploy Digital Garden...
Already up to date.
  ✅ Pull selesai
🌱 Membangun Digital Garden...

  📁 catatan/ → 1 artikel
  📁 laporan/ → 7 artikel
  📁 project/ → 1 artikel
  ✅ Sitemap: 13 URLs

✅ Selesai! Total 9 halaman terbit.
   📍 https://muhdanfyan.github.io/catatan/
   📍 https://muhdanfyan.github.io/laporan/
   📍 https://muhdanfyan.github.io/project/
  ✅ Build selesai
[main 4c81c2a] gardener: auto-build 2026-07-31 19:30
 1 file changed, 20 insertions(+)
  ✅ Push ke GitHub Pages selesai
[2026-07-31 19:30:06] ✅ Selesai!

[2026-07-31 20:00:01] 🌱 Memulai deploy Digital Garden...
Already up to date.
  ✅ Pull selesai
🌱 Membangun Digital Garden...

  📁 catatan/ → 1 artikel
  📁 laporan/ → 7 artikel
  📁 project/ → 1 artikel
  ✅ Sitemap: 13 URLs

✅ Selesai! Total 9 halaman terbit.
   📍 https://muhdanfyan.github.io/catatan/
   📍 https://muhdanfyan.github.io/laporan/
   📍 https://muhdanfyan.github.io/project/
  ✅ Build selesai
[main 6615705] gardener: auto-build 2026-07-31 20:00
 1 file changed, 20 insertions(+)
  ✅ Push ke GitHub Pages selesai
[2026-07-31 20:00:05] ✅ Selesai!

[2026-07-31 20:30:01] 🌱 Memulai deploy Digital Garden...
Already up to date.
  ✅ Pull selesai
🌱 Membangun Digital Garden...

  📁 catatan/ → 1 artikel
  📁 laporan/ → 7 artikel
  📁 project/ → 1 artikel
  ✅ Sitemap: 13 URLs

✅ Selesai! Total 9 halaman terbit.
   📍 https://muhdanfyan.github.io/catatan/
   📍 https://muhdanfyan.github.io/laporan/
   📍 https://muhdanfyan.github.io/project/
  ✅ Build selesai
[main e783493] gardener: auto-build 2026-07-31 20:30
 1 file changed, 20 insertions(+)
  ✅ Push ke GitHub Pages selesai
[2026-07-31 20:30:07] ✅ Selesai!

[2026-07-31 21:00:01] 🌱 Memulai deploy Digital Garden...
Already up to date.
  ✅ Pull selesai
🌱 Membangun Digital Garden...

  📁 catatan/ → 1 artikel
  📁 laporan/ → 7 artikel
  📁 project/ → 1 artikel
  ✅ Sitemap: 13 URLs

✅ Selesai! Total 9 halaman terbit.
   📍 https://muhdanfyan.github.io/catatan/
   📍 https://muhdanfyan.github.io/laporan/
   📍 https://muhdanfyan.github.io/project/
  ✅ Build selesai
[main fd9efb0] gardener: auto-build 2026-07-31 21:00
 1 file changed, 20 insertions(+)
  ✅ Push ke GitHub Pages selesai
[2026-07-31 21:00:07] ✅ Selesai!

[2026-07-31 21:30:01] 🌱 Memulai deploy Digital Garden...
Already up to date.
  ✅ Pull selesai
🌱 Membangun Digital Garden...

  📁 catatan/ → 1 artikel
  📁 laporan/ → 7 artikel
  📁 project/ → 1 artikel
  ✅ Sitemap: 13 URLs

✅ Selesai! Total 9 halaman terbit.
   📍 https://muhdanfyan.github.io/catatan/
   📍 https://muhdanfyan.github.io/laporan/
   📍 https://muhdanfyan.github.io/project/
  ✅ Build selesai
[main 34e4bc4] gardener: auto-build 2026-07-31 21:30
 1 file changed, 20 insertions(+)
  ✅ Push ke GitHub Pages selesai
[2026-07-31 21:30:08] ✅ Selesai!

[2026-07-31 22:00:01] 🌱 Memulai deploy Digital Garden...
Already up to date.
  ✅ Pull selesai
🌱 Membangun Digital Garden...

  📁 catatan/ → 1 artikel
  📁 laporan/ → 7 artikel
  📁 project/ → 1 artikel
  ✅ Sitemap: 13 URLs

✅ Selesai! Total 9 halaman terbit.
   📍 https://muhdanfyan.github.io/catatan/
   📍 https://muhdanfyan.github.io/laporan/
   📍 https://muhdanfyan.github.io/project/
  ✅ Build selesai
[main 8a95d9c] gardener: auto-build 2026-07-31 22:00
 1 file changed, 20 insertions(+)
  ✅ Push ke GitHub Pages selesai
[2026-07-31 22:00:09] ✅ Selesai!

[2026-07-31 22:30:01] 🌱 Memulai deploy Digital Garden...
Already up to date.
  ✅ Pull selesai
🌱 Membangun Digital Garden...

  📁 catatan/ → 1 artikel
  📁 laporan/ → 7 artikel
  📁 project/ → 1 artikel
  ✅ Sitemap: 13 URLs

✅ Selesai! Total 9 halaman terbit.
   📍 https://muhdanfyan.github.io/catatan/
   📍 https://muhdanfyan.github.io/laporan/
   📍 https://muhdanfyan.github.io/project/
  ✅ Build selesai
[main e68ea5c] gardener: auto-build 2026-07-31 22:30
 1 file changed, 20 insertions(+)
  ✅ Push ke GitHub Pages selesai
[2026-07-31 22:30:05] ✅ Selesai!

[2026-07-31 23:00:01] 🌱 Memulai deploy Digital Garden...
Already up to date.
  ✅ Pull selesai
🌱 Membangun Digital Garden...

  📁 catatan/ → 1 artikel
  📁 laporan/ → 7 artikel
  📁 project/ → 1 artikel
  ✅ Sitemap: 13 URLs

✅ Selesai! Total 9 halaman terbit.
   📍 https://muhdanfyan.github.io/catatan/
   📍 https://muhdanfyan.github.io/laporan/
   📍 https://muhdanfyan.github.io/project/
  ✅ Build selesai
[main b69fc74] gardener: auto-build 2026-07-31 23:00
 1 file changed, 20 insertions(+)
  ✅ Push ke GitHub Pages selesai
[2026-07-31 23:00:08] ✅ Selesai!

[2026-07-31 23:30:01] 🌱 Memulai deploy Digital Garden...
Already up to date.
  ✅ Pull selesai
🌱 Membangun Digital Garden...

  📁 catatan/ → 1 artikel
  📁 laporan/ → 7 artikel
  📁 project/ → 1 artikel
  ✅ Sitemap: 13 URLs

✅ Selesai! Total 9 halaman terbit.
   📍 https://muhdanfyan.github.io/catatan/
   📍 https://muhdanfyan.github.io/laporan/
   📍 https://muhdanfyan.github.io/project/
  ✅ Build selesai
[main 1d199d3] gardener: auto-build 2026-07-31 23:30
 1 file changed, 20 insertions(+)
  ✅ Push ke GitHub Pages selesai
[2026-07-31 23:30:06] ✅ Selesai!

[2026-08-01 00:00:01] 🌱 Memulai deploy Digital Garden...
Already up to date.
  ✅ Pull selesai
🌱 Membangun Digital Garden...

  📁 catatan/ → 1 artikel
  📁 laporan/ → 7 artikel
  📁 project/ → 1 artikel
  ✅ Sitemap: 13 URLs

✅ Selesai! Total 9 halaman terbit.
   📍 https://muhdanfyan.github.io/catatan/
   📍 https://muhdanfyan.github.io/laporan/
   📍 https://muhdanfyan.github.io/project/
  ✅ Build selesai
[main 332bc73] gardener: auto-build 2026-08-01 00:00
 1 file changed, 20 insertions(+)
  ✅ Push ke GitHub Pages selesai
[2026-08-01 00:00:07] ✅ Selesai!

[2026-08-01 00:30:01] 🌱 Memulai deploy Digital Garden...
Already up to date.
  ✅ Pull selesai
🌱 Membangun Digital Garden...

  📁 catatan/ → 1 artikel
  📁 laporan/ → 7 artikel
  📁 project/ → 1 artikel
  ✅ Sitemap: 13 URLs

✅ Selesai! Total 9 halaman terbit.
   📍 https://muhdanfyan.github.io/catatan/
   📍 https://muhdanfyan.github.io/laporan/
   📍 https://muhdanfyan.github.io/project/
  ✅ Build selesai
[main ed29403] gardener: auto-build 2026-08-01 00:30
 1 file changed, 20 insertions(+)
  ✅ Push ke GitHub Pages selesai
[2026-08-01 00:30:06] ✅ Selesai!

[2026-08-01 01:00:01] 🌱 Memulai deploy Digital Garden...
Already up to date.
  ✅ Pull selesai
🌱 Membangun Digital Garden...

  📁 catatan/ → 1 artikel
  📁 laporan/ → 7 artikel
  📁 project/ → 1 artikel
  ✅ Sitemap: 13 URLs

✅ Selesai! Total 9 halaman terbit.
   📍 https://muhdanfyan.github.io/catatan/
   📍 https://muhdanfyan.github.io/laporan/
   📍 https://muhdanfyan.github.io/project/
  ✅ Build selesai
[main 2a1060f] gardener: auto-build 2026-08-01 01:00
 1 file changed, 20 insertions(+)
  ✅ Push ke GitHub Pages selesai
[2026-08-01 01:00:04] ✅ Selesai!

[2026-08-01 01:30:01] 🌱 Memulai deploy Digital Garden...
Already up to date.
  ✅ Pull selesai
🌱 Membangun Digital Garden...

  📁 catatan/ → 1 artikel
  📁 laporan/ → 7 artikel
  📁 project/ → 1 artikel
  ✅ Sitemap: 13 URLs

✅ Selesai! Total 9 halaman terbit.
   📍 https://muhdanfyan.github.io/catatan/
   📍 https://muhdanfyan.github.io/laporan/
   📍 https://muhdanfyan.github.io/project/
  ✅ Build selesai
[main ee9793b] gardener: auto-build 2026-08-01 01:30
 1 file changed, 20 insertions(+)
  ✅ Push ke GitHub Pages selesai
[2026-08-01 01:30:05] ✅ Selesai!

[2026-08-01 02:00:01] 🌱 Memulai deploy Digital Garden...
Already up to date.
  ✅ Pull selesai
🌱 Membangun Digital Garden...

  📁 catatan/ → 1 artikel
  📁 laporan/ → 7 artikel
  📁 project/ → 1 artikel
  ✅ Sitemap: 13 URLs

✅ Selesai! Total 9 halaman terbit.
   📍 https://muhdanfyan.github.io/catatan/
   📍 https://muhdanfyan.github.io/laporan/
   📍 https://muhdanfyan.github.io/project/
  ✅ Build selesai
[main 014d944] gardener: auto-build 2026-08-01 02:00
 1 file changed, 20 insertions(+)
  ✅ Push ke GitHub Pages selesai
[2026-08-01 02:00:05] ✅ Selesai!

[2026-08-01 02:30:01] 🌱 Memulai deploy Digital Garden...
Already up to date.
  ✅ Pull selesai
🌱 Membangun Digital Garden...

  📁 catatan/ → 1 artikel
  📁 laporan/ → 7 artikel
  📁 project/ → 1 artikel
  ✅ Sitemap: 13 URLs

✅ Selesai! Total 9 halaman terbit.
   📍 https://muhdanfyan.github.io/catatan/
   📍 https://muhdanfyan.github.io/laporan/
   📍 https://muhdanfyan.github.io/project/
  ✅ Build selesai
[main e394ae3] gardener: auto-build 2026-08-01 02:30
 1 file changed, 20 insertions(+)
  ✅ Push ke GitHub Pages selesai
[2026-08-01 02:30:05] ✅ Selesai!

[2026-08-01 03:00:01] 🌱 Memulai deploy Digital Garden...
Already up to date.
  ✅ Pull selesai
🌱 Membangun Digital Garden...

  📁 catatan/ → 1 artikel
  📁 laporan/ → 7 artikel
  📁 project/ → 1 artikel
  ✅ Sitemap: 13 URLs

✅ Selesai! Total 9 halaman terbit.
   📍 https://muhdanfyan.github.io/catatan/
   📍 https://muhdanfyan.github.io/laporan/
   📍 https://muhdanfyan.github.io/project/
  ✅ Build selesai
[main 11a2e59] gardener: auto-build 2026-08-01 03:00
 1 file changed, 20 insertions(+)
  ✅ Push ke GitHub Pages selesai
[2026-08-01 03:00:06] ✅ Selesai!

[2026-08-01 03:30:01] 🌱 Memulai deploy Digital Garden...
Already up to date.
  ✅ Pull selesai
🌱 Membangun Digital Garden...

  📁 catatan/ → 1 artikel
  📁 laporan/ → 7 artikel
  📁 project/ → 1 artikel
  ✅ Sitemap: 13 URLs

✅ Selesai! Total 9 halaman terbit.
   📍 https://muhdanfyan.github.io/catatan/
   📍 https://muhdanfyan.github.io/laporan/
   📍 https://muhdanfyan.github.io/project/
  ✅ Build selesai
[main dc208c8] gardener: auto-build 2026-08-01 03:30
 1 file changed, 20 insertions(+)
  ✅ Push ke GitHub Pages selesai
[2026-08-01 03:30:04] ✅ Selesai!

[2026-08-01 04:00:01] 🌱 Memulai deploy Digital Garden...
Already up to date.
  ✅ Pull selesai
🌱 Membangun Digital Garden...

  📁 catatan/ → 1 artikel
  📁 laporan/ → 7 artikel
  📁 project/ → 1 artikel
  ✅ Sitemap: 13 URLs

✅ Selesai! Total 9 halaman terbit.
   📍 https://muhdanfyan.github.io/catatan/
   📍 https://muhdanfyan.github.io/laporan/
   📍 https://muhdanfyan.github.io/project/
  ✅ Build selesai
[main ecec5bb] gardener: auto-build 2026-08-01 04:00
 1 file changed, 20 insertions(+)
  ✅ Push ke GitHub Pages selesai
[2026-08-01 04:00:04] ✅ Selesai!

[2026-08-01 04:30:01] 🌱 Memulai deploy Digital Garden...
Already up to date.
  ✅ Pull selesai
🌱 Membangun Digital Garden...

  📁 catatan/ → 1 artikel
  📁 laporan/ → 7 artikel
  📁 project/ → 1 artikel
  ✅ Sitemap: 13 URLs

✅ Selesai! Total 9 halaman terbit.
   📍 https://muhdanfyan.github.io/catatan/
   📍 https://muhdanfyan.github.io/laporan/
   📍 https://muhdanfyan.github.io/project/
  ✅ Build selesai
[main b6ed689] gardener: auto-build 2026-08-01 04:30
 1 file changed, 20 insertions(+)
  ✅ Push ke GitHub Pages selesai
[2026-08-01 04:30:06] ✅ Selesai!

[2026-08-01 05:00:01] 🌱 Memulai deploy Digital Garden...
Already up to date.
  ✅ Pull selesai
🌱 Membangun Digital Garden...

  📁 catatan/ → 1 artikel
  📁 laporan/ → 7 artikel
  📁 project/ → 1 artikel
  ✅ Sitemap: 13 URLs

✅ Selesai! Total 9 halaman terbit.
   📍 https://muhdanfyan.github.io/catatan/
   📍 https://muhdanfyan.github.io/laporan/
   📍 https://muhdanfyan.github.io/project/
  ✅ Build selesai
[main bbf97d1] gardener: auto-build 2026-08-01 05:00
 1 file changed, 20 insertions(+)
  ✅ Push ke GitHub Pages selesai
[2026-08-01 05:00:06] ✅ Selesai!

[2026-08-01 05:30:01] 🌱 Memulai deploy Digital Garden...
Already up to date.
  ✅ Pull selesai
🌱 Membangun Digital Garden...

  📁 catatan/ → 1 artikel
  📁 laporan/ → 7 artikel
  📁 project/ → 1 artikel
  ✅ Sitemap: 13 URLs

✅ Selesai! Total 9 halaman terbit.
   📍 https://muhdanfyan.github.io/catatan/
   📍 https://muhdanfyan.github.io/laporan/
   📍 https://muhdanfyan.github.io/project/
  ✅ Build selesai
[main eb209d6] gardener: auto-build 2026-08-01 05:30
 1 file changed, 20 insertions(+)
  ✅ Push ke GitHub Pages selesai
[2026-08-01 05:30:04] ✅ Selesai!

[2026-08-01 06:00:01] 🌱 Memulai deploy Digital Garden...
Already up to date.
  ✅ Pull selesai
🌱 Membangun Digital Garden...

  📁 catatan/ → 1 artikel
  📁 laporan/ → 7 artikel
  📁 project/ → 1 artikel
  ✅ Sitemap: 13 URLs

✅ Selesai! Total 9 halaman terbit.
   📍 https://muhdanfyan.github.io/catatan/
   📍 https://muhdanfyan.github.io/laporan/
   📍 https://muhdanfyan.github.io/project/
  ✅ Build selesai
[main 9c25280] gardener: auto-build 2026-08-01 06:00
 1 file changed, 20 insertions(+)
  ✅ Push ke GitHub Pages selesai
[2026-08-01 06:00:04] ✅ Selesai!

[2026-08-01 06:30:01] 🌱 Memulai deploy Digital Garden...
Already up to date.
  ✅ Pull selesai
🌱 Membangun Digital Garden...

  📁 catatan/ → 1 artikel
  📁 laporan/ → 7 artikel
  📁 project/ → 1 artikel
  ✅ Sitemap: 13 URLs

✅ Selesai! Total 9 halaman terbit.
   📍 https://muhdanfyan.github.io/catatan/
   📍 https://muhdanfyan.github.io/laporan/
   📍 https://muhdanfyan.github.io/project/
  ✅ Build selesai
[main 589bd91] gardener: auto-build 2026-08-01 06:30
 1 file changed, 20 insertions(+)
  ✅ Push ke GitHub Pages selesai
[2026-08-01 06:30:05] ✅ Selesai!

[2026-08-01 07:00:02] 🌱 Memulai deploy Digital Garden...
Already up to date.
  ✅ Pull selesai
🌱 Membangun Digital Garden...

  📁 catatan/ → 1 artikel
  📁 laporan/ → 7 artikel
  📁 project/ → 1 artikel
  ✅ Sitemap: 13 URLs

✅ Selesai! Total 9 halaman terbit.
   📍 https://muhdanfyan.github.io/catatan/
   📍 https://muhdanfyan.github.io/laporan/
   📍 https://muhdanfyan.github.io/project/
  ✅ Build selesai
[main b503eed] gardener: auto-build 2026-08-01 07:00
 1 file changed, 20 insertions(+)
  ✅ Push ke GitHub Pages selesai
[2026-08-01 07:00:07] ✅ Selesai!

[2026-08-01 07:30:01] 🌱 Memulai deploy Digital Garden...
Already up to date.
  ✅ Pull selesai
🌱 Membangun Digital Garden...

  📁 catatan/ → 1 artikel
  📁 laporan/ → 7 artikel
  📁 project/ → 1 artikel
  ✅ Sitemap: 13 URLs

✅ Selesai! Total 9 halaman terbit.
   📍 https://muhdanfyan.github.io/catatan/
   📍 https://muhdanfyan.github.io/laporan/
   📍 https://muhdanfyan.github.io/project/
  ✅ Build selesai
[main 02a1580] gardener: auto-build 2026-08-01 07:30
 1 file changed, 20 insertions(+)
  ✅ Push ke GitHub Pages selesai
[2026-08-01 07:30:04] ✅ Selesai!

[2026-08-01 08:00:01] 🌱 Memulai deploy Digital Garden...
Already up to date.
  ✅ Pull selesai
🌱 Membangun Digital Garden...

  📁 catatan/ → 1 artikel
  📁 laporan/ → 7 artikel
  📁 project/ → 1 artikel
  ✅ Sitemap: 13 URLs

✅ Selesai! Total 9 halaman terbit.
   📍 https://muhdanfyan.github.io/catatan/
   📍 https://muhdanfyan.github.io/laporan/
   📍 https://muhdanfyan.github.io/project/
  ✅ Build selesai
[main f3698d1] gardener: auto-build 2026-08-01 08:00
 1 file changed, 20 insertions(+)
  ✅ Push ke GitHub Pages selesai
[2026-08-01 08:00:06] ✅ Selesai!

[2026-08-01 08:30:01] 🌱 Memulai deploy Digital Garden...
Already up to date.
  ✅ Pull selesai
🌱 Membangun Digital Garden...

  📁 catatan/ → 1 artikel
  📁 laporan/ → 8 artikel
  📁 project/ → 1 artikel
  ✅ Sitemap: 14 URLs

✅ Selesai! Total 10 halaman terbit.
   📍 https://muhdanfyan.github.io/catatan/
   📍 https://muhdanfyan.github.io/laporan/
   📍 https://muhdanfyan.github.io/project/
  ✅ Build selesai
[main 9b100aa] gardener: auto-build 2026-08-01 08:30
 2 files changed, 63 insertions(+)
 create mode 100644 content/laporan/2026-08-01.md
  ✅ Push ke GitHub Pages selesai
[2026-08-01 08:30:04] ✅ Selesai!

[2026-08-01 09:00:01] 🌱 Memulai deploy Digital Garden...
Already up to date.
  ✅ Pull selesai
🌱 Membangun Digital Garden...

  📁 catatan/ → 1 artikel
  📁 laporan/ → 8 artikel
  📁 project/ → 1 artikel
  ✅ Sitemap: 14 URLs

✅ Selesai! Total 10 halaman terbit.
   📍 https://muhdanfyan.github.io/catatan/
   📍 https://muhdanfyan.github.io/laporan/
   📍 https://muhdanfyan.github.io/project/
  ✅ Build selesai
[main 139e80c] gardener: auto-build 2026-08-01 09:00
 1 file changed, 21 insertions(+)
  ✅ Push ke GitHub Pages selesai
[2026-08-01 09:00:05] ✅ Selesai!

[2026-08-01 09:30:02] 🌱 Memulai deploy Digital Garden...
Already up to date.
  ✅ Pull selesai
🌱 Membangun Digital Garden...

  📁 catatan/ → 1 artikel
  📁 laporan/ → 8 artikel
  📁 project/ → 1 artikel
  ✅ Sitemap: 14 URLs

✅ Selesai! Total 10 halaman terbit.
   📍 https://muhdanfyan.github.io/catatan/
   📍 https://muhdanfyan.github.io/laporan/
   📍 https://muhdanfyan.github.io/project/
  ✅ Build selesai
[main cbf1d27] gardener: auto-build 2026-08-01 09:30
 1 file changed, 20 insertions(+)
  ✅ Push ke GitHub Pages selesai
[2026-08-01 09:30:05] ✅ Selesai!

[2026-08-01 10:00:01] 🌱 Memulai deploy Digital Garden...
Already up to date.
  ✅ Pull selesai
🌱 Membangun Digital Garden...

  📁 catatan/ → 1 artikel
  📁 laporan/ → 8 artikel
  📁 project/ → 1 artikel
  ✅ Sitemap: 14 URLs

✅ Selesai! Total 10 halaman terbit.
   📍 https://muhdanfyan.github.io/catatan/
   📍 https://muhdanfyan.github.io/laporan/
   📍 https://muhdanfyan.github.io/project/
  ✅ Build selesai
[main d4148e7] gardener: auto-build 2026-08-01 10:00
 1 file changed, 20 insertions(+)
  ✅ Push ke GitHub Pages selesai
[2026-08-01 10:00:04] ✅ Selesai!

[2026-08-01 10:30:01] 🌱 Memulai deploy Digital Garden...
Already up to date.
  ✅ Pull selesai
🌱 Membangun Digital Garden...

  📁 catatan/ → 1 artikel
  📁 laporan/ → 8 artikel
  📁 project/ → 1 artikel
  ✅ Sitemap: 14 URLs

✅ Selesai! Total 10 halaman terbit.
   📍 https://muhdanfyan.github.io/catatan/
   📍 https://muhdanfyan.github.io/laporan/
   📍 https://muhdanfyan.github.io/project/
  ✅ Build selesai
[main 9cc3ae0] gardener: auto-build 2026-08-01 10:30
 1 file changed, 20 insertions(+)
  ✅ Push ke GitHub Pages selesai
[2026-08-01 10:30:05] ✅ Selesai!

[2026-08-01 11:00:01] 🌱 Memulai deploy Digital Garden...
Already up to date.
  ✅ Pull selesai
🌱 Membangun Digital Garden...

  📁 catatan/ → 1 artikel
  📁 laporan/ → 8 artikel
  📁 project/ → 1 artikel
  ✅ Sitemap: 14 URLs

✅ Selesai! Total 10 halaman terbit.
   📍 https://muhdanfyan.github.io/catatan/
   📍 https://muhdanfyan.github.io/laporan/
   📍 https://muhdanfyan.github.io/project/
  ✅ Build selesai
[main 295ac03] gardener: auto-build 2026-08-01 11:00
 1 file changed, 20 insertions(+)
  ✅ Push ke GitHub Pages selesai
[2026-08-01 11:00:05] ✅ Selesai!

[2026-08-01 11:30:01] 🌱 Memulai deploy Digital Garden...
Already up to date.
  ✅ Pull selesai
🌱 Membangun Digital Garden...

  📁 catatan/ → 1 artikel
  📁 laporan/ → 8 artikel
  📁 project/ → 1 artikel
  ✅ Sitemap: 14 URLs

✅ Selesai! Total 10 halaman terbit.
   📍 https://muhdanfyan.github.io/catatan/
   📍 https://muhdanfyan.github.io/laporan/
   📍 https://muhdanfyan.github.io/project/
  ✅ Build selesai
[main e2f36ba] gardener: auto-build 2026-08-01 11:30
 1 file changed, 20 insertions(+)
  ✅ Push ke GitHub Pages selesai
[2026-08-01 11:30:04] ✅ Selesai!

[2026-08-01 12:00:01] 🌱 Memulai deploy Digital Garden...
Already up to date.
  ✅ Pull selesai
🌱 Membangun Digital Garden...

  📁 catatan/ → 1 artikel
  📁 laporan/ → 8 artikel
  📁 project/ → 1 artikel
  ✅ Sitemap: 14 URLs

✅ Selesai! Total 10 halaman terbit.
   📍 https://muhdanfyan.github.io/catatan/
   📍 https://muhdanfyan.github.io/laporan/
   📍 https://muhdanfyan.github.io/project/
  ✅ Build selesai
[main 471fcad] gardener: auto-build 2026-08-01 12:00
 1 file changed, 20 insertions(+)
  ✅ Push ke GitHub Pages selesai
[2026-08-01 12:00:05] ✅ Selesai!

[2026-08-01 12:30:01] 🌱 Memulai deploy Digital Garden...
Already up to date.
  ✅ Pull selesai
🌱 Membangun Digital Garden...

  📁 catatan/ → 1 artikel
  📁 laporan/ → 8 artikel
  📁 project/ → 1 artikel
  ✅ Sitemap: 14 URLs

✅ Selesai! Total 10 halaman terbit.
   📍 https://muhdanfyan.github.io/catatan/
   📍 https://muhdanfyan.github.io/laporan/
   📍 https://muhdanfyan.github.io/project/
  ✅ Build selesai
[main dafdead] gardener: auto-build 2026-08-01 12:30
 1 file changed, 20 insertions(+)
  ✅ Push ke GitHub Pages selesai
[2026-08-01 12:30:04] ✅ Selesai!

[2026-08-01 13:00:01] 🌱 Memulai deploy Digital Garden...
Already up to date.
  ✅ Pull selesai
🌱 Membangun Digital Garden...

  📁 catatan/ → 1 artikel
  📁 laporan/ → 8 artikel
  📁 project/ → 1 artikel
  ✅ Sitemap: 14 URLs

✅ Selesai! Total 10 halaman terbit.
   📍 https://muhdanfyan.github.io/catatan/
   📍 https://muhdanfyan.github.io/laporan/
   📍 https://muhdanfyan.github.io/project/
  ✅ Build selesai
[main 4b85b5b] gardener: auto-build 2026-08-01 13:00
 1 file changed, 20 insertions(+)
  ✅ Push ke GitHub Pages selesai
[2026-08-01 13:00:04] ✅ Selesai!

[2026-08-01 13:30:01] 🌱 Memulai deploy Digital Garden...
Already up to date.
  ✅ Pull selesai
🌱 Membangun Digital Garden...

  📁 catatan/ → 1 artikel
  📁 laporan/ → 8 artikel
  📁 project/ → 1 artikel
  ✅ Sitemap: 14 URLs

✅ Selesai! Total 10 halaman terbit.
   📍 https://muhdanfyan.github.io/catatan/
   📍 https://muhdanfyan.github.io/laporan/
   📍 https://muhdanfyan.github.io/project/
  ✅ Build selesai
[main bd6a10a] gardener: auto-build 2026-08-01 13:30
 1 file changed, 20 insertions(+)
  ✅ Push ke GitHub Pages selesai
[2026-08-01 13:30:05] ✅ Selesai!

[2026-08-01 14:00:01] 🌱 Memulai deploy Digital Garden...
Already up to date.
  ✅ Pull selesai
🌱 Membangun Digital Garden...

  📁 catatan/ → 1 artikel
  📁 laporan/ → 8 artikel
  📁 project/ → 1 artikel
  ✅ Sitemap: 14 URLs

✅ Selesai! Total 10 halaman terbit.
   📍 https://muhdanfyan.github.io/catatan/
   📍 https://muhdanfyan.github.io/laporan/
   📍 https://muhdanfyan.github.io/project/
  ✅ Build selesai
[main f4e957f] gardener: auto-build 2026-08-01 14:00
 1 file changed, 20 insertions(+)
  ✅ Push ke GitHub Pages selesai
[2026-08-01 14:00:04] ✅ Selesai!

[2026-08-01 14:30:01] 🌱 Memulai deploy Digital Garden...
Already up to date.
  ✅ Pull selesai
🌱 Membangun Digital Garden...

  📁 catatan/ → 1 artikel
  📁 laporan/ → 8 artikel
  📁 project/ → 1 artikel
  ✅ Sitemap: 14 URLs

✅ Selesai! Total 10 halaman terbit.
   📍 https://muhdanfyan.github.io/catatan/
   📍 https://muhdanfyan.github.io/laporan/
   📍 https://muhdanfyan.github.io/project/
  ✅ Build selesai
[main 2cf7af6] gardener: auto-build 2026-08-01 14:30
 1 file changed, 20 insertions(+)
  ✅ Push ke GitHub Pages selesai
[2026-08-01 14:30:05] ✅ Selesai!

[2026-08-01 15:00:01] 🌱 Memulai deploy Digital Garden...
Already up to date.
  ✅ Pull selesai
🌱 Membangun Digital Garden...

  📁 catatan/ → 1 artikel
  📁 laporan/ → 8 artikel
  📁 project/ → 1 artikel
  ✅ Sitemap: 14 URLs

✅ Selesai! Total 10 halaman terbit.
   📍 https://muhdanfyan.github.io/catatan/
   📍 https://muhdanfyan.github.io/laporan/
   📍 https://muhdanfyan.github.io/project/
  ✅ Build selesai
[main 6ff18f3] gardener: auto-build 2026-08-01 15:00
 1 file changed, 20 insertions(+)
  ✅ Push ke GitHub Pages selesai
[2026-08-01 15:00:05] ✅ Selesai!

[2026-08-01 15:30:01] 🌱 Memulai deploy Digital Garden...
Already up to date.
  ✅ Pull selesai
🌱 Membangun Digital Garden...

  📁 catatan/ → 1 artikel
  📁 laporan/ → 8 artikel
  📁 project/ → 1 artikel
  ✅ Sitemap: 14 URLs

✅ Selesai! Total 10 halaman terbit.
   📍 https://muhdanfyan.github.io/catatan/
   📍 https://muhdanfyan.github.io/laporan/
   📍 https://muhdanfyan.github.io/project/
  ✅ Build selesai
[main d2baf05] gardener: auto-build 2026-08-01 15:30
 1 file changed, 20 insertions(+)
  ✅ Push ke GitHub Pages selesai
[2026-08-01 15:30:04] ✅ Selesai!

[2026-08-01 16:00:01] 🌱 Memulai deploy Digital Garden...
Already up to date.
  ✅ Pull selesai
🌱 Membangun Digital Garden...

  📁 catatan/ → 1 artikel
  📁 laporan/ → 8 artikel
  📁 project/ → 1 artikel
  ✅ Sitemap: 14 URLs

✅ Selesai! Total 10 halaman terbit.
   📍 https://muhdanfyan.github.io/catatan/
   📍 https://muhdanfyan.github.io/laporan/
   📍 https://muhdanfyan.github.io/project/
  ✅ Build selesai
[main 7f1f7f5] gardener: auto-build 2026-08-01 16:00
 1 file changed, 20 insertions(+)
  ✅ Push ke GitHub Pages selesai
[2026-08-01 16:00:04] ✅ Selesai!

[2026-08-01 16:30:01] 🌱 Memulai deploy Digital Garden...
Already up to date.
  ✅ Pull selesai
🌱 Membangun Digital Garden...

  📁 catatan/ → 1 artikel
  📁 laporan/ → 8 artikel
  📁 project/ → 1 artikel
  ✅ Sitemap: 14 URLs

✅ Selesai! Total 10 halaman terbit.
   📍 https://muhdanfyan.github.io/catatan/
   📍 https://muhdanfyan.github.io/laporan/
   📍 https://muhdanfyan.github.io/project/
  ✅ Build selesai
[main 3150a64] gardener: auto-build 2026-08-01 16:30
 1 file changed, 20 insertions(+)
  ✅ Push ke GitHub Pages selesai
[2026-08-01 16:30:05] ✅ Selesai!

[2026-08-01 17:00:01] 🌱 Memulai deploy Digital Garden...
Already up to date.
  ✅ Pull selesai
🌱 Membangun Digital Garden...

  📁 catatan/ → 1 artikel
  📁 laporan/ → 8 artikel
  📁 project/ → 1 artikel
  ✅ Sitemap: 14 URLs

✅ Selesai! Total 10 halaman terbit.
   📍 https://muhdanfyan.github.io/catatan/
   📍 https://muhdanfyan.github.io/laporan/
   📍 https://muhdanfyan.github.io/project/
  ✅ Build selesai
[main 9aa824f] gardener: auto-build 2026-08-01 17:00
 1 file changed, 20 insertions(+)
  ✅ Push ke GitHub Pages selesai
[2026-08-01 17:00:04] ✅ Selesai!

[2026-08-01 17:30:01] 🌱 Memulai deploy Digital Garden...
Already up to date.
  ✅ Pull selesai
🌱 Membangun Digital Garden...

  📁 catatan/ → 1 artikel
  📁 laporan/ → 8 artikel
  📁 project/ → 1 artikel
  ✅ Sitemap: 14 URLs

✅ Selesai! Total 10 halaman terbit.
   📍 https://muhdanfyan.github.io/catatan/
   📍 https://muhdanfyan.github.io/laporan/
   📍 https://muhdanfyan.github.io/project/
  ✅ Build selesai
[main 27faa06] gardener: auto-build 2026-08-01 17:30
 1 file changed, 20 insertions(+)
  ✅ Push ke GitHub Pages selesai
[2026-08-01 17:30:05] ✅ Selesai!

[2026-08-01 18:00:01] 🌱 Memulai deploy Digital Garden...
Already up to date.
  ✅ Pull selesai
🌱 Membangun Digital Garden...

  📁 catatan/ → 1 artikel
  📁 laporan/ → 8 artikel
  📁 project/ → 1 artikel
  ✅ Sitemap: 14 URLs

✅ Selesai! Total 10 halaman terbit.
   📍 https://muhdanfyan.github.io/catatan/
   📍 https://muhdanfyan.github.io/laporan/
   📍 https://muhdanfyan.github.io/project/
  ✅ Build selesai
[main 788eed3] gardener: auto-build 2026-08-01 18:00
 1 file changed, 20 insertions(+)
  ✅ Push ke GitHub Pages selesai
[2026-08-01 18:00:05] ✅ Selesai!

[2026-08-01 18:30:01] 🌱 Memulai deploy Digital Garden...
Already up to date.
  ✅ Pull selesai
🌱 Membangun Digital Garden...

  📁 catatan/ → 1 artikel
  📁 laporan/ → 8 artikel
  📁 project/ → 1 artikel
  ✅ Sitemap: 14 URLs

✅ Selesai! Total 10 halaman terbit.
   📍 https://muhdanfyan.github.io/catatan/
   📍 https://muhdanfyan.github.io/laporan/
   📍 https://muhdanfyan.github.io/project/
  ✅ Build selesai
[main b686f9d] gardener: auto-build 2026-08-01 18:30
 1 file changed, 20 insertions(+)
  ✅ Push ke GitHub Pages selesai
[2026-08-01 18:30:05] ✅ Selesai!

[2026-08-01 19:00:01] 🌱 Memulai deploy Digital Garden...
Already up to date.
  ✅ Pull selesai
🌱 Membangun Digital Garden...

  📁 catatan/ → 1 artikel
  📁 laporan/ → 8 artikel
  📁 project/ → 1 artikel
  ✅ Sitemap: 14 URLs

✅ Selesai! Total 10 halaman terbit.
   📍 https://muhdanfyan.github.io/catatan/
   📍 https://muhdanfyan.github.io/laporan/
   📍 https://muhdanfyan.github.io/project/
  ✅ Build selesai
[main 1299c09] gardener: auto-build 2026-08-01 19:00
 1 file changed, 20 insertions(+)
  ✅ Push ke GitHub Pages selesai
[2026-08-01 19:00:05] ✅ Selesai!

[2026-08-01 19:30:01] 🌱 Memulai deploy Digital Garden...
Already up to date.
  ✅ Pull selesai
🌱 Membangun Digital Garden...

  📁 catatan/ → 1 artikel
  📁 laporan/ → 8 artikel
  📁 project/ → 1 artikel
  ✅ Sitemap: 14 URLs

✅ Selesai! Total 10 halaman terbit.
   📍 https://muhdanfyan.github.io/catatan/
   📍 https://muhdanfyan.github.io/laporan/
   📍 https://muhdanfyan.github.io/project/
  ✅ Build selesai
[main 1929612] gardener: auto-build 2026-08-01 19:30
 1 file changed, 20 insertions(+)
  ✅ Push ke GitHub Pages selesai
[2026-08-01 19:30:04] ✅ Selesai!

[2026-08-01 20:00:01] 🌱 Memulai deploy Digital Garden...
Already up to date.
  ✅ Pull selesai
🌱 Membangun Digital Garden...

  📁 catatan/ → 1 artikel
  📁 laporan/ → 8 artikel
  📁 project/ → 1 artikel
  ✅ Sitemap: 14 URLs

✅ Selesai! Total 10 halaman terbit.
   📍 https://muhdanfyan.github.io/catatan/
   📍 https://muhdanfyan.github.io/laporan/
   📍 https://muhdanfyan.github.io/project/
  ✅ Build selesai
[main 6fa0909] gardener: auto-build 2026-08-01 20:00
 1 file changed, 20 insertions(+)
  ✅ Push ke GitHub Pages selesai
[2026-08-01 20:00:05] ✅ Selesai!

[2026-08-01 20:30:01] 🌱 Memulai deploy Digital Garden...
Already up to date.
  ✅ Pull selesai
🌱 Membangun Digital Garden...

  📁 catatan/ → 1 artikel
  📁 laporan/ → 8 artikel
  📁 project/ → 1 artikel
  ✅ Sitemap: 14 URLs

✅ Selesai! Total 10 halaman terbit.
   📍 https://muhdanfyan.github.io/catatan/
   📍 https://muhdanfyan.github.io/laporan/
   📍 https://muhdanfyan.github.io/project/
  ✅ Build selesai
[main 1cf54cf] gardener: auto-build 2026-08-01 20:30
 1 file changed, 20 insertions(+)
  ✅ Push ke GitHub Pages selesai
[2026-08-01 20:30:04] ✅ Selesai!

[2026-08-01 21:00:01] 🌱 Memulai deploy Digital Garden...
Already up to date.
  ✅ Pull selesai
🌱 Membangun Digital Garden...

  📁 catatan/ → 1 artikel
  📁 laporan/ → 8 artikel
  📁 project/ → 1 artikel
  ✅ Sitemap: 14 URLs

✅ Selesai! Total 10 halaman terbit.
   📍 https://muhdanfyan.github.io/catatan/
   📍 https://muhdanfyan.github.io/laporan/
   📍 https://muhdanfyan.github.io/project/
  ✅ Build selesai
[main 91308c5] gardener: auto-build 2026-08-01 21:00
 1 file changed, 20 insertions(+)
  ✅ Push ke GitHub Pages selesai
[2026-08-01 21:00:04] ✅ Selesai!

[2026-08-01 21:30:01] 🌱 Memulai deploy Digital Garden...
Already up to date.
  ✅ Pull selesai
🌱 Membangun Digital Garden...

  📁 catatan/ → 1 artikel
  📁 laporan/ → 8 artikel
  📁 project/ → 1 artikel
  ✅ Sitemap: 14 URLs

✅ Selesai! Total 10 halaman terbit.
   📍 https://muhdanfyan.github.io/catatan/
   📍 https://muhdanfyan.github.io/laporan/
   📍 https://muhdanfyan.github.io/project/
  ✅ Build selesai
[main 9c40a88] gardener: auto-build 2026-08-01 21:30
 1 file changed, 20 insertions(+)
  ✅ Push ke GitHub Pages selesai
[2026-08-01 21:30:05] ✅ Selesai!

[2026-08-01 22:00:01] 🌱 Memulai deploy Digital Garden...
Already up to date.
  ✅ Pull selesai
🌱 Membangun Digital Garden...

  📁 catatan/ → 1 artikel
  📁 laporan/ → 8 artikel
  📁 project/ → 1 artikel
  ✅ Sitemap: 14 URLs

✅ Selesai! Total 10 halaman terbit.
   📍 https://muhdanfyan.github.io/catatan/
   📍 https://muhdanfyan.github.io/laporan/
   📍 https://muhdanfyan.github.io/project/
  ✅ Build selesai
[main 9f6fd2f] gardener: auto-build 2026-08-01 22:00
 1 file changed, 20 insertions(+)
  ✅ Push ke GitHub Pages selesai
[2026-08-01 22:00:06] ✅ Selesai!

[2026-08-01 22:30:01] 🌱 Memulai deploy Digital Garden...
Already up to date.
  ✅ Pull selesai
🌱 Membangun Digital Garden...

  📁 catatan/ → 1 artikel
  📁 laporan/ → 8 artikel
  📁 project/ → 1 artikel
  ✅ Sitemap: 14 URLs

✅ Selesai! Total 10 halaman terbit.
   📍 https://muhdanfyan.github.io/catatan/
   📍 https://muhdanfyan.github.io/laporan/
   📍 https://muhdanfyan.github.io/project/
  ✅ Build selesai
[main e012bbf] gardener: auto-build 2026-08-01 22:30
 1 file changed, 20 insertions(+)
  ✅ Push ke GitHub Pages selesai
[2026-08-01 22:30:05] ✅ Selesai!

[2026-08-01 23:00:01] 🌱 Memulai deploy Digital Garden...
Already up to date.
  ✅ Pull selesai
🌱 Membangun Digital Garden...

  📁 catatan/ → 1 artikel
  📁 laporan/ → 8 artikel
  📁 project/ → 1 artikel
  ✅ Sitemap: 14 URLs

✅ Selesai! Total 10 halaman terbit.
   📍 https://muhdanfyan.github.io/catatan/
   📍 https://muhdanfyan.github.io/laporan/
   📍 https://muhdanfyan.github.io/project/
  ✅ Build selesai
[main 1ab5dc4] gardener: auto-build 2026-08-01 23:00
 1 file changed, 20 insertions(+)
  ✅ Push ke GitHub Pages selesai
[2026-08-01 23:00:04] ✅ Selesai!

[2026-08-01 23:30:01] 🌱 Memulai deploy Digital Garden...
Already up to date.
  ✅ Pull selesai
🌱 Membangun Digital Garden...

  📁 catatan/ → 1 artikel
  📁 laporan/ → 8 artikel
  📁 project/ → 1 artikel
  ✅ Sitemap: 14 URLs

✅ Selesai! Total 10 halaman terbit.
   📍 https://muhdanfyan.github.io/catatan/
   📍 https://muhdanfyan.github.io/laporan/
   📍 https://muhdanfyan.github.io/project/
  ✅ Build selesai
[main 90a880d] gardener: auto-build 2026-08-01 23:30
 1 file changed, 20 insertions(+)
  ✅ Push ke GitHub Pages selesai
[2026-08-01 23:30:05] ✅ Selesai!

[2026-08-02 00:00:02] 🌱 Memulai deploy Digital Garden...
Already up to date.
  ✅ Pull selesai
🌱 Membangun Digital Garden...

  📁 catatan/ → 1 artikel
  📁 laporan/ → 8 artikel
  📁 project/ → 1 artikel
  ✅ Sitemap: 14 URLs

✅ Selesai! Total 10 halaman terbit.
   📍 https://muhdanfyan.github.io/catatan/
   📍 https://muhdanfyan.github.io/laporan/
   📍 https://muhdanfyan.github.io/project/
  ✅ Build selesai
[main 8456ea4] gardener: auto-build 2026-08-02 00:00
 1 file changed, 20 insertions(+)
  ✅ Push ke GitHub Pages selesai
[2026-08-02 00:00:08] ✅ Selesai!

[2026-08-02 00:30:01] 🌱 Memulai deploy Digital Garden...
Already up to date.
  ✅ Pull selesai
🌱 Membangun Digital Garden...

  📁 catatan/ → 1 artikel
  📁 laporan/ → 9 artikel
  📁 project/ → 1 artikel
  ✅ Sitemap: 15 URLs

✅ Selesai! Total 11 halaman terbit.
   📍 https://muhdanfyan.github.io/catatan/
   📍 https://muhdanfyan.github.io/laporan/
   📍 https://muhdanfyan.github.io/project/
  ✅ Build selesai
[main c29cae6] gardener: auto-build 2026-08-02 00:30
 2 files changed, 63 insertions(+)
 create mode 100644 content/laporan/2026-08-02.md
  ✅ Push ke GitHub Pages selesai
[2026-08-02 00:30:05] ✅ Selesai!

[2026-08-02 01:00:01] 🌱 Memulai deploy Digital Garden...
Already up to date.
  ✅ Pull selesai
🌱 Membangun Digital Garden...

  📁 catatan/ → 1 artikel
  📁 laporan/ → 9 artikel
  📁 project/ → 1 artikel
  ✅ Sitemap: 15 URLs

✅ Selesai! Total 11 halaman terbit.
   📍 https://muhdanfyan.github.io/catatan/
   📍 https://muhdanfyan.github.io/laporan/
   📍 https://muhdanfyan.github.io/project/
  ✅ Build selesai
[main 62c8a14] gardener: auto-build 2026-08-02 01:00
 1 file changed, 21 insertions(+)
  ✅ Push ke GitHub Pages selesai
[2026-08-02 01:00:05] ✅ Selesai!

[2026-08-02 01:30:01] 🌱 Memulai deploy Digital Garden...
Already up to date.
  ✅ Pull selesai
🌱 Membangun Digital Garden...

  📁 catatan/ → 1 artikel
  📁 laporan/ → 9 artikel
  📁 project/ → 1 artikel
  ✅ Sitemap: 15 URLs

✅ Selesai! Total 11 halaman terbit.
   📍 https://muhdanfyan.github.io/catatan/
   📍 https://muhdanfyan.github.io/laporan/
   📍 https://muhdanfyan.github.io/project/
  ✅ Build selesai
[main 58ce552] gardener: auto-build 2026-08-02 01:30
 1 file changed, 20 insertions(+)
  ✅ Push ke GitHub Pages selesai
[2026-08-02 01:30:04] ✅ Selesai!

[2026-08-02 02:00:01] 🌱 Memulai deploy Digital Garden...
Already up to date.
  ✅ Pull selesai
🌱 Membangun Digital Garden...

  📁 catatan/ → 1 artikel
  📁 laporan/ → 9 artikel
  📁 project/ → 1 artikel
  ✅ Sitemap: 15 URLs

✅ Selesai! Total 11 halaman terbit.
   📍 https://muhdanfyan.github.io/catatan/
   📍 https://muhdanfyan.github.io/laporan/
   📍 https://muhdanfyan.github.io/project/
  ✅ Build selesai
[main c231f13] gardener: auto-build 2026-08-02 02:00
 1 file changed, 20 insertions(+)
  ✅ Push ke GitHub Pages selesai
[2026-08-02 02:00:04] ✅ Selesai!

[2026-08-02 02:30:01] 🌱 Memulai deploy Digital Garden...
Already up to date.
  ✅ Pull selesai
🌱 Membangun Digital Garden...

  📁 catatan/ → 1 artikel
  📁 laporan/ → 9 artikel
  📁 project/ → 1 artikel
  ✅ Sitemap: 15 URLs

✅ Selesai! Total 11 halaman terbit.
   📍 https://muhdanfyan.github.io/catatan/
   📍 https://muhdanfyan.github.io/laporan/
   📍 https://muhdanfyan.github.io/project/
  ✅ Build selesai
[main 8bf6e16] gardener: auto-build 2026-08-02 02:30
 1 file changed, 20 insertions(+)
  ✅ Push ke GitHub Pages selesai
[2026-08-02 02:30:05] ✅ Selesai!

[2026-08-02 03:00:01] 🌱 Memulai deploy Digital Garden...
Already up to date.
  ✅ Pull selesai
🌱 Membangun Digital Garden...

  📁 catatan/ → 1 artikel
  📁 laporan/ → 9 artikel
  📁 project/ → 1 artikel
  ✅ Sitemap: 15 URLs

✅ Selesai! Total 11 halaman terbit.
   📍 https://muhdanfyan.github.io/catatan/
   📍 https://muhdanfyan.github.io/laporan/
   📍 https://muhdanfyan.github.io/project/
  ✅ Build selesai
[main 16ff6b8] gardener: auto-build 2026-08-02 03:00
 1 file changed, 20 insertions(+)
  ✅ Push ke GitHub Pages selesai
[2026-08-02 03:00:04] ✅ Selesai!

[2026-08-02 03:30:01] 🌱 Memulai deploy Digital Garden...
Already up to date.
  ✅ Pull selesai
🌱 Membangun Digital Garden...

  📁 catatan/ → 1 artikel
  📁 laporan/ → 9 artikel
  📁 project/ → 1 artikel
  ✅ Sitemap: 15 URLs

✅ Selesai! Total 11 halaman terbit.
   📍 https://muhdanfyan.github.io/catatan/
   📍 https://muhdanfyan.github.io/laporan/
   📍 https://muhdanfyan.github.io/project/
  ✅ Build selesai
[main 6db04d3] gardener: auto-build 2026-08-02 03:30
 1 file changed, 20 insertions(+)
  ✅ Push ke GitHub Pages selesai
[2026-08-02 03:30:04] ✅ Selesai!

[2026-08-02 04:00:01] 🌱 Memulai deploy Digital Garden...
Already up to date.
  ✅ Pull selesai
🌱 Membangun Digital Garden...

  📁 catatan/ → 1 artikel
  📁 laporan/ → 9 artikel
  📁 project/ → 1 artikel
  ✅ Sitemap: 15 URLs

✅ Selesai! Total 11 halaman terbit.
   📍 https://muhdanfyan.github.io/catatan/
   📍 https://muhdanfyan.github.io/laporan/
   📍 https://muhdanfyan.github.io/project/
  ✅ Build selesai
[main 78096d9] gardener: auto-build 2026-08-02 04:00
 1 file changed, 20 insertions(+)
  ✅ Push ke GitHub Pages selesai
[2026-08-02 04:00:04] ✅ Selesai!

[2026-08-02 04:30:02] 🌱 Memulai deploy Digital Garden...
Already up to date.
  ✅ Pull selesai
🌱 Membangun Digital Garden...

  📁 catatan/ → 1 artikel
  📁 laporan/ → 9 artikel
  📁 project/ → 1 artikel
  ✅ Sitemap: 15 URLs

✅ Selesai! Total 11 halaman terbit.
   📍 https://muhdanfyan.github.io/catatan/
   📍 https://muhdanfyan.github.io/laporan/
   📍 https://muhdanfyan.github.io/project/
  ✅ Build selesai
[main 8732b4f] gardener: auto-build 2026-08-02 04:30
 1 file changed, 20 insertions(+)
  ✅ Push ke GitHub Pages selesai
[2026-08-02 04:30:05] ✅ Selesai!

[2026-08-02 05:00:01] 🌱 Memulai deploy Digital Garden...
Already up to date.
  ✅ Pull selesai
🌱 Membangun Digital Garden...

  📁 catatan/ → 1 artikel
  📁 laporan/ → 9 artikel
  📁 project/ → 1 artikel
  ✅ Sitemap: 15 URLs

✅ Selesai! Total 11 halaman terbit.
   📍 https://muhdanfyan.github.io/catatan/
   📍 https://muhdanfyan.github.io/laporan/
   📍 https://muhdanfyan.github.io/project/
  ✅ Build selesai
[main e2fb51b] gardener: auto-build 2026-08-02 05:00
 1 file changed, 20 insertions(+)
  ✅ Push ke GitHub Pages selesai
[2026-08-02 05:00:05] ✅ Selesai!

[2026-08-02 05:30:01] 🌱 Memulai deploy Digital Garden...
Already up to date.
  ✅ Pull selesai
🌱 Membangun Digital Garden...

  📁 catatan/ → 1 artikel
  📁 laporan/ → 9 artikel
  📁 project/ → 1 artikel
  ✅ Sitemap: 15 URLs

✅ Selesai! Total 11 halaman terbit.
   📍 https://muhdanfyan.github.io/catatan/
   📍 https://muhdanfyan.github.io/laporan/
   📍 https://muhdanfyan.github.io/project/
  ✅ Build selesai
[main 295a92e] gardener: auto-build 2026-08-02 05:30
 1 file changed, 20 insertions(+)
  ✅ Push ke GitHub Pages selesai
[2026-08-02 05:30:04] ✅ Selesai!

[2026-08-02 06:00:01] 🌱 Memulai deploy Digital Garden...
Already up to date.
  ✅ Pull selesai
🌱 Membangun Digital Garden...

  📁 catatan/ → 1 artikel
  📁 laporan/ → 9 artikel
  📁 project/ → 1 artikel
  ✅ Sitemap: 15 URLs

✅ Selesai! Total 11 halaman terbit.
   📍 https://muhdanfyan.github.io/catatan/
   📍 https://muhdanfyan.github.io/laporan/
   📍 https://muhdanfyan.github.io/project/
  ✅ Build selesai
[main d5762a1] gardener: auto-build 2026-08-02 06:00
 1 file changed, 20 insertions(+)
  ✅ Push ke GitHub Pages selesai
[2026-08-02 06:00:04] ✅ Selesai!

[2026-08-02 06:30:01] 🌱 Memulai deploy Digital Garden...
Already up to date.
  ✅ Pull selesai
🌱 Membangun Digital Garden...

  📁 catatan/ → 1 artikel
  📁 laporan/ → 9 artikel
  📁 project/ → 1 artikel
  ✅ Sitemap: 15 URLs

✅ Selesai! Total 11 halaman terbit.
   📍 https://muhdanfyan.github.io/catatan/
   📍 https://muhdanfyan.github.io/laporan/
   📍 https://muhdanfyan.github.io/project/
  ✅ Build selesai
[main a2b6621] gardener: auto-build 2026-08-02 06:30
 1 file changed, 20 insertions(+)
  ✅ Push ke GitHub Pages selesai
[2026-08-02 06:30:04] ✅ Selesai!

[2026-08-02 07:00:01] 🌱 Memulai deploy Digital Garden...
Already up to date.
  ✅ Pull selesai
🌱 Membangun Digital Garden...

  📁 catatan/ → 1 artikel
  📁 laporan/ → 9 artikel
  📁 project/ → 1 artikel
  ✅ Sitemap: 15 URLs

✅ Selesai! Total 11 halaman terbit.
   📍 https://muhdanfyan.github.io/catatan/
   📍 https://muhdanfyan.github.io/laporan/
   📍 https://muhdanfyan.github.io/project/
  ✅ Build selesai
[main 6c82997] gardener: auto-build 2026-08-02 07:00
 1 file changed, 20 insertions(+)
  ✅ Push ke GitHub Pages selesai
[2026-08-02 07:00:05] ✅ Selesai!

[2026-08-02 07:30:01] 🌱 Memulai deploy Digital Garden...
Already up to date.
  ✅ Pull selesai
🌱 Membangun Digital Garden...

  📁 catatan/ → 1 artikel
  📁 laporan/ → 9 artikel
  📁 project/ → 1 artikel
  ✅ Sitemap: 15 URLs

✅ Selesai! Total 11 halaman terbit.
   📍 https://muhdanfyan.github.io/catatan/
   📍 https://muhdanfyan.github.io/laporan/
   📍 https://muhdanfyan.github.io/project/
  ✅ Build selesai
[main 96a5595] gardener: auto-build 2026-08-02 07:30
 1 file changed, 20 insertions(+)
  ✅ Push ke GitHub Pages selesai
[2026-08-02 07:30:04] ✅ Selesai!

[2026-08-02 08:00:01] 🌱 Memulai deploy Digital Garden...
Already up to date.
  ✅ Pull selesai
🌱 Membangun Digital Garden...

  📁 catatan/ → 1 artikel
  📁 laporan/ → 9 artikel
  📁 project/ → 1 artikel
  ✅ Sitemap: 15 URLs

✅ Selesai! Total 11 halaman terbit.
   📍 https://muhdanfyan.github.io/catatan/
   📍 https://muhdanfyan.github.io/laporan/
   📍 https://muhdanfyan.github.io/project/
  ✅ Build selesai
[main 557f53e] gardener: auto-build 2026-08-02 08:00
 1 file changed, 20 insertions(+)
  ✅ Push ke GitHub Pages selesai
[2026-08-02 08:00:04] ✅ Selesai!

[2026-08-02 08:30:01] 🌱 Memulai deploy Digital Garden...
Already up to date.
  ✅ Pull selesai
🌱 Membangun Digital Garden...

  📁 catatan/ → 1 artikel
  📁 laporan/ → 9 artikel
  📁 project/ → 1 artikel
  ✅ Sitemap: 15 URLs

✅ Selesai! Total 11 halaman terbit.
   📍 https://muhdanfyan.github.io/catatan/
   📍 https://muhdanfyan.github.io/laporan/
   📍 https://muhdanfyan.github.io/project/
  ✅ Build selesai
[main 2c694c4] gardener: auto-build 2026-08-02 08:30
 1 file changed, 20 insertions(+)
  ✅ Push ke GitHub Pages selesai
[2026-08-02 08:30:04] ✅ Selesai!

[2026-08-02 09:00:01] 🌱 Memulai deploy Digital Garden...
Already up to date.
  ✅ Pull selesai
🌱 Membangun Digital Garden...

  📁 catatan/ → 1 artikel
  📁 laporan/ → 9 artikel
  📁 project/ → 1 artikel
  ✅ Sitemap: 15 URLs

✅ Selesai! Total 11 halaman terbit.
   📍 https://muhdanfyan.github.io/catatan/
   📍 https://muhdanfyan.github.io/laporan/
   📍 https://muhdanfyan.github.io/project/
  ✅ Build selesai
[main 46bdd38] gardener: auto-build 2026-08-02 09:00
 1 file changed, 20 insertions(+)
  ✅ Push ke GitHub Pages selesai
[2026-08-02 09:00:06] ✅ Selesai!

[2026-08-02 09:30:01] 🌱 Memulai deploy Digital Garden...
Already up to date.
  ✅ Pull selesai
🌱 Membangun Digital Garden...

  📁 catatan/ → 1 artikel
  📁 laporan/ → 9 artikel
  📁 project/ → 1 artikel
  ✅ Sitemap: 15 URLs

✅ Selesai! Total 11 halaman terbit.
   📍 https://muhdanfyan.github.io/catatan/
   📍 https://muhdanfyan.github.io/laporan/
   📍 https://muhdanfyan.github.io/project/
  ✅ Build selesai
[main 228f234] gardener: auto-build 2026-08-02 09:30
 1 file changed, 20 insertions(+)
  ✅ Push ke GitHub Pages selesai
[2026-08-02 09:30:04] ✅ Selesai!

[2026-08-02 10:00:01] 🌱 Memulai deploy Digital Garden...
Already up to date.
  ✅ Pull selesai
🌱 Membangun Digital Garden...

  📁 catatan/ → 1 artikel
  📁 laporan/ → 9 artikel
  📁 project/ → 1 artikel
  ✅ Sitemap: 15 URLs

✅ Selesai! Total 11 halaman terbit.
   📍 https://muhdanfyan.github.io/catatan/
   📍 https://muhdanfyan.github.io/laporan/
   📍 https://muhdanfyan.github.io/project/
  ✅ Build selesai
[main c45d7b8] gardener: auto-build 2026-08-02 10:00
 1 file changed, 20 insertions(+)
  ✅ Push ke GitHub Pages selesai
[2026-08-02 10:00:04] ✅ Selesai!

[2026-08-02 10:30:01] 🌱 Memulai deploy Digital Garden...
Already up to date.
  ✅ Pull selesai
🌱 Membangun Digital Garden...

  📁 catatan/ → 1 artikel
  📁 laporan/ → 9 artikel
  📁 project/ → 1 artikel
  ✅ Sitemap: 15 URLs

✅ Selesai! Total 11 halaman terbit.
   📍 https://muhdanfyan.github.io/catatan/
   📍 https://muhdanfyan.github.io/laporan/
   📍 https://muhdanfyan.github.io/project/
  ✅ Build selesai
[main c615b58] gardener: auto-build 2026-08-02 10:30
 1 file changed, 20 insertions(+)
  ✅ Push ke GitHub Pages selesai
[2026-08-02 10:30:04] ✅ Selesai!

[2026-08-02 11:00:02] 🌱 Memulai deploy Digital Garden...
Already up to date.
  ✅ Pull selesai
🌱 Membangun Digital Garden...

  📁 catatan/ → 1 artikel
  📁 laporan/ → 9 artikel
  📁 project/ → 1 artikel
  ✅ Sitemap: 15 URLs

✅ Selesai! Total 11 halaman terbit.
   📍 https://muhdanfyan.github.io/catatan/
   📍 https://muhdanfyan.github.io/laporan/
   📍 https://muhdanfyan.github.io/project/
  ✅ Build selesai
[main 9b8aa56] gardener: auto-build 2026-08-02 11:00
 1 file changed, 20 insertions(+)
  ✅ Push ke GitHub Pages selesai
[2026-08-02 11:00:05] ✅ Selesai!

[2026-08-02 11:30:01] 🌱 Memulai deploy Digital Garden...
Already up to date.
  ✅ Pull selesai
🌱 Membangun Digital Garden...

  📁 catatan/ → 1 artikel
  📁 laporan/ → 9 artikel
  📁 project/ → 1 artikel
  ✅ Sitemap: 15 URLs

✅ Selesai! Total 11 halaman terbit.
   📍 https://muhdanfyan.github.io/catatan/
   📍 https://muhdanfyan.github.io/laporan/
   📍 https://muhdanfyan.github.io/project/
  ✅ Build selesai
[main f113480] gardener: auto-build 2026-08-02 11:30
 1 file changed, 20 insertions(+)
  ✅ Push ke GitHub Pages selesai
[2026-08-02 11:30:04] ✅ Selesai!

[2026-08-02 12:00:01] 🌱 Memulai deploy Digital Garden...
Already up to date.
  ✅ Pull selesai
🌱 Membangun Digital Garden...

  📁 catatan/ → 1 artikel
  📁 laporan/ → 9 artikel
  📁 project/ → 1 artikel
  ✅ Sitemap: 15 URLs

✅ Selesai! Total 11 halaman terbit.
   📍 https://muhdanfyan.github.io/catatan/
   📍 https://muhdanfyan.github.io/laporan/
   📍 https://muhdanfyan.github.io/project/
  ✅ Build selesai
[main f050ef4] gardener: auto-build 2026-08-02 12:00
 1 file changed, 20 insertions(+)
  ✅ Push ke GitHub Pages selesai
[2026-08-02 12:00:05] ✅ Selesai!

[2026-08-02 12:30:01] 🌱 Memulai deploy Digital Garden...
Already up to date.
  ✅ Pull selesai
🌱 Membangun Digital Garden...

  📁 catatan/ → 1 artikel
  📁 laporan/ → 9 artikel
  📁 project/ → 1 artikel
  ✅ Sitemap: 15 URLs

✅ Selesai! Total 11 halaman terbit.
   📍 https://muhdanfyan.github.io/catatan/
   📍 https://muhdanfyan.github.io/laporan/
   📍 https://muhdanfyan.github.io/project/
  ✅ Build selesai
[main 5d6fdac] gardener: auto-build 2026-08-02 12:30
 1 file changed, 20 insertions(+)
  ✅ Push ke GitHub Pages selesai
[2026-08-02 12:30:04] ✅ Selesai!

[2026-08-02 13:00:01] 🌱 Memulai deploy Digital Garden...
Already up to date.
  ✅ Pull selesai
🌱 Membangun Digital Garden...

  📁 catatan/ → 1 artikel
  📁 laporan/ → 9 artikel
  📁 project/ → 1 artikel
  ✅ Sitemap: 15 URLs

✅ Selesai! Total 11 halaman terbit.
   📍 https://muhdanfyan.github.io/catatan/
   📍 https://muhdanfyan.github.io/laporan/
   📍 https://muhdanfyan.github.io/project/
  ✅ Build selesai
[main eff564c] gardener: auto-build 2026-08-02 13:00
 1 file changed, 20 insertions(+)
  ✅ Push ke GitHub Pages selesai
[2026-08-02 13:00:05] ✅ Selesai!

[2026-08-02 13:30:01] 🌱 Memulai deploy Digital Garden...
Already up to date.
  ✅ Pull selesai
🌱 Membangun Digital Garden...

  📁 catatan/ → 1 artikel
  📁 laporan/ → 9 artikel
  📁 project/ → 1 artikel
  ✅ Sitemap: 15 URLs

✅ Selesai! Total 11 halaman terbit.
   📍 https://muhdanfyan.github.io/catatan/
   📍 https://muhdanfyan.github.io/laporan/
   📍 https://muhdanfyan.github.io/project/
  ✅ Build selesai
[main b1ce8fd] gardener: auto-build 2026-08-02 13:30
 1 file changed, 20 insertions(+)
  ✅ Push ke GitHub Pages selesai
[2026-08-02 13:30:05] ✅ Selesai!

[2026-08-02 14:00:01] 🌱 Memulai deploy Digital Garden...
Already up to date.
  ✅ Pull selesai
🌱 Membangun Digital Garden...

  📁 catatan/ → 1 artikel
  📁 laporan/ → 9 artikel
  📁 project/ → 1 artikel
  ✅ Sitemap: 15 URLs

✅ Selesai! Total 11 halaman terbit.
   📍 https://muhdanfyan.github.io/catatan/
   📍 https://muhdanfyan.github.io/laporan/
   📍 https://muhdanfyan.github.io/project/
  ✅ Build selesai
[main 2d7924d] gardener: auto-build 2026-08-02 14:00
 1 file changed, 20 insertions(+)
  ✅ Push ke GitHub Pages selesai
[2026-08-02 14:00:05] ✅ Selesai!

[2026-08-02 14:30:01] 🌱 Memulai deploy Digital Garden...
Already up to date.
  ✅ Pull selesai
🌱 Membangun Digital Garden...

  📁 catatan/ → 1 artikel
  📁 laporan/ → 9 artikel
  📁 project/ → 1 artikel
  ✅ Sitemap: 15 URLs

✅ Selesai! Total 11 halaman terbit.
   📍 https://muhdanfyan.github.io/catatan/
   📍 https://muhdanfyan.github.io/laporan/
   📍 https://muhdanfyan.github.io/project/
  ✅ Build selesai
[main 7f2af0e] gardener: auto-build 2026-08-02 14:30
 1 file changed, 20 insertions(+)
  ✅ Push ke GitHub Pages selesai
[2026-08-02 14:30:05] ✅ Selesai!

[2026-08-02 15:00:01] 🌱 Memulai deploy Digital Garden...
Already up to date.
  ✅ Pull selesai
🌱 Membangun Digital Garden...

  📁 catatan/ → 1 artikel
  📁 laporan/ → 9 artikel
  📁 project/ → 1 artikel
  ✅ Sitemap: 15 URLs

✅ Selesai! Total 11 halaman terbit.
   📍 https://muhdanfyan.github.io/catatan/
   📍 https://muhdanfyan.github.io/laporan/
   📍 https://muhdanfyan.github.io/project/
  ✅ Build selesai
[main 2fb584e] gardener: auto-build 2026-08-02 15:00
 1 file changed, 20 insertions(+)
  ✅ Push ke GitHub Pages selesai
[2026-08-02 15:00:04] ✅ Selesai!

[2026-08-02 15:30:01] 🌱 Memulai deploy Digital Garden...
Already up to date.
  ✅ Pull selesai
🌱 Membangun Digital Garden...

  📁 catatan/ → 1 artikel
  📁 laporan/ → 9 artikel
  📁 project/ → 1 artikel
  ✅ Sitemap: 15 URLs

✅ Selesai! Total 11 halaman terbit.
   📍 https://muhdanfyan.github.io/catatan/
   📍 https://muhdanfyan.github.io/laporan/
   📍 https://muhdanfyan.github.io/project/
  ✅ Build selesai
[main 9ee69c2] gardener: auto-build 2026-08-02 15:30
 1 file changed, 20 insertions(+)
  ✅ Push ke GitHub Pages selesai
[2026-08-02 15:30:04] ✅ Selesai!

[2026-08-02 16:00:01] 🌱 Memulai deploy Digital Garden...
Already up to date.
  ✅ Pull selesai
🌱 Membangun Digital Garden...

  📁 catatan/ → 1 artikel
  📁 laporan/ → 9 artikel
  📁 project/ → 1 artikel
  ✅ Sitemap: 15 URLs

✅ Selesai! Total 11 halaman terbit.
   📍 https://muhdanfyan.github.io/catatan/
   📍 https://muhdanfyan.github.io/laporan/
   📍 https://muhdanfyan.github.io/project/
  ✅ Build selesai
[main 0298264] gardener: auto-build 2026-08-02 16:00
 1 file changed, 20 insertions(+)
  ✅ Push ke GitHub Pages selesai
[2026-08-02 16:00:05] ✅ Selesai!

[2026-08-02 16:30:01] 🌱 Memulai deploy Digital Garden...
Already up to date.
  ✅ Pull selesai
🌱 Membangun Digital Garden...

  📁 catatan/ → 1 artikel
  📁 laporan/ → 9 artikel
  📁 project/ → 1 artikel
  ✅ Sitemap: 15 URLs

✅ Selesai! Total 11 halaman terbit.
   📍 https://muhdanfyan.github.io/catatan/
   📍 https://muhdanfyan.github.io/laporan/
   📍 https://muhdanfyan.github.io/project/
  ✅ Build selesai
[main 0e65542] gardener: auto-build 2026-08-02 16:30
 1 file changed, 20 insertions(+)
  ✅ Push ke GitHub Pages selesai
[2026-08-02 16:30:05] ✅ Selesai!

[2026-08-02 17:00:01] 🌱 Memulai deploy Digital Garden...
Already up to date.
  ✅ Pull selesai
🌱 Membangun Digital Garden...

  📁 catatan/ → 1 artikel
  📁 laporan/ → 9 artikel
  📁 project/ → 1 artikel
  ✅ Sitemap: 15 URLs

✅ Selesai! Total 11 halaman terbit.
   📍 https://muhdanfyan.github.io/catatan/
   📍 https://muhdanfyan.github.io/laporan/
   📍 https://muhdanfyan.github.io/project/
  ✅ Build selesai
[main c707cae] gardener: auto-build 2026-08-02 17:00
 1 file changed, 20 insertions(+)
  ✅ Push ke GitHub Pages selesai
[2026-08-02 17:00:05] ✅ Selesai!

[2026-08-02 17:30:01] 🌱 Memulai deploy Digital Garden...
Already up to date.
  ✅ Pull selesai
🌱 Membangun Digital Garden...

  📁 catatan/ → 1 artikel
  📁 laporan/ → 9 artikel
  📁 project/ → 1 artikel
  ✅ Sitemap: 15 URLs

✅ Selesai! Total 11 halaman terbit.
   📍 https://muhdanfyan.github.io/catatan/
   📍 https://muhdanfyan.github.io/laporan/
   📍 https://muhdanfyan.github.io/project/
  ✅ Build selesai
[main f3342bb] gardener: auto-build 2026-08-02 17:30
 1 file changed, 20 insertions(+)
  ✅ Push ke GitHub Pages selesai
[2026-08-02 17:30:04] ✅ Selesai!

[2026-08-02 18:00:01] 🌱 Memulai deploy Digital Garden...
Already up to date.
  ✅ Pull selesai
🌱 Membangun Digital Garden...

  📁 catatan/ → 1 artikel
  📁 laporan/ → 9 artikel
  📁 project/ → 1 artikel
  ✅ Sitemap: 15 URLs

✅ Selesai! Total 11 halaman terbit.
   📍 https://muhdanfyan.github.io/catatan/
   📍 https://muhdanfyan.github.io/laporan/
   📍 https://muhdanfyan.github.io/project/
  ✅ Build selesai
[main e0814c6] gardener: auto-build 2026-08-02 18:00
 1 file changed, 20 insertions(+)
  ✅ Push ke GitHub Pages selesai
[2026-08-02 18:00:05] ✅ Selesai!

[2026-08-02 18:30:01] 🌱 Memulai deploy Digital Garden...
Already up to date.
  ✅ Pull selesai
🌱 Membangun Digital Garden...

  📁 catatan/ → 1 artikel
  📁 laporan/ → 9 artikel
  📁 project/ → 1 artikel
  ✅ Sitemap: 15 URLs

✅ Selesai! Total 11 halaman terbit.
   📍 https://muhdanfyan.github.io/catatan/
   📍 https://muhdanfyan.github.io/laporan/
   📍 https://muhdanfyan.github.io/project/
  ✅ Build selesai
[main c5e8265] gardener: auto-build 2026-08-02 18:30
 1 file changed, 20 insertions(+)
  ✅ Push ke GitHub Pages selesai
[2026-08-02 18:30:04] ✅ Selesai!

[2026-08-02 19:00:02] 🌱 Memulai deploy Digital Garden...
Already up to date.
  ✅ Pull selesai
🌱 Membangun Digital Garden...

  📁 catatan/ → 1 artikel
  📁 laporan/ → 9 artikel
  📁 project/ → 1 artikel
  ✅ Sitemap: 15 URLs

✅ Selesai! Total 11 halaman terbit.
   📍 https://muhdanfyan.github.io/catatan/
   📍 https://muhdanfyan.github.io/laporan/
   📍 https://muhdanfyan.github.io/project/
  ✅ Build selesai
[main 8f8b774] gardener: auto-build 2026-08-02 19:00
 1 file changed, 20 insertions(+)
  ✅ Push ke GitHub Pages selesai
[2026-08-02 19:00:05] ✅ Selesai!

[2026-08-02 19:30:01] 🌱 Memulai deploy Digital Garden...
Already up to date.
  ✅ Pull selesai
🌱 Membangun Digital Garden...

  📁 catatan/ → 1 artikel
  📁 laporan/ → 9 artikel
  📁 project/ → 1 artikel
  ✅ Sitemap: 15 URLs

✅ Selesai! Total 11 halaman terbit.
   📍 https://muhdanfyan.github.io/catatan/
   📍 https://muhdanfyan.github.io/laporan/
   📍 https://muhdanfyan.github.io/project/
  ✅ Build selesai
[main ec09ecb] gardener: auto-build 2026-08-02 19:30
 1 file changed, 20 insertions(+)
  ✅ Push ke GitHub Pages selesai
[2026-08-02 19:30:05] ✅ Selesai!

[2026-08-02 20:00:01] 🌱 Memulai deploy Digital Garden...
Already up to date.
  ✅ Pull selesai
🌱 Membangun Digital Garden...

  📁 catatan/ → 1 artikel
  📁 laporan/ → 9 artikel
  📁 project/ → 1 artikel
  ✅ Sitemap: 15 URLs

✅ Selesai! Total 11 halaman terbit.
   📍 https://muhdanfyan.github.io/catatan/
   📍 https://muhdanfyan.github.io/laporan/
   📍 https://muhdanfyan.github.io/project/
  ✅ Build selesai
[main ce6673e] gardener: auto-build 2026-08-02 20:00
 1 file changed, 20 insertions(+)
  ✅ Push ke GitHub Pages selesai
[2026-08-02 20:00:05] ✅ Selesai!

[2026-08-02 20:30:01] 🌱 Memulai deploy Digital Garden...
Already up to date.
  ✅ Pull selesai
🌱 Membangun Digital Garden...

  📁 catatan/ → 1 artikel
  📁 laporan/ → 9 artikel
  📁 project/ → 1 artikel
  ✅ Sitemap: 15 URLs

✅ Selesai! Total 11 halaman terbit.
   📍 https://muhdanfyan.github.io/catatan/
   📍 https://muhdanfyan.github.io/laporan/
   📍 https://muhdanfyan.github.io/project/
  ✅ Build selesai
[main 3698791] gardener: auto-build 2026-08-02 20:30
 1 file changed, 20 insertions(+)
  ✅ Push ke GitHub Pages selesai
[2026-08-02 20:30:05] ✅ Selesai!

[2026-08-02 21:00:01] 🌱 Memulai deploy Digital Garden...
Already up to date.
  ✅ Pull selesai
🌱 Membangun Digital Garden...

  📁 catatan/ → 1 artikel
  📁 laporan/ → 9 artikel
  📁 project/ → 1 artikel
  ✅ Sitemap: 15 URLs

✅ Selesai! Total 11 halaman terbit.
   📍 https://muhdanfyan.github.io/catatan/
   📍 https://muhdanfyan.github.io/laporan/
   📍 https://muhdanfyan.github.io/project/
  ✅ Build selesai
[main 9692195] gardener: auto-build 2026-08-02 21:00
 1 file changed, 20 insertions(+)
  ✅ Push ke GitHub Pages selesai
[2026-08-02 21:00:06] ✅ Selesai!

[2026-08-02 21:30:01] 🌱 Memulai deploy Digital Garden...
Already up to date.
  ✅ Pull selesai
🌱 Membangun Digital Garden...

  📁 catatan/ → 1 artikel
  📁 laporan/ → 9 artikel
  📁 project/ → 1 artikel
  ✅ Sitemap: 15 URLs

✅ Selesai! Total 11 halaman terbit.
   📍 https://muhdanfyan.github.io/catatan/
   📍 https://muhdanfyan.github.io/laporan/
   📍 https://muhdanfyan.github.io/project/
  ✅ Build selesai
[main 1bdcecb] gardener: auto-build 2026-08-02 21:30
 1 file changed, 20 insertions(+)
  ✅ Push ke GitHub Pages selesai
[2026-08-02 21:30:04] ✅ Selesai!

[2026-08-02 22:00:01] 🌱 Memulai deploy Digital Garden...
Already up to date.
  ✅ Pull selesai
🌱 Membangun Digital Garden...

  📁 catatan/ → 1 artikel
  📁 laporan/ → 9 artikel
  📁 project/ → 1 artikel
  ✅ Sitemap: 15 URLs

✅ Selesai! Total 11 halaman terbit.
   📍 https://muhdanfyan.github.io/catatan/
   📍 https://muhdanfyan.github.io/laporan/
   📍 https://muhdanfyan.github.io/project/
  ✅ Build selesai
[main 86387cf] gardener: auto-build 2026-08-02 22:00
 1 file changed, 20 insertions(+)
  ✅ Push ke GitHub Pages selesai
[2026-08-02 22:00:05] ✅ Selesai!

[2026-08-02 22:30:01] 🌱 Memulai deploy Digital Garden...
Already up to date.
  ✅ Pull selesai
🌱 Membangun Digital Garden...

  📁 catatan/ → 1 artikel
  📁 laporan/ → 9 artikel
  📁 project/ → 1 artikel
  ✅ Sitemap: 15 URLs

✅ Selesai! Total 11 halaman terbit.
   📍 https://muhdanfyan.github.io/catatan/
   📍 https://muhdanfyan.github.io/laporan/
   📍 https://muhdanfyan.github.io/project/
  ✅ Build selesai
[main 7bc70ee] gardener: auto-build 2026-08-02 22:30
 1 file changed, 20 insertions(+)
  ✅ Push ke GitHub Pages selesai
[2026-08-02 22:30:05] ✅ Selesai!

[2026-08-02 23:00:01] 🌱 Memulai deploy Digital Garden...
Already up to date.
  ✅ Pull selesai
🌱 Membangun Digital Garden...

  📁 catatan/ → 1 artikel
  📁 laporan/ → 9 artikel
  📁 project/ → 1 artikel
  ✅ Sitemap: 15 URLs

✅ Selesai! Total 11 halaman terbit.
   📍 https://muhdanfyan.github.io/catatan/
   📍 https://muhdanfyan.github.io/laporan/
   📍 https://muhdanfyan.github.io/project/
  ✅ Build selesai
[main 05c8cca] gardener: auto-build 2026-08-02 23:00
 1 file changed, 20 insertions(+)
  ✅ Push ke GitHub Pages selesai
[2026-08-02 23:00:05] ✅ Selesai!

[2026-08-02 23:30:01] 🌱 Memulai deploy Digital Garden...
Already up to date.
  ✅ Pull selesai
🌱 Membangun Digital Garden...

  📁 catatan/ → 1 artikel
  📁 laporan/ → 9 artikel
  📁 project/ → 1 artikel
  ✅ Sitemap: 15 URLs

✅ Selesai! Total 11 halaman terbit.
   📍 https://muhdanfyan.github.io/catatan/
   📍 https://muhdanfyan.github.io/laporan/
   📍 https://muhdanfyan.github.io/project/
  ✅ Build selesai
[main cad3cef] gardener: auto-build 2026-08-02 23:30
 1 file changed, 20 insertions(+)
  ✅ Push ke GitHub Pages selesai
[2026-08-02 23:30:06] ✅ Selesai!

[2026-08-03 00:00:01] 🌱 Memulai deploy Digital Garden...
Already up to date.
  ✅ Pull selesai
🌱 Membangun Digital Garden...

  📁 catatan/ → 1 artikel
  📁 laporan/ → 9 artikel
  📁 project/ → 1 artikel
  ✅ Sitemap: 15 URLs

✅ Selesai! Total 11 halaman terbit.
   📍 https://muhdanfyan.github.io/catatan/
   📍 https://muhdanfyan.github.io/laporan/
   📍 https://muhdanfyan.github.io/project/
  ✅ Build selesai
[main 736aef4] gardener: auto-build 2026-08-03 00:00
 1 file changed, 20 insertions(+)
  ✅ Push ke GitHub Pages selesai
[2026-08-03 00:00:06] ✅ Selesai!

[2026-08-03 00:30:01] 🌱 Memulai deploy Digital Garden...
Already up to date.
  ✅ Pull selesai
🌱 Membangun Digital Garden...

  📁 catatan/ → 1 artikel
  📁 laporan/ → 9 artikel
  📁 project/ → 1 artikel
  ✅ Sitemap: 15 URLs

✅ Selesai! Total 11 halaman terbit.
   📍 https://muhdanfyan.github.io/catatan/
   📍 https://muhdanfyan.github.io/laporan/
   📍 https://muhdanfyan.github.io/project/
  ✅ Build selesai
[main 8b16f0c] gardener: auto-build 2026-08-03 00:30
 1 file changed, 20 insertions(+)
  ✅ Push ke GitHub Pages selesai
[2026-08-03 00:30:04] ✅ Selesai!

[2026-08-03 01:00:01] 🌱 Memulai deploy Digital Garden...
Already up to date.
  ✅ Pull selesai
🌱 Membangun Digital Garden...

  📁 catatan/ → 1 artikel
  📁 laporan/ → 9 artikel
  📁 project/ → 1 artikel
  ✅ Sitemap: 15 URLs

✅ Selesai! Total 11 halaman terbit.
   📍 https://muhdanfyan.github.io/catatan/
   📍 https://muhdanfyan.github.io/laporan/
   📍 https://muhdanfyan.github.io/project/
  ✅ Build selesai
[main 58af419] gardener: auto-build 2026-08-03 01:00
 1 file changed, 20 insertions(+)
  ✅ Push ke GitHub Pages selesai
[2026-08-03 01:00:05] ✅ Selesai!

[2026-08-03 01:30:01] 🌱 Memulai deploy Digital Garden...
Already up to date.
  ✅ Pull selesai
🌱 Membangun Digital Garden...

  📁 catatan/ → 1 artikel
  📁 laporan/ → 9 artikel
  📁 project/ → 1 artikel
  ✅ Sitemap: 15 URLs

✅ Selesai! Total 11 halaman terbit.
   📍 https://muhdanfyan.github.io/catatan/
   📍 https://muhdanfyan.github.io/laporan/
   📍 https://muhdanfyan.github.io/project/
  ✅ Build selesai
[main 7f150ae] gardener: auto-build 2026-08-03 01:30
 1 file changed, 20 insertions(+)
  ✅ Push ke GitHub Pages selesai
[2026-08-03 01:30:04] ✅ Selesai!

[2026-08-03 02:00:01] 🌱 Memulai deploy Digital Garden...
Already up to date.
  ✅ Pull selesai
🌱 Membangun Digital Garden...

  📁 catatan/ → 1 artikel
  📁 laporan/ → 9 artikel
  📁 project/ → 1 artikel
  ✅ Sitemap: 15 URLs

✅ Selesai! Total 11 halaman terbit.
   📍 https://muhdanfyan.github.io/catatan/
   📍 https://muhdanfyan.github.io/laporan/
   📍 https://muhdanfyan.github.io/project/
  ✅ Build selesai
[main 297d2e9] gardener: auto-build 2026-08-03 02:00
 1 file changed, 20 insertions(+)
  ✅ Push ke GitHub Pages selesai
[2026-08-03 02:00:04] ✅ Selesai!

[2026-08-03 02:30:01] 🌱 Memulai deploy Digital Garden...
Already up to date.
  ✅ Pull selesai
🌱 Membangun Digital Garden...

  📁 catatan/ → 1 artikel
  📁 laporan/ → 9 artikel
  📁 project/ → 1 artikel
  ✅ Sitemap: 15 URLs

✅ Selesai! Total 11 halaman terbit.
   📍 https://muhdanfyan.github.io/catatan/
   📍 https://muhdanfyan.github.io/laporan/
   📍 https://muhdanfyan.github.io/project/
  ✅ Build selesai
[main 4c352ae] gardener: auto-build 2026-08-03 02:30
 1 file changed, 20 insertions(+)
  ✅ Push ke GitHub Pages selesai
[2026-08-03 02:30:05] ✅ Selesai!

[2026-08-03 03:00:01] 🌱 Memulai deploy Digital Garden...
Already up to date.
  ✅ Pull selesai
🌱 Membangun Digital Garden...

  📁 catatan/ → 1 artikel
  📁 laporan/ → 9 artikel
  📁 project/ → 1 artikel
  ✅ Sitemap: 15 URLs

✅ Selesai! Total 11 halaman terbit.
   📍 https://muhdanfyan.github.io/catatan/
   📍 https://muhdanfyan.github.io/laporan/
   📍 https://muhdanfyan.github.io/project/
  ✅ Build selesai
[main 95b8021] gardener: auto-build 2026-08-03 03:00
 1 file changed, 20 insertions(+)
  ✅ Push ke GitHub Pages selesai
[2026-08-03 03:00:05] ✅ Selesai!

[2026-08-03 03:30:01] 🌱 Memulai deploy Digital Garden...
Already up to date.
  ✅ Pull selesai
🌱 Membangun Digital Garden...

  📁 catatan/ → 1 artikel
  📁 laporan/ → 9 artikel
  📁 project/ → 1 artikel
  ✅ Sitemap: 15 URLs

✅ Selesai! Total 11 halaman terbit.
   📍 https://muhdanfyan.github.io/catatan/
   📍 https://muhdanfyan.github.io/laporan/
   📍 https://muhdanfyan.github.io/project/
  ✅ Build selesai
[main d425470] gardener: auto-build 2026-08-03 03:30
 1 file changed, 20 insertions(+)
  ✅ Push ke GitHub Pages selesai
[2026-08-03 03:30:04] ✅ Selesai!

[2026-08-03 04:00:01] 🌱 Memulai deploy Digital Garden...
Already up to date.
  ✅ Pull selesai
🌱 Membangun Digital Garden...

  📁 catatan/ → 1 artikel
  📁 laporan/ → 9 artikel
  📁 project/ → 1 artikel
  ✅ Sitemap: 15 URLs

✅ Selesai! Total 11 halaman terbit.
   📍 https://muhdanfyan.github.io/catatan/
   📍 https://muhdanfyan.github.io/laporan/
   📍 https://muhdanfyan.github.io/project/
  ✅ Build selesai
[main f3a48d7] gardener: auto-build 2026-08-03 04:00
 1 file changed, 20 insertions(+)
  ✅ Push ke GitHub Pages selesai
[2026-08-03 04:00:05] ✅ Selesai!

[2026-08-03 04:30:01] 🌱 Memulai deploy Digital Garden...
Already up to date.
  ✅ Pull selesai
🌱 Membangun Digital Garden...

  📁 catatan/ → 1 artikel
  📁 laporan/ → 9 artikel
  📁 project/ → 1 artikel
  ✅ Sitemap: 15 URLs

✅ Selesai! Total 11 halaman terbit.
   📍 https://muhdanfyan.github.io/catatan/
   📍 https://muhdanfyan.github.io/laporan/
   📍 https://muhdanfyan.github.io/project/
  ✅ Build selesai
[main d9f278e] gardener: auto-build 2026-08-03 04:30
 1 file changed, 20 insertions(+)
  ✅ Push ke GitHub Pages selesai
[2026-08-03 04:30:05] ✅ Selesai!

[2026-08-03 05:00:01] 🌱 Memulai deploy Digital Garden...
Already up to date.
  ✅ Pull selesai
🌱 Membangun Digital Garden...

  📁 catatan/ → 1 artikel
  📁 laporan/ → 9 artikel
  📁 project/ → 1 artikel
  ✅ Sitemap: 15 URLs

✅ Selesai! Total 11 halaman terbit.
   📍 https://muhdanfyan.github.io/catatan/
   📍 https://muhdanfyan.github.io/laporan/
   📍 https://muhdanfyan.github.io/project/
  ✅ Build selesai
[main 2b9bf8b] gardener: auto-build 2026-08-03 05:00
 1 file changed, 20 insertions(+)
  ✅ Push ke GitHub Pages selesai
[2026-08-03 05:00:04] ✅ Selesai!

[2026-08-03 05:30:01] 🌱 Memulai deploy Digital Garden...
Already up to date.
  ✅ Pull selesai
🌱 Membangun Digital Garden...

  📁 catatan/ → 1 artikel
  📁 laporan/ → 9 artikel
  📁 project/ → 1 artikel
  ✅ Sitemap: 15 URLs

✅ Selesai! Total 11 halaman terbit.
   📍 https://muhdanfyan.github.io/catatan/
   📍 https://muhdanfyan.github.io/laporan/
   📍 https://muhdanfyan.github.io/project/
  ✅ Build selesai
[main 837168d] gardener: auto-build 2026-08-03 05:30
 1 file changed, 20 insertions(+)
  ✅ Push ke GitHub Pages selesai
[2026-08-03 05:30:05] ✅ Selesai!

[2026-08-03 06:00:01] 🌱 Memulai deploy Digital Garden...
Already up to date.
  ✅ Pull selesai
🌱 Membangun Digital Garden...

  📁 catatan/ → 1 artikel
  📁 laporan/ → 9 artikel
  📁 project/ → 1 artikel
  ✅ Sitemap: 15 URLs

✅ Selesai! Total 11 halaman terbit.
   📍 https://muhdanfyan.github.io/catatan/
   📍 https://muhdanfyan.github.io/laporan/
   📍 https://muhdanfyan.github.io/project/
  ✅ Build selesai
[main d9959ff] gardener: auto-build 2026-08-03 06:00
 1 file changed, 20 insertions(+)
  ✅ Push ke GitHub Pages selesai
[2026-08-03 06:00:04] ✅ Selesai!

[2026-08-03 06:30:02] 🌱 Memulai deploy Digital Garden...
Already up to date.
  ✅ Pull selesai
🌱 Membangun Digital Garden...

  📁 catatan/ → 1 artikel
  📁 laporan/ → 9 artikel
  📁 project/ → 1 artikel
  ✅ Sitemap: 15 URLs

✅ Selesai! Total 11 halaman terbit.
   📍 https://muhdanfyan.github.io/catatan/
   📍 https://muhdanfyan.github.io/laporan/
   📍 https://muhdanfyan.github.io/project/
  ✅ Build selesai
[main e8b15f7] gardener: auto-build 2026-08-03 06:30
 1 file changed, 20 insertions(+)
  ✅ Push ke GitHub Pages selesai
[2026-08-03 06:30:05] ✅ Selesai!

[2026-08-03 07:00:01] 🌱 Memulai deploy Digital Garden...
Already up to date.
  ✅ Pull selesai
🌱 Membangun Digital Garden...

  📁 catatan/ → 1 artikel
  📁 laporan/ → 9 artikel
  📁 project/ → 1 artikel
  ✅ Sitemap: 15 URLs

✅ Selesai! Total 11 halaman terbit.
   📍 https://muhdanfyan.github.io/catatan/
   📍 https://muhdanfyan.github.io/laporan/
   📍 https://muhdanfyan.github.io/project/
  ✅ Build selesai
[main 40d096e] gardener: auto-build 2026-08-03 07:00
 1 file changed, 20 insertions(+)
  ✅ Push ke GitHub Pages selesai
[2026-08-03 07:00:05] ✅ Selesai!

[2026-08-03 07:30:01] 🌱 Memulai deploy Digital Garden...
Already up to date.
  ✅ Pull selesai
🌱 Membangun Digital Garden...

  📁 catatan/ → 1 artikel
  📁 laporan/ → 9 artikel
  📁 project/ → 1 artikel
  ✅ Sitemap: 15 URLs

✅ Selesai! Total 11 halaman terbit.
   📍 https://muhdanfyan.github.io/catatan/
   📍 https://muhdanfyan.github.io/laporan/
   📍 https://muhdanfyan.github.io/project/
  ✅ Build selesai
[main 77a867f] gardener: auto-build 2026-08-03 07:30
 1 file changed, 20 insertions(+)
  ✅ Push ke GitHub Pages selesai
[2026-08-03 07:30:05] ✅ Selesai!

[2026-08-03 08:00:01] 🌱 Memulai deploy Digital Garden...
Already up to date.
  ✅ Pull selesai
🌱 Membangun Digital Garden...

  📁 catatan/ → 1 artikel
  📁 laporan/ → 9 artikel
  📁 project/ → 1 artikel
  ✅ Sitemap: 15 URLs

✅ Selesai! Total 11 halaman terbit.
   📍 https://muhdanfyan.github.io/catatan/
   📍 https://muhdanfyan.github.io/laporan/
   📍 https://muhdanfyan.github.io/project/
  ✅ Build selesai
[main 33edaee] gardener: auto-build 2026-08-03 08:00
 1 file changed, 20 insertions(+)
  ✅ Push ke GitHub Pages selesai
[2026-08-03 08:00:04] ✅ Selesai!

[2026-08-03 08:30:01] 🌱 Memulai deploy Digital Garden...
Already up to date.
  ✅ Pull selesai
🌱 Membangun Digital Garden...

  📁 catatan/ → 1 artikel
  📁 laporan/ → 9 artikel
  📁 project/ → 1 artikel
  ✅ Sitemap: 15 URLs

✅ Selesai! Total 11 halaman terbit.
   📍 https://muhdanfyan.github.io/catatan/
   📍 https://muhdanfyan.github.io/laporan/
   📍 https://muhdanfyan.github.io/project/
  ✅ Build selesai
[main 20ec53b] gardener: auto-build 2026-08-03 08:30
 1 file changed, 20 insertions(+)
  ✅ Push ke GitHub Pages selesai
[2026-08-03 08:30:05] ✅ Selesai!

[2026-08-03 09:00:01] 🌱 Memulai deploy Digital Garden...
Already up to date.
  ✅ Pull selesai
🌱 Membangun Digital Garden...

  📁 catatan/ → 1 artikel
  📁 laporan/ → 9 artikel
  📁 project/ → 1 artikel
  ✅ Sitemap: 15 URLs

✅ Selesai! Total 11 halaman terbit.
   📍 https://muhdanfyan.github.io/catatan/
   📍 https://muhdanfyan.github.io/laporan/
   📍 https://muhdanfyan.github.io/project/
  ✅ Build selesai
[main 4773240] gardener: auto-build 2026-08-03 09:00
 1 file changed, 20 insertions(+)
  ✅ Push ke GitHub Pages selesai
[2026-08-03 09:00:05] ✅ Selesai!

[2026-08-03 09:30:01] 🌱 Memulai deploy Digital Garden...
Already up to date.
  ✅ Pull selesai
🌱 Membangun Digital Garden...

  📁 catatan/ → 1 artikel
  📁 laporan/ → 9 artikel
  📁 project/ → 1 artikel
  ✅ Sitemap: 15 URLs

✅ Selesai! Total 11 halaman terbit.
   📍 https://muhdanfyan.github.io/catatan/
   📍 https://muhdanfyan.github.io/laporan/
   📍 https://muhdanfyan.github.io/project/
  ✅ Build selesai
[main f32f01a] gardener: auto-build 2026-08-03 09:30
 1 file changed, 20 insertions(+)
  ✅ Push ke GitHub Pages selesai
[2026-08-03 09:30:05] ✅ Selesai!

[2026-08-03 10:00:01] 🌱 Memulai deploy Digital Garden...
Already up to date.
  ✅ Pull selesai
🌱 Membangun Digital Garden...

  📁 catatan/ → 1 artikel
  📁 laporan/ → 9 artikel
  📁 project/ → 1 artikel
  ✅ Sitemap: 15 URLs

✅ Selesai! Total 11 halaman terbit.
   📍 https://muhdanfyan.github.io/catatan/
   📍 https://muhdanfyan.github.io/laporan/
   📍 https://muhdanfyan.github.io/project/
  ✅ Build selesai
[main e483ae1] gardener: auto-build 2026-08-03 10:00
 1 file changed, 20 insertions(+)
  ✅ Push ke GitHub Pages selesai
[2026-08-03 10:00:05] ✅ Selesai!

[2026-08-03 10:30:01] 🌱 Memulai deploy Digital Garden...
Already up to date.
  ✅ Pull selesai
🌱 Membangun Digital Garden...

  📁 catatan/ → 1 artikel
  📁 laporan/ → 9 artikel
  📁 project/ → 1 artikel
  ✅ Sitemap: 15 URLs

✅ Selesai! Total 11 halaman terbit.
   📍 https://muhdanfyan.github.io/catatan/
   📍 https://muhdanfyan.github.io/laporan/
   📍 https://muhdanfyan.github.io/project/
  ✅ Build selesai
[main 72ec02a] gardener: auto-build 2026-08-03 10:30
 1 file changed, 20 insertions(+)
  ✅ Push ke GitHub Pages selesai
[2026-08-03 10:30:05] ✅ Selesai!

[2026-08-03 11:00:01] 🌱 Memulai deploy Digital Garden...
Already up to date.
  ✅ Pull selesai
🌱 Membangun Digital Garden...

  📁 catatan/ → 1 artikel
  📁 laporan/ → 9 artikel
  📁 project/ → 1 artikel
  ✅ Sitemap: 15 URLs

✅ Selesai! Total 11 halaman terbit.
   📍 https://muhdanfyan.github.io/catatan/
   📍 https://muhdanfyan.github.io/laporan/
   📍 https://muhdanfyan.github.io/project/
  ✅ Build selesai
[main ec6b04a] gardener: auto-build 2026-08-03 11:00
 1 file changed, 20 insertions(+)
  ✅ Push ke GitHub Pages selesai
[2026-08-03 11:00:05] ✅ Selesai!

[2026-08-03 11:30:01] 🌱 Memulai deploy Digital Garden...
Already up to date.
  ✅ Pull selesai
🌱 Membangun Digital Garden...

  📁 catatan/ → 1 artikel
  📁 laporan/ → 9 artikel
  📁 project/ → 1 artikel
  ✅ Sitemap: 15 URLs

✅ Selesai! Total 11 halaman terbit.
   📍 https://muhdanfyan.github.io/catatan/
   📍 https://muhdanfyan.github.io/laporan/
   📍 https://muhdanfyan.github.io/project/
  ✅ Build selesai
[main 0b5f146] gardener: auto-build 2026-08-03 11:30
 1 file changed, 20 insertions(+)
  ✅ Push ke GitHub Pages selesai
[2026-08-03 11:30:05] ✅ Selesai!

[2026-08-03 12:00:01] 🌱 Memulai deploy Digital Garden...
Already up to date.
  ✅ Pull selesai
🌱 Membangun Digital Garden...

  📁 catatan/ → 1 artikel
  📁 laporan/ → 9 artikel
  📁 project/ → 1 artikel
  ✅ Sitemap: 15 URLs

✅ Selesai! Total 11 halaman terbit.
   📍 https://muhdanfyan.github.io/catatan/
   📍 https://muhdanfyan.github.io/laporan/
   📍 https://muhdanfyan.github.io/project/
  ✅ Build selesai
[main 5cbf2f1] gardener: auto-build 2026-08-03 12:00
 1 file changed, 20 insertions(+)
  ✅ Push ke GitHub Pages selesai
[2026-08-03 12:00:06] ✅ Selesai!

[2026-08-03 12:30:01] 🌱 Memulai deploy Digital Garden...
Already up to date.
  ✅ Pull selesai
🌱 Membangun Digital Garden...

  📁 catatan/ → 1 artikel
  📁 laporan/ → 9 artikel
  📁 project/ → 1 artikel
  ✅ Sitemap: 15 URLs

✅ Selesai! Total 11 halaman terbit.
   📍 https://muhdanfyan.github.io/catatan/
   📍 https://muhdanfyan.github.io/laporan/
   📍 https://muhdanfyan.github.io/project/
  ✅ Build selesai
[main 1008c41] gardener: auto-build 2026-08-03 12:30
 1 file changed, 20 insertions(+)
  ✅ Push ke GitHub Pages selesai
[2026-08-03 12:30:05] ✅ Selesai!

[2026-08-03 13:00:01] 🌱 Memulai deploy Digital Garden...
Already up to date.
  ✅ Pull selesai
🌱 Membangun Digital Garden...

  📁 catatan/ → 1 artikel
  📁 laporan/ → 9 artikel
  📁 project/ → 1 artikel
  ✅ Sitemap: 15 URLs

✅ Selesai! Total 11 halaman terbit.
   📍 https://muhdanfyan.github.io/catatan/
   📍 https://muhdanfyan.github.io/laporan/
   📍 https://muhdanfyan.github.io/project/
  ✅ Build selesai
[main ae33e79] gardener: auto-build 2026-08-03 13:00
 1 file changed, 20 insertions(+)
  ✅ Push ke GitHub Pages selesai
[2026-08-03 13:00:05] ✅ Selesai!

[2026-08-03 13:30:01] 🌱 Memulai deploy Digital Garden...
Already up to date.
  ✅ Pull selesai
🌱 Membangun Digital Garden...

  📁 catatan/ → 1 artikel
  📁 laporan/ → 9 artikel
  📁 project/ → 1 artikel
  ✅ Sitemap: 15 URLs

✅ Selesai! Total 11 halaman terbit.
   📍 https://muhdanfyan.github.io/catatan/
   📍 https://muhdanfyan.github.io/laporan/
   📍 https://muhdanfyan.github.io/project/
  ✅ Build selesai
[main 51a22ed] gardener: auto-build 2026-08-03 13:30
 1 file changed, 20 insertions(+)
  ✅ Push ke GitHub Pages selesai
[2026-08-03 13:30:04] ✅ Selesai!

[2026-08-03 14:00:01] 🌱 Memulai deploy Digital Garden...
Already up to date.
  ✅ Pull selesai
🌱 Membangun Digital Garden...

  📁 catatan/ → 1 artikel
  📁 laporan/ → 9 artikel
  📁 project/ → 1 artikel
  ✅ Sitemap: 15 URLs

✅ Selesai! Total 11 halaman terbit.
   📍 https://muhdanfyan.github.io/catatan/
   📍 https://muhdanfyan.github.io/laporan/
   📍 https://muhdanfyan.github.io/project/
  ✅ Build selesai
[main 4ff3e98] gardener: auto-build 2026-08-03 14:00
 1 file changed, 20 insertions(+)
  ✅ Push ke GitHub Pages selesai
[2026-08-03 14:00:07] ✅ Selesai!

[2026-08-03 14:30:01] 🌱 Memulai deploy Digital Garden...
Already up to date.
  ✅ Pull selesai
🌱 Membangun Digital Garden...

  📁 catatan/ → 1 artikel
  📁 laporan/ → 9 artikel
  📁 project/ → 1 artikel
  ✅ Sitemap: 15 URLs

✅ Selesai! Total 11 halaman terbit.
   📍 https://muhdanfyan.github.io/catatan/
   📍 https://muhdanfyan.github.io/laporan/
   📍 https://muhdanfyan.github.io/project/
  ✅ Build selesai
[main 2ca5879] gardener: auto-build 2026-08-03 14:30
 1 file changed, 20 insertions(+)
  ✅ Push ke GitHub Pages selesai
[2026-08-03 14:30:06] ✅ Selesai!

[2026-08-03 15:00:01] 🌱 Memulai deploy Digital Garden...
Already up to date.
  ✅ Pull selesai
🌱 Membangun Digital Garden...

  📁 catatan/ → 1 artikel
  📁 laporan/ → 9 artikel
  📁 project/ → 1 artikel
  ✅ Sitemap: 15 URLs

✅ Selesai! Total 11 halaman terbit.
   📍 https://muhdanfyan.github.io/catatan/
   📍 https://muhdanfyan.github.io/laporan/
   📍 https://muhdanfyan.github.io/project/
  ✅ Build selesai
[main a3f2b6d] gardener: auto-build 2026-08-03 15:00
 1 file changed, 20 insertions(+)
  ✅ Push ke GitHub Pages selesai
[2026-08-03 15:00:06] ✅ Selesai!

[2026-08-03 15:30:01] 🌱 Memulai deploy Digital Garden...
Already up to date.
  ✅ Pull selesai
🌱 Membangun Digital Garden...

  📁 catatan/ → 1 artikel
  📁 laporan/ → 9 artikel
  📁 project/ → 1 artikel
  ✅ Sitemap: 15 URLs

✅ Selesai! Total 11 halaman terbit.
   📍 https://muhdanfyan.github.io/catatan/
   📍 https://muhdanfyan.github.io/laporan/
   📍 https://muhdanfyan.github.io/project/
  ✅ Build selesai
[main 6c80d27] gardener: auto-build 2026-08-03 15:30
 1 file changed, 20 insertions(+)
  ✅ Push ke GitHub Pages selesai
[2026-08-03 15:30:06] ✅ Selesai!

[2026-08-03 16:00:01] 🌱 Memulai deploy Digital Garden...
Already up to date.
  ✅ Pull selesai
🌱 Membangun Digital Garden...

  📁 catatan/ → 1 artikel
  📁 laporan/ → 9 artikel
  📁 project/ → 1 artikel
  ✅ Sitemap: 15 URLs

✅ Selesai! Total 11 halaman terbit.
   📍 https://muhdanfyan.github.io/catatan/
   📍 https://muhdanfyan.github.io/laporan/
   📍 https://muhdanfyan.github.io/project/
  ✅ Build selesai
[main ada94e8] gardener: auto-build 2026-08-03 16:00
 1 file changed, 20 insertions(+)
[2026-08-03 16:30:01] 🌱 Memulai deploy Digital Garden...
Already up to date.
  ✅ Pull selesai
🌱 Membangun Digital Garden...

  📁 catatan/ → 1 artikel
  📁 laporan/ → 9 artikel
  📁 project/ → 1 artikel
  ✅ Sitemap: 15 URLs

✅ Selesai! Total 11 halaman terbit.
   📍 https://muhdanfyan.github.io/catatan/
   📍 https://muhdanfyan.github.io/laporan/
   📍 https://muhdanfyan.github.io/project/
  ✅ Build selesai
[main 171d5bd] gardener: auto-build 2026-08-03 16:30
 1 file changed, 17 insertions(+)
  ✅ Push ke GitHub Pages selesai
[2026-08-03 16:30:06] ✅ Selesai!

[2026-08-03 17:00:01] 🌱 Memulai deploy Digital Garden...
Already up to date.
  ✅ Pull selesai
🌱 Membangun Digital Garden...

  📁 catatan/ → 1 artikel
  📁 laporan/ → 9 artikel
  📁 project/ → 1 artikel
  ✅ Sitemap: 15 URLs

✅ Selesai! Total 11 halaman terbit.
   📍 https://muhdanfyan.github.io/catatan/
   📍 https://muhdanfyan.github.io/laporan/
   📍 https://muhdanfyan.github.io/project/
  ✅ Build selesai
[main bc8e25f] gardener: auto-build 2026-08-03 17:00
 1 file changed, 20 insertions(+)
  ✅ Push ke GitHub Pages selesai
[2026-08-03 17:00:06] ✅ Selesai!

[2026-08-03 17:30:01] 🌱 Memulai deploy Digital Garden...
Already up to date.
  ✅ Pull selesai
🌱 Membangun Digital Garden...

  📁 catatan/ → 1 artikel
  📁 laporan/ → 9 artikel
  📁 project/ → 1 artikel
  ✅ Sitemap: 15 URLs

✅ Selesai! Total 11 halaman terbit.
   📍 https://muhdanfyan.github.io/catatan/
   📍 https://muhdanfyan.github.io/laporan/
   📍 https://muhdanfyan.github.io/project/
  ✅ Build selesai
[main dc15fd4] gardener: auto-build 2026-08-03 17:30
 1 file changed, 20 insertions(+)
  ✅ Push ke GitHub Pages selesai
[2026-08-03 17:30:06] ✅ Selesai!

[2026-08-03 18:00:01] 🌱 Memulai deploy Digital Garden...
Already up to date.
  ✅ Pull selesai
🌱 Membangun Digital Garden...

  📁 catatan/ → 1 artikel
  📁 laporan/ → 9 artikel
  📁 project/ → 1 artikel
  ✅ Sitemap: 15 URLs

✅ Selesai! Total 11 halaman terbit.
   📍 https://muhdanfyan.github.io/catatan/
   📍 https://muhdanfyan.github.io/laporan/
   📍 https://muhdanfyan.github.io/project/
  ✅ Build selesai
[main d5ea97c] gardener: auto-build 2026-08-03 18:00
 1 file changed, 20 insertions(+)
  ✅ Push ke GitHub Pages selesai
[2026-08-03 18:00:05] ✅ Selesai!

[2026-08-03 18:30:01] 🌱 Memulai deploy Digital Garden...
Already up to date.
  ✅ Pull selesai
🌱 Membangun Digital Garden...

  📁 catatan/ → 1 artikel
  📁 laporan/ → 9 artikel
  📁 project/ → 1 artikel
  ✅ Sitemap: 15 URLs

✅ Selesai! Total 11 halaman terbit.
   📍 https://muhdanfyan.github.io/catatan/
   📍 https://muhdanfyan.github.io/laporan/
   📍 https://muhdanfyan.github.io/project/
  ✅ Build selesai
[main 48818e9] gardener: auto-build 2026-08-03 18:30
 1 file changed, 20 insertions(+)
  ✅ Push ke GitHub Pages selesai
[2026-08-03 18:30:06] ✅ Selesai!

[2026-08-03 19:00:01] 🌱 Memulai deploy Digital Garden...
Already up to date.
  ✅ Pull selesai
🌱 Membangun Digital Garden...

  📁 catatan/ → 1 artikel
  📁 laporan/ → 9 artikel
  📁 project/ → 1 artikel
  ✅ Sitemap: 15 URLs

✅ Selesai! Total 11 halaman terbit.
   📍 https://muhdanfyan.github.io/catatan/
   📍 https://muhdanfyan.github.io/laporan/
   📍 https://muhdanfyan.github.io/project/
  ✅ Build selesai
[main d917a91] gardener: auto-build 2026-08-03 19:00
 1 file changed, 20 insertions(+)
  ✅ Push ke GitHub Pages selesai
[2026-08-03 19:00:05] ✅ Selesai!

[2026-08-03 19:30:01] 🌱 Memulai deploy Digital Garden...
Already up to date.
  ✅ Pull selesai
🌱 Membangun Digital Garden...

  📁 catatan/ → 1 artikel
  📁 laporan/ → 9 artikel
  📁 project/ → 1 artikel
  ✅ Sitemap: 15 URLs

✅ Selesai! Total 11 halaman terbit.
   📍 https://muhdanfyan.github.io/catatan/
   📍 https://muhdanfyan.github.io/laporan/
   📍 https://muhdanfyan.github.io/project/
  ✅ Build selesai
[main 378300a] gardener: auto-build 2026-08-03 19:30
 1 file changed, 20 insertions(+)
  ✅ Push ke GitHub Pages selesai
[2026-08-03 19:30:05] ✅ Selesai!

[2026-08-03 20:00:01] 🌱 Memulai deploy Digital Garden...
Already up to date.
  ✅ Pull selesai
🌱 Membangun Digital Garden...

  📁 catatan/ → 1 artikel
  📁 laporan/ → 9 artikel
  📁 project/ → 1 artikel
  ✅ Sitemap: 15 URLs

✅ Selesai! Total 11 halaman terbit.
   📍 https://muhdanfyan.github.io/catatan/
   📍 https://muhdanfyan.github.io/laporan/
   📍 https://muhdanfyan.github.io/project/
  ✅ Build selesai
[main ec8c75e] gardener: auto-build 2026-08-03 20:00
 1 file changed, 20 insertions(+)
  ✅ Push ke GitHub Pages selesai
[2026-08-03 20:00:07] ✅ Selesai!

[2026-08-03 20:30:01] 🌱 Memulai deploy Digital Garden...
Already up to date.
  ✅ Pull selesai
🌱 Membangun Digital Garden...

  📁 catatan/ → 1 artikel
  📁 laporan/ → 9 artikel
  📁 project/ → 1 artikel
  ✅ Sitemap: 15 URLs

✅ Selesai! Total 11 halaman terbit.
   📍 https://muhdanfyan.github.io/catatan/
   📍 https://muhdanfyan.github.io/laporan/
   📍 https://muhdanfyan.github.io/project/
  ✅ Build selesai
[main fa90dd5] gardener: auto-build 2026-08-03 20:30
 1 file changed, 20 insertions(+)
  ✅ Push ke GitHub Pages selesai
[2026-08-03 20:30:06] ✅ Selesai!

[2026-08-03 21:00:01] 🌱 Memulai deploy Digital Garden...
Already up to date.
  ✅ Pull selesai
🌱 Membangun Digital Garden...

  📁 catatan/ → 1 artikel
  📁 laporan/ → 9 artikel
  📁 project/ → 1 artikel
  ✅ Sitemap: 15 URLs

✅ Selesai! Total 11 halaman terbit.
   📍 https://muhdanfyan.github.io/catatan/
   📍 https://muhdanfyan.github.io/laporan/
   📍 https://muhdanfyan.github.io/project/
  ✅ Build selesai
[main aee72e5] gardener: auto-build 2026-08-03 21:00
 1 file changed, 20 insertions(+)
  ✅ Push ke GitHub Pages selesai
[2026-08-03 21:00:07] ✅ Selesai!

[2026-08-03 21:30:01] 🌱 Memulai deploy Digital Garden...
Already up to date.
  ✅ Pull selesai
🌱 Membangun Digital Garden...

  📁 catatan/ → 1 artikel
  📁 laporan/ → 9 artikel
  📁 project/ → 1 artikel
  ✅ Sitemap: 15 URLs

✅ Selesai! Total 11 halaman terbit.
   📍 https://muhdanfyan.github.io/catatan/
   📍 https://muhdanfyan.github.io/laporan/
   📍 https://muhdanfyan.github.io/project/
  ✅ Build selesai
[main ec525c0] gardener: auto-build 2026-08-03 21:30
 1 file changed, 20 insertions(+)
  ✅ Push ke GitHub Pages selesai
[2026-08-03 21:30:06] ✅ Selesai!

[2026-08-03 22:00:01] 🌱 Memulai deploy Digital Garden...
Already up to date.
  ✅ Pull selesai
🌱 Membangun Digital Garden...

  📁 catatan/ → 1 artikel
  📁 laporan/ → 9 artikel
  📁 project/ → 1 artikel
  ✅ Sitemap: 15 URLs

✅ Selesai! Total 11 halaman terbit.
   📍 https://muhdanfyan.github.io/catatan/
   📍 https://muhdanfyan.github.io/laporan/
   📍 https://muhdanfyan.github.io/project/
  ✅ Build selesai
[main 4b12084] gardener: auto-build 2026-08-03 22:00
 1 file changed, 20 insertions(+)
  ✅ Push ke GitHub Pages selesai
[2026-08-03 22:00:06] ✅ Selesai!

[2026-08-03 22:30:02] 🌱 Memulai deploy Digital Garden...
Already up to date.
  ✅ Pull selesai
🌱 Membangun Digital Garden...

  📁 catatan/ → 1 artikel
  📁 laporan/ → 9 artikel
  📁 project/ → 1 artikel
  ✅ Sitemap: 15 URLs

✅ Selesai! Total 11 halaman terbit.
   📍 https://muhdanfyan.github.io/catatan/
   📍 https://muhdanfyan.github.io/laporan/
   📍 https://muhdanfyan.github.io/project/
  ✅ Build selesai
[main 256b358] gardener: auto-build 2026-08-03 22:30
 1 file changed, 20 insertions(+)
  ✅ Push ke GitHub Pages selesai
[2026-08-03 22:30:05] ✅ Selesai!

[2026-08-03 23:00:01] 🌱 Memulai deploy Digital Garden...
Already up to date.
  ✅ Pull selesai
🌱 Membangun Digital Garden...

  📁 catatan/ → 1 artikel
  📁 laporan/ → 9 artikel
  📁 project/ → 1 artikel
  ✅ Sitemap: 15 URLs

✅ Selesai! Total 11 halaman terbit.
   📍 https://muhdanfyan.github.io/catatan/
   📍 https://muhdanfyan.github.io/laporan/
   📍 https://muhdanfyan.github.io/project/
  ✅ Build selesai
[main 8c8160c] gardener: auto-build 2026-08-03 23:00
 1 file changed, 20 insertions(+)
  ✅ Push ke GitHub Pages selesai
[2026-08-03 23:00:06] ✅ Selesai!

[2026-08-03 23:30:01] 🌱 Memulai deploy Digital Garden...
Already up to date.
  ✅ Pull selesai
🌱 Membangun Digital Garden...

  📁 catatan/ → 1 artikel
  📁 laporan/ → 9 artikel
  📁 project/ → 1 artikel
  ✅ Sitemap: 15 URLs

✅ Selesai! Total 11 halaman terbit.
   📍 https://muhdanfyan.github.io/catatan/
   📍 https://muhdanfyan.github.io/laporan/
   📍 https://muhdanfyan.github.io/project/
  ✅ Build selesai
[main f643c07] gardener: auto-build 2026-08-03 23:30
 1 file changed, 20 insertions(+)
  ✅ Push ke GitHub Pages selesai
[2026-08-03 23:30:05] ✅ Selesai!

[2026-08-04 00:00:02] 🌱 Memulai deploy Digital Garden...
Already up to date.
  ✅ Pull selesai
🌱 Membangun Digital Garden...

  📁 catatan/ → 1 artikel
  📁 laporan/ → 9 artikel
  📁 project/ → 1 artikel
  ✅ Sitemap: 15 URLs

✅ Selesai! Total 11 halaman terbit.
   📍 https://muhdanfyan.github.io/catatan/
   📍 https://muhdanfyan.github.io/laporan/
   📍 https://muhdanfyan.github.io/project/
  ✅ Build selesai
[main 6f0d8a1] gardener: auto-build 2026-08-04 00:00
 1 file changed, 20 insertions(+)
  ✅ Push ke GitHub Pages selesai
[2026-08-04 00:00:07] ✅ Selesai!

[2026-08-04 00:30:01] 🌱 Memulai deploy Digital Garden...
Already up to date.
  ✅ Pull selesai
🌱 Membangun Digital Garden...

  📁 catatan/ → 1 artikel
  📁 laporan/ → 9 artikel
  📁 project/ → 1 artikel
  ✅ Sitemap: 15 URLs

✅ Selesai! Total 11 halaman terbit.
   📍 https://muhdanfyan.github.io/catatan/
   📍 https://muhdanfyan.github.io/laporan/
   📍 https://muhdanfyan.github.io/project/
  ✅ Build selesai
[main b24816d] gardener: auto-build 2026-08-04 00:30
 1 file changed, 20 insertions(+)
  ✅ Push ke GitHub Pages selesai
[2026-08-04 00:30:04] ✅ Selesai!

[2026-08-04 01:00:01] 🌱 Memulai deploy Digital Garden...
Already up to date.
  ✅ Pull selesai
🌱 Membangun Digital Garden...

  📁 catatan/ → 1 artikel
  📁 laporan/ → 9 artikel
  📁 project/ → 1 artikel
  ✅ Sitemap: 15 URLs

✅ Selesai! Total 11 halaman terbit.
   📍 https://muhdanfyan.github.io/catatan/
   📍 https://muhdanfyan.github.io/laporan/
   📍 https://muhdanfyan.github.io/project/
  ✅ Build selesai
[main ceb4381] gardener: auto-build 2026-08-04 01:00
 1 file changed, 20 insertions(+)
  ✅ Push ke GitHub Pages selesai
[2026-08-04 01:00:07] ✅ Selesai!

[2026-08-04 01:30:01] 🌱 Memulai deploy Digital Garden...
Already up to date.
  ✅ Pull selesai
🌱 Membangun Digital Garden...

  📁 catatan/ → 1 artikel
  📁 laporan/ → 9 artikel
  📁 project/ → 1 artikel
  ✅ Sitemap: 15 URLs

✅ Selesai! Total 11 halaman terbit.
   📍 https://muhdanfyan.github.io/catatan/
   📍 https://muhdanfyan.github.io/laporan/
   📍 https://muhdanfyan.github.io/project/
  ✅ Build selesai
[main b1aa8f4] gardener: auto-build 2026-08-04 01:30
 1 file changed, 20 insertions(+)
  ✅ Push ke GitHub Pages selesai
[2026-08-04 01:30:05] ✅ Selesai!

[2026-08-04 02:00:01] 🌱 Memulai deploy Digital Garden...
Already up to date.
  ✅ Pull selesai
🌱 Membangun Digital Garden...

  📁 catatan/ → 1 artikel
  📁 laporan/ → 9 artikel
  📁 project/ → 1 artikel
  ✅ Sitemap: 15 URLs

✅ Selesai! Total 11 halaman terbit.
   📍 https://muhdanfyan.github.io/catatan/
   📍 https://muhdanfyan.github.io/laporan/
   📍 https://muhdanfyan.github.io/project/
  ✅ Build selesai
[main f52307b] gardener: auto-build 2026-08-04 02:00
 1 file changed, 20 insertions(+)
  ✅ Push ke GitHub Pages selesai
[2026-08-04 02:00:04] ✅ Selesai!

[2026-08-04 02:30:01] 🌱 Memulai deploy Digital Garden...
Already up to date.
  ✅ Pull selesai
🌱 Membangun Digital Garden...

  📁 catatan/ → 1 artikel
  📁 laporan/ → 9 artikel
  📁 project/ → 1 artikel
  ✅ Sitemap: 15 URLs

✅ Selesai! Total 11 halaman terbit.
   📍 https://muhdanfyan.github.io/catatan/
   📍 https://muhdanfyan.github.io/laporan/
   📍 https://muhdanfyan.github.io/project/
  ✅ Build selesai
[main 5cfd299] gardener: auto-build 2026-08-04 02:30
 1 file changed, 20 insertions(+)
  ✅ Push ke GitHub Pages selesai
[2026-08-04 02:30:05] ✅ Selesai!

[2026-08-04 03:00:01] 🌱 Memulai deploy Digital Garden...
Already up to date.
  ✅ Pull selesai
🌱 Membangun Digital Garden...

  📁 catatan/ → 1 artikel
  📁 laporan/ → 9 artikel
  📁 project/ → 1 artikel
  ✅ Sitemap: 15 URLs

✅ Selesai! Total 11 halaman terbit.
   📍 https://muhdanfyan.github.io/catatan/
   📍 https://muhdanfyan.github.io/laporan/
   📍 https://muhdanfyan.github.io/project/
  ✅ Build selesai
[main 717ef07] gardener: auto-build 2026-08-04 03:00
 1 file changed, 20 insertions(+)
  ✅ Push ke GitHub Pages selesai
[2026-08-04 03:00:07] ✅ Selesai!

[2026-08-04 03:30:01] 🌱 Memulai deploy Digital Garden...
Already up to date.
  ✅ Pull selesai
🌱 Membangun Digital Garden...

  📁 catatan/ → 1 artikel
  📁 laporan/ → 9 artikel
  📁 project/ → 1 artikel
  ✅ Sitemap: 15 URLs

✅ Selesai! Total 11 halaman terbit.
   📍 https://muhdanfyan.github.io/catatan/
   📍 https://muhdanfyan.github.io/laporan/
   📍 https://muhdanfyan.github.io/project/
  ✅ Build selesai
[main fc72eca] gardener: auto-build 2026-08-04 03:30
 1 file changed, 20 insertions(+)
  ✅ Push ke GitHub Pages selesai
[2026-08-04 03:30:05] ✅ Selesai!

[2026-08-04 04:00:01] 🌱 Memulai deploy Digital Garden...
Already up to date.
  ✅ Pull selesai
🌱 Membangun Digital Garden...

  📁 catatan/ → 1 artikel
  📁 laporan/ → 9 artikel
  📁 project/ → 1 artikel
  ✅ Sitemap: 15 URLs

✅ Selesai! Total 11 halaman terbit.
   📍 https://muhdanfyan.github.io/catatan/
   📍 https://muhdanfyan.github.io/laporan/
   📍 https://muhdanfyan.github.io/project/
  ✅ Build selesai
[main 38d5dd1] gardener: auto-build 2026-08-04 04:00
 1 file changed, 20 insertions(+)
  ✅ Push ke GitHub Pages selesai
[2026-08-04 04:00:05] ✅ Selesai!

[2026-08-04 04:30:01] 🌱 Memulai deploy Digital Garden...
Already up to date.
  ✅ Pull selesai
🌱 Membangun Digital Garden...

  📁 catatan/ → 1 artikel
  📁 laporan/ → 9 artikel
  📁 project/ → 1 artikel
  ✅ Sitemap: 15 URLs

✅ Selesai! Total 11 halaman terbit.
   📍 https://muhdanfyan.github.io/catatan/
   📍 https://muhdanfyan.github.io/laporan/
   📍 https://muhdanfyan.github.io/project/
  ✅ Build selesai
[main 2422756] gardener: auto-build 2026-08-04 04:30
 1 file changed, 20 insertions(+)
  ✅ Push ke GitHub Pages selesai
[2026-08-04 04:30:05] ✅ Selesai!

[2026-08-04 05:00:01] 🌱 Memulai deploy Digital Garden...
Already up to date.
  ✅ Pull selesai
🌱 Membangun Digital Garden...

  📁 catatan/ → 1 artikel
  📁 laporan/ → 9 artikel
  📁 project/ → 1 artikel
  ✅ Sitemap: 15 URLs

✅ Selesai! Total 11 halaman terbit.
   📍 https://muhdanfyan.github.io/catatan/
   📍 https://muhdanfyan.github.io/laporan/
   📍 https://muhdanfyan.github.io/project/
  ✅ Build selesai
[main 14f1382] gardener: auto-build 2026-08-04 05:00
 1 file changed, 20 insertions(+)
  ✅ Push ke GitHub Pages selesai
[2026-08-04 05:00:05] ✅ Selesai!

[2026-08-04 05:30:01] 🌱 Memulai deploy Digital Garden...
Already up to date.
  ✅ Pull selesai
🌱 Membangun Digital Garden...

  📁 catatan/ → 1 artikel
  📁 laporan/ → 9 artikel
  📁 project/ → 1 artikel
  ✅ Sitemap: 15 URLs

✅ Selesai! Total 11 halaman terbit.
   📍 https://muhdanfyan.github.io/catatan/
   📍 https://muhdanfyan.github.io/laporan/
   📍 https://muhdanfyan.github.io/project/
  ✅ Build selesai
[main 5d382e7] gardener: auto-build 2026-08-04 05:30
 1 file changed, 20 insertions(+)
  ✅ Push ke GitHub Pages selesai
[2026-08-04 05:30:04] ✅ Selesai!

[2026-08-04 06:00:01] 🌱 Memulai deploy Digital Garden...
Already up to date.
  ✅ Pull selesai
🌱 Membangun Digital Garden...

  📁 catatan/ → 1 artikel
  📁 laporan/ → 9 artikel
  📁 project/ → 1 artikel
  ✅ Sitemap: 15 URLs

✅ Selesai! Total 11 halaman terbit.
   📍 https://muhdanfyan.github.io/catatan/
   📍 https://muhdanfyan.github.io/laporan/
   📍 https://muhdanfyan.github.io/project/
  ✅ Build selesai
[main f3bc190] gardener: auto-build 2026-08-04 06:00
 1 file changed, 20 insertions(+)
  ✅ Push ke GitHub Pages selesai
[2026-08-04 06:00:05] ✅ Selesai!

[2026-08-04 06:30:01] 🌱 Memulai deploy Digital Garden...
Already up to date.
  ✅ Pull selesai
🌱 Membangun Digital Garden...

  📁 catatan/ → 1 artikel
  📁 laporan/ → 9 artikel
  📁 project/ → 1 artikel
  ✅ Sitemap: 15 URLs

✅ Selesai! Total 11 halaman terbit.
   📍 https://muhdanfyan.github.io/catatan/
   📍 https://muhdanfyan.github.io/laporan/
   📍 https://muhdanfyan.github.io/project/
  ✅ Build selesai
[main b4a0fd7] gardener: auto-build 2026-08-04 06:30
 1 file changed, 20 insertions(+)
  ✅ Push ke GitHub Pages selesai
[2026-08-04 06:30:04] ✅ Selesai!

[2026-08-04 07:00:01] 🌱 Memulai deploy Digital Garden...
Already up to date.
  ✅ Pull selesai
🌱 Membangun Digital Garden...

  📁 catatan/ → 1 artikel
  📁 laporan/ → 9 artikel
  📁 project/ → 1 artikel
  ✅ Sitemap: 15 URLs

✅ Selesai! Total 11 halaman terbit.
   📍 https://muhdanfyan.github.io/catatan/
   📍 https://muhdanfyan.github.io/laporan/
   📍 https://muhdanfyan.github.io/project/
  ✅ Build selesai
[main 66b0c23] gardener: auto-build 2026-08-04 07:00
 1 file changed, 20 insertions(+)
  ✅ Push ke GitHub Pages selesai
[2026-08-04 07:00:05] ✅ Selesai!

[2026-08-04 07:30:01] 🌱 Memulai deploy Digital Garden...
Already up to date.
  ✅ Pull selesai
🌱 Membangun Digital Garden...

  📁 catatan/ → 1 artikel
  📁 laporan/ → 9 artikel
  📁 project/ → 1 artikel
  ✅ Sitemap: 15 URLs

✅ Selesai! Total 11 halaman terbit.
   📍 https://muhdanfyan.github.io/catatan/
   📍 https://muhdanfyan.github.io/laporan/
   📍 https://muhdanfyan.github.io/project/
  ✅ Build selesai
[main 7574e2d] gardener: auto-build 2026-08-04 07:30
 1 file changed, 20 insertions(+)
  ✅ Push ke GitHub Pages selesai
[2026-08-04 07:30:05] ✅ Selesai!

[2026-08-04 08:00:01] 🌱 Memulai deploy Digital Garden...
Already up to date.
  ✅ Pull selesai
🌱 Membangun Digital Garden...

  📁 catatan/ → 1 artikel
  📁 laporan/ → 9 artikel
  📁 project/ → 1 artikel
  ✅ Sitemap: 15 URLs

✅ Selesai! Total 11 halaman terbit.
   📍 https://muhdanfyan.github.io/catatan/
   📍 https://muhdanfyan.github.io/laporan/
   📍 https://muhdanfyan.github.io/project/
  ✅ Build selesai
[main 9b19da2] gardener: auto-build 2026-08-04 08:00
 1 file changed, 20 insertions(+)
  ✅ Push ke GitHub Pages selesai
[2026-08-04 08:00:06] ✅ Selesai!

[2026-08-04 08:30:01] 🌱 Memulai deploy Digital Garden...
Already up to date.
  ✅ Pull selesai
🌱 Membangun Digital Garden...

  📁 catatan/ → 1 artikel
  📁 laporan/ → 9 artikel
  📁 project/ → 1 artikel
  ✅ Sitemap: 15 URLs

✅ Selesai! Total 11 halaman terbit.
   📍 https://muhdanfyan.github.io/catatan/
   📍 https://muhdanfyan.github.io/laporan/
   📍 https://muhdanfyan.github.io/project/
  ✅ Build selesai
[main 59c18ba] gardener: auto-build 2026-08-04 08:30
 1 file changed, 20 insertions(+)
  ✅ Push ke GitHub Pages selesai
[2026-08-04 08:30:05] ✅ Selesai!

[2026-08-04 09:00:01] 🌱 Memulai deploy Digital Garden...
Already up to date.
  ✅ Pull selesai
🌱 Membangun Digital Garden...

  📁 catatan/ → 1 artikel
  📁 laporan/ → 9 artikel
  📁 project/ → 1 artikel
  ✅ Sitemap: 15 URLs

✅ Selesai! Total 11 halaman terbit.
   📍 https://muhdanfyan.github.io/catatan/
   📍 https://muhdanfyan.github.io/laporan/
   📍 https://muhdanfyan.github.io/project/
  ✅ Build selesai
[main 6d5f360] gardener: auto-build 2026-08-04 09:00
 1 file changed, 20 insertions(+)
  ✅ Push ke GitHub Pages selesai
[2026-08-04 09:00:05] ✅ Selesai!

[2026-08-04 09:30:01] 🌱 Memulai deploy Digital Garden...
Already up to date.
  ✅ Pull selesai
🌱 Membangun Digital Garden...

  📁 catatan/ → 1 artikel
  📁 laporan/ → 9 artikel
  📁 project/ → 1 artikel
  ✅ Sitemap: 15 URLs

✅ Selesai! Total 11 halaman terbit.
   📍 https://muhdanfyan.github.io/catatan/
   📍 https://muhdanfyan.github.io/laporan/
   📍 https://muhdanfyan.github.io/project/
  ✅ Build selesai
[main 7e5fff7] gardener: auto-build 2026-08-04 09:30
 1 file changed, 20 insertions(+)
  ✅ Push ke GitHub Pages selesai
[2026-08-04 09:30:05] ✅ Selesai!

[2026-08-04 10:00:01] 🌱 Memulai deploy Digital Garden...
Already up to date.
  ✅ Pull selesai
🌱 Membangun Digital Garden...

  📁 catatan/ → 1 artikel
  📁 laporan/ → 9 artikel
  📁 project/ → 1 artikel
  ✅ Sitemap: 15 URLs

✅ Selesai! Total 11 halaman terbit.
   📍 https://muhdanfyan.github.io/catatan/
   📍 https://muhdanfyan.github.io/laporan/
   📍 https://muhdanfyan.github.io/project/
  ✅ Build selesai
[main 075fa62] gardener: auto-build 2026-08-04 10:00
 1 file changed, 20 insertions(+)
  ✅ Push ke GitHub Pages selesai
[2026-08-04 10:00:06] ✅ Selesai!

[2026-08-04 10:30:01] 🌱 Memulai deploy Digital Garden...
Already up to date.
  ✅ Pull selesai
🌱 Membangun Digital Garden...

  📁 catatan/ → 1 artikel
  📁 laporan/ → 9 artikel
  📁 project/ → 1 artikel
  ✅ Sitemap: 15 URLs

✅ Selesai! Total 11 halaman terbit.
   📍 https://muhdanfyan.github.io/catatan/
   📍 https://muhdanfyan.github.io/laporan/
   📍 https://muhdanfyan.github.io/project/
  ✅ Build selesai
[main 5780ddd] gardener: auto-build 2026-08-04 10:30
 1 file changed, 20 insertions(+)
  ✅ Push ke GitHub Pages selesai
[2026-08-04 10:30:05] ✅ Selesai!

[2026-08-04 11:00:01] 🌱 Memulai deploy Digital Garden...
Already up to date.
  ✅ Pull selesai
🌱 Membangun Digital Garden...

  📁 catatan/ → 1 artikel
  📁 laporan/ → 9 artikel
  📁 project/ → 1 artikel
  ✅ Sitemap: 15 URLs

✅ Selesai! Total 11 halaman terbit.
   📍 https://muhdanfyan.github.io/catatan/
   📍 https://muhdanfyan.github.io/laporan/
   📍 https://muhdanfyan.github.io/project/
  ✅ Build selesai
[main b018c4a] gardener: auto-build 2026-08-04 11:00
 1 file changed, 20 insertions(+)
  ✅ Push ke GitHub Pages selesai
[2026-08-04 11:00:04] ✅ Selesai!

[2026-08-04 11:30:01] 🌱 Memulai deploy Digital Garden...
Already up to date.
  ✅ Pull selesai
🌱 Membangun Digital Garden...

  📁 catatan/ → 1 artikel
  📁 laporan/ → 9 artikel
  📁 project/ → 1 artikel
  ✅ Sitemap: 15 URLs

✅ Selesai! Total 11 halaman terbit.
   📍 https://muhdanfyan.github.io/catatan/
   📍 https://muhdanfyan.github.io/laporan/
   📍 https://muhdanfyan.github.io/project/
  ✅ Build selesai
[main b1c990f] gardener: auto-build 2026-08-04 11:30
 1 file changed, 20 insertions(+)
  ✅ Push ke GitHub Pages selesai
[2026-08-04 11:30:05] ✅ Selesai!

[2026-08-04 12:00:01] 🌱 Memulai deploy Digital Garden...
Already up to date.
  ✅ Pull selesai
🌱 Membangun Digital Garden...

  📁 catatan/ → 1 artikel
  📁 laporan/ → 9 artikel
  📁 project/ → 1 artikel
  ✅ Sitemap: 15 URLs

✅ Selesai! Total 11 halaman terbit.
   📍 https://muhdanfyan.github.io/catatan/
   📍 https://muhdanfyan.github.io/laporan/
   📍 https://muhdanfyan.github.io/project/
  ✅ Build selesai
[main 981d5dd] gardener: auto-build 2026-08-04 12:00
 1 file changed, 20 insertions(+)
  ✅ Push ke GitHub Pages selesai
[2026-08-04 12:00:05] ✅ Selesai!

[2026-08-04 12:30:01] 🌱 Memulai deploy Digital Garden...
Already up to date.
  ✅ Pull selesai
🌱 Membangun Digital Garden...

  📁 catatan/ → 1 artikel
  📁 laporan/ → 9 artikel
  📁 project/ → 1 artikel
  ✅ Sitemap: 15 URLs

✅ Selesai! Total 11 halaman terbit.
   📍 https://muhdanfyan.github.io/catatan/
   📍 https://muhdanfyan.github.io/laporan/
   📍 https://muhdanfyan.github.io/project/
  ✅ Build selesai
[main a7bd9d0] gardener: auto-build 2026-08-04 12:30
 1 file changed, 20 insertions(+)
  ✅ Push ke GitHub Pages selesai
[2026-08-04 12:30:05] ✅ Selesai!

[2026-08-04 13:00:01] 🌱 Memulai deploy Digital Garden...
Already up to date.
  ✅ Pull selesai
🌱 Membangun Digital Garden...

  📁 catatan/ → 1 artikel
  📁 laporan/ → 9 artikel
  📁 project/ → 1 artikel
  ✅ Sitemap: 15 URLs

✅ Selesai! Total 11 halaman terbit.
   📍 https://muhdanfyan.github.io/catatan/
   📍 https://muhdanfyan.github.io/laporan/
   📍 https://muhdanfyan.github.io/project/
  ✅ Build selesai
[main 0db0802] gardener: auto-build 2026-08-04 13:00
 1 file changed, 20 insertions(+)
  ✅ Push ke GitHub Pages selesai
[2026-08-04 13:00:05] ✅ Selesai!

[2026-08-04 13:30:01] 🌱 Memulai deploy Digital Garden...
Already up to date.
  ✅ Pull selesai
🌱 Membangun Digital Garden...

  📁 catatan/ → 1 artikel
  📁 laporan/ → 9 artikel
  📁 project/ → 1 artikel
  ✅ Sitemap: 15 URLs

✅ Selesai! Total 11 halaman terbit.
   📍 https://muhdanfyan.github.io/catatan/
   📍 https://muhdanfyan.github.io/laporan/
   📍 https://muhdanfyan.github.io/project/
  ✅ Build selesai
[main 6894d94] gardener: auto-build 2026-08-04 13:30
 1 file changed, 20 insertions(+)
  ✅ Push ke GitHub Pages selesai
[2026-08-04 13:30:04] ✅ Selesai!

[2026-08-04 14:00:01] 🌱 Memulai deploy Digital Garden...
Already up to date.
  ✅ Pull selesai
🌱 Membangun Digital Garden...

  📁 catatan/ → 1 artikel
  📁 laporan/ → 9 artikel
  📁 project/ → 1 artikel
  ✅ Sitemap: 15 URLs

✅ Selesai! Total 11 halaman terbit.
   📍 https://muhdanfyan.github.io/catatan/
   📍 https://muhdanfyan.github.io/laporan/
   📍 https://muhdanfyan.github.io/project/
  ✅ Build selesai
[main 4163d0a] gardener: auto-build 2026-08-04 14:00
 1 file changed, 20 insertions(+)
  ✅ Push ke GitHub Pages selesai
[2026-08-04 14:00:05] ✅ Selesai!

[2026-08-04 14:30:02] 🌱 Memulai deploy Digital Garden...
Already up to date.
  ✅ Pull selesai
🌱 Membangun Digital Garden...

  📁 catatan/ → 1 artikel
  📁 laporan/ → 9 artikel
  📁 project/ → 1 artikel
  ✅ Sitemap: 15 URLs

✅ Selesai! Total 11 halaman terbit.
   📍 https://muhdanfyan.github.io/catatan/
   📍 https://muhdanfyan.github.io/laporan/
   📍 https://muhdanfyan.github.io/project/
  ✅ Build selesai
[main a5455de] gardener: auto-build 2026-08-04 14:30
 1 file changed, 20 insertions(+)
  ✅ Push ke GitHub Pages selesai
[2026-08-04 14:30:05] ✅ Selesai!

[2026-08-04 15:00:01] 🌱 Memulai deploy Digital Garden...
Already up to date.
  ✅ Pull selesai
🌱 Membangun Digital Garden...

  📁 catatan/ → 1 artikel
  📁 laporan/ → 9 artikel
  📁 project/ → 1 artikel
  ✅ Sitemap: 15 URLs

✅ Selesai! Total 11 halaman terbit.
   📍 https://muhdanfyan.github.io/catatan/
   📍 https://muhdanfyan.github.io/laporan/
   📍 https://muhdanfyan.github.io/project/
  ✅ Build selesai
[main 4ac38d7] gardener: auto-build 2026-08-04 15:00
 1 file changed, 20 insertions(+)
  ✅ Push ke GitHub Pages selesai
[2026-08-04 15:00:06] ✅ Selesai!

[2026-08-04 15:30:01] 🌱 Memulai deploy Digital Garden...
Already up to date.
  ✅ Pull selesai
🌱 Membangun Digital Garden...

  📁 catatan/ → 1 artikel
  📁 laporan/ → 9 artikel
  📁 project/ → 1 artikel
  ✅ Sitemap: 15 URLs

✅ Selesai! Total 11 halaman terbit.
   📍 https://muhdanfyan.github.io/catatan/
   📍 https://muhdanfyan.github.io/laporan/
   📍 https://muhdanfyan.github.io/project/
  ✅ Build selesai
[main 295f791] gardener: auto-build 2026-08-04 15:30
 1 file changed, 20 insertions(+)
  ✅ Push ke GitHub Pages selesai
[2026-08-04 15:30:06] ✅ Selesai!

[2026-08-04 16:00:01] 🌱 Memulai deploy Digital Garden...
Already up to date.
  ✅ Pull selesai
🌱 Membangun Digital Garden...

  📁 catatan/ → 1 artikel
  📁 laporan/ → 9 artikel
  📁 project/ → 1 artikel
  ✅ Sitemap: 15 URLs

✅ Selesai! Total 11 halaman terbit.
   📍 https://muhdanfyan.github.io/catatan/
   📍 https://muhdanfyan.github.io/laporan/
   📍 https://muhdanfyan.github.io/project/
  ✅ Build selesai
[main 8256735] gardener: auto-build 2026-08-04 16:00
 1 file changed, 20 insertions(+)
  ✅ Push ke GitHub Pages selesai
[2026-08-04 16:00:08] ✅ Selesai!

[2026-08-04 16:30:01] 🌱 Memulai deploy Digital Garden...
Already up to date.
  ✅ Pull selesai
🌱 Membangun Digital Garden...

  📁 catatan/ → 1 artikel
  📁 laporan/ → 9 artikel
  📁 project/ → 1 artikel
  ✅ Sitemap: 15 URLs

✅ Selesai! Total 11 halaman terbit.
   📍 https://muhdanfyan.github.io/catatan/
   📍 https://muhdanfyan.github.io/laporan/
   📍 https://muhdanfyan.github.io/project/
  ✅ Build selesai
[main 1d112a2] gardener: auto-build 2026-08-04 16:30
 1 file changed, 20 insertions(+)
  ✅ Push ke GitHub Pages selesai
[2026-08-04 16:30:05] ✅ Selesai!

[2026-08-04 17:00:01] 🌱 Memulai deploy Digital Garden...
Already up to date.
  ✅ Pull selesai
🌱 Membangun Digital Garden...

  📁 catatan/ → 1 artikel
  📁 laporan/ → 9 artikel
  📁 project/ → 1 artikel
  ✅ Sitemap: 15 URLs

✅ Selesai! Total 11 halaman terbit.
   📍 https://muhdanfyan.github.io/catatan/
   📍 https://muhdanfyan.github.io/laporan/
   📍 https://muhdanfyan.github.io/project/
  ✅ Build selesai
[main 3a83257] gardener: auto-build 2026-08-04 17:00
 1 file changed, 20 insertions(+)
  ✅ Push ke GitHub Pages selesai
[2026-08-04 17:00:04] ✅ Selesai!

[2026-08-04 17:30:01] 🌱 Memulai deploy Digital Garden...
Already up to date.
  ✅ Pull selesai
🌱 Membangun Digital Garden...

  📁 catatan/ → 1 artikel
  📁 laporan/ → 9 artikel
  📁 project/ → 1 artikel
  ✅ Sitemap: 15 URLs

✅ Selesai! Total 11 halaman terbit.
   📍 https://muhdanfyan.github.io/catatan/
   📍 https://muhdanfyan.github.io/laporan/
   📍 https://muhdanfyan.github.io/project/
  ✅ Build selesai
[main 4795bdb] gardener: auto-build 2026-08-04 17:30
 1 file changed, 20 insertions(+)
  ✅ Push ke GitHub Pages selesai
[2026-08-04 17:30:05] ✅ Selesai!

[2026-08-04 18:00:02] 🌱 Memulai deploy Digital Garden...
Already up to date.
  ✅ Pull selesai
🌱 Membangun Digital Garden...

  📁 catatan/ → 1 artikel
  📁 laporan/ → 9 artikel
  📁 project/ → 1 artikel
  ✅ Sitemap: 15 URLs

✅ Selesai! Total 11 halaman terbit.
   📍 https://muhdanfyan.github.io/catatan/
   📍 https://muhdanfyan.github.io/laporan/
   📍 https://muhdanfyan.github.io/project/
  ✅ Build selesai
[main 492416f] gardener: auto-build 2026-08-04 18:00
 1 file changed, 20 insertions(+)
  ✅ Push ke GitHub Pages selesai
[2026-08-04 18:00:07] ✅ Selesai!

[2026-08-04 18:30:01] 🌱 Memulai deploy Digital Garden...
Already up to date.
  ✅ Pull selesai
🌱 Membangun Digital Garden...

  📁 catatan/ → 1 artikel
  📁 laporan/ → 9 artikel
  📁 project/ → 1 artikel
  ✅ Sitemap: 15 URLs

✅ Selesai! Total 11 halaman terbit.
   📍 https://muhdanfyan.github.io/catatan/
   📍 https://muhdanfyan.github.io/laporan/
   📍 https://muhdanfyan.github.io/project/
  ✅ Build selesai
[main d1ed15b] gardener: auto-build 2026-08-04 18:30
 1 file changed, 20 insertions(+)
  ✅ Push ke GitHub Pages selesai
[2026-08-04 18:30:04] ✅ Selesai!

[2026-08-04 19:00:01] 🌱 Memulai deploy Digital Garden...
Already up to date.
  ✅ Pull selesai
🌱 Membangun Digital Garden...

  📁 catatan/ → 1 artikel
  📁 laporan/ → 9 artikel
  📁 project/ → 1 artikel
  ✅ Sitemap: 15 URLs

✅ Selesai! Total 11 halaman terbit.
   📍 https://muhdanfyan.github.io/catatan/
   📍 https://muhdanfyan.github.io/laporan/
   📍 https://muhdanfyan.github.io/project/
  ✅ Build selesai
[main 6b3ba56] gardener: auto-build 2026-08-04 19:00
 1 file changed, 20 insertions(+)
  ✅ Push ke GitHub Pages selesai
[2026-08-04 19:00:05] ✅ Selesai!

[2026-08-04 19:30:01] 🌱 Memulai deploy Digital Garden...
Already up to date.
  ✅ Pull selesai
🌱 Membangun Digital Garden...

  📁 catatan/ → 1 artikel
  📁 laporan/ → 9 artikel
  📁 project/ → 1 artikel
  ✅ Sitemap: 15 URLs

✅ Selesai! Total 11 halaman terbit.
   📍 https://muhdanfyan.github.io/catatan/
   📍 https://muhdanfyan.github.io/laporan/
   📍 https://muhdanfyan.github.io/project/
  ✅ Build selesai
[main 55dac6b] gardener: auto-build 2026-08-04 19:30
 1 file changed, 20 insertions(+)
  ✅ Push ke GitHub Pages selesai
[2026-08-04 19:30:05] ✅ Selesai!

[2026-08-04 20:00:01] 🌱 Memulai deploy Digital Garden...
Already up to date.
  ✅ Pull selesai
🌱 Membangun Digital Garden...

  📁 catatan/ → 1 artikel
  📁 laporan/ → 9 artikel
  📁 project/ → 1 artikel
  ✅ Sitemap: 15 URLs

✅ Selesai! Total 11 halaman terbit.
   📍 https://muhdanfyan.github.io/catatan/
   📍 https://muhdanfyan.github.io/laporan/
   📍 https://muhdanfyan.github.io/project/
  ✅ Build selesai
[main d73ade4] gardener: auto-build 2026-08-04 20:00
 1 file changed, 20 insertions(+)
  ✅ Push ke GitHub Pages selesai
[2026-08-04 20:00:05] ✅ Selesai!

[2026-08-04 20:30:01] 🌱 Memulai deploy Digital Garden...
Already up to date.
  ✅ Pull selesai
🌱 Membangun Digital Garden...

  📁 catatan/ → 1 artikel
  📁 laporan/ → 9 artikel
  📁 project/ → 1 artikel
  ✅ Sitemap: 15 URLs

✅ Selesai! Total 11 halaman terbit.
   📍 https://muhdanfyan.github.io/catatan/
   📍 https://muhdanfyan.github.io/laporan/
   📍 https://muhdanfyan.github.io/project/
  ✅ Build selesai
[main 00daf83] gardener: auto-build 2026-08-04 20:30
 1 file changed, 20 insertions(+)
  ✅ Push ke GitHub Pages selesai
[2026-08-04 20:30:05] ✅ Selesai!

[2026-08-04 21:00:01] 🌱 Memulai deploy Digital Garden...
Already up to date.
  ✅ Pull selesai
🌱 Membangun Digital Garden...

  📁 catatan/ → 1 artikel
  📁 laporan/ → 9 artikel
  📁 project/ → 1 artikel
  ✅ Sitemap: 15 URLs

✅ Selesai! Total 11 halaman terbit.
   📍 https://muhdanfyan.github.io/catatan/
   📍 https://muhdanfyan.github.io/laporan/
   📍 https://muhdanfyan.github.io/project/
  ✅ Build selesai
[main 08ea3f4] gardener: auto-build 2026-08-04 21:00
 1 file changed, 20 insertions(+)
  ✅ Push ke GitHub Pages selesai
[2026-08-04 21:00:08] ✅ Selesai!

[2026-08-04 21:30:01] 🌱 Memulai deploy Digital Garden...
Already up to date.
  ✅ Pull selesai
🌱 Membangun Digital Garden...

  📁 catatan/ → 1 artikel
  📁 laporan/ → 9 artikel
  📁 project/ → 1 artikel
  ✅ Sitemap: 15 URLs

✅ Selesai! Total 11 halaman terbit.
   📍 https://muhdanfyan.github.io/catatan/
   📍 https://muhdanfyan.github.io/laporan/
   📍 https://muhdanfyan.github.io/project/
  ✅ Build selesai
[main d58a6eb] gardener: auto-build 2026-08-04 21:30
 1 file changed, 20 insertions(+)
  ✅ Push ke GitHub Pages selesai
[2026-08-04 21:30:07] ✅ Selesai!

[2026-08-04 22:00:01] 🌱 Memulai deploy Digital Garden...
Already up to date.
  ✅ Pull selesai
🌱 Membangun Digital Garden...

  📁 catatan/ → 1 artikel
  📁 laporan/ → 9 artikel
  📁 project/ → 1 artikel
  ✅ Sitemap: 15 URLs

✅ Selesai! Total 11 halaman terbit.
   📍 https://muhdanfyan.github.io/catatan/
   📍 https://muhdanfyan.github.io/laporan/
   📍 https://muhdanfyan.github.io/project/
  ✅ Build selesai
[main d8d7c29] gardener: auto-build 2026-08-04 22:00
 1 file changed, 20 insertions(+)
  ✅ Push ke GitHub Pages selesai
[2026-08-04 22:00:07] ✅ Selesai!

[2026-08-04 22:30:02] 🌱 Memulai deploy Digital Garden...
Already up to date.
  ✅ Pull selesai
🌱 Membangun Digital Garden...

  📁 catatan/ → 1 artikel
  📁 laporan/ → 9 artikel
  📁 project/ → 1 artikel
  ✅ Sitemap: 15 URLs

✅ Selesai! Total 11 halaman terbit.
   📍 https://muhdanfyan.github.io/catatan/
   📍 https://muhdanfyan.github.io/laporan/
   📍 https://muhdanfyan.github.io/project/
  ✅ Build selesai
[main a84a629] gardener: auto-build 2026-08-04 22:30
 1 file changed, 20 insertions(+)
  ✅ Push ke GitHub Pages selesai
[2026-08-04 22:30:05] ✅ Selesai!

[2026-08-04 23:00:01] 🌱 Memulai deploy Digital Garden...
Already up to date.
  ✅ Pull selesai
🌱 Membangun Digital Garden...

  📁 catatan/ → 1 artikel
  📁 laporan/ → 9 artikel
  📁 project/ → 1 artikel
  ✅ Sitemap: 15 URLs

✅ Selesai! Total 11 halaman terbit.
   📍 https://muhdanfyan.github.io/catatan/
   📍 https://muhdanfyan.github.io/laporan/
   📍 https://muhdanfyan.github.io/project/
  ✅ Build selesai
[main e901638] gardener: auto-build 2026-08-04 23:00
 1 file changed, 20 insertions(+)
  ✅ Push ke GitHub Pages selesai
[2026-08-04 23:00:05] ✅ Selesai!

[2026-08-04 23:30:01] 🌱 Memulai deploy Digital Garden...
Already up to date.
  ✅ Pull selesai
🌱 Membangun Digital Garden...

  📁 catatan/ → 1 artikel
  📁 laporan/ → 9 artikel
  📁 project/ → 1 artikel
  ✅ Sitemap: 15 URLs

✅ Selesai! Total 11 halaman terbit.
   📍 https://muhdanfyan.github.io/catatan/
   📍 https://muhdanfyan.github.io/laporan/
   📍 https://muhdanfyan.github.io/project/
  ✅ Build selesai
[main 1ed4ab3] gardener: auto-build 2026-08-04 23:30
 1 file changed, 20 insertions(+)
  ✅ Push ke GitHub Pages selesai
[2026-08-04 23:30:05] ✅ Selesai!

[2026-08-05 00:00:02] 🌱 Memulai deploy Digital Garden...
Already up to date.
  ✅ Pull selesai
🌱 Membangun Digital Garden...

  📁 catatan/ → 1 artikel
  📁 laporan/ → 9 artikel
  📁 project/ → 1 artikel
  ✅ Sitemap: 15 URLs

✅ Selesai! Total 11 halaman terbit.
   📍 https://muhdanfyan.github.io/catatan/
   📍 https://muhdanfyan.github.io/laporan/
   📍 https://muhdanfyan.github.io/project/
  ✅ Build selesai
[main 526260e] gardener: auto-build 2026-08-05 00:00
 1 file changed, 20 insertions(+)
  ✅ Push ke GitHub Pages selesai
[2026-08-05 00:00:07] ✅ Selesai!

[2026-08-05 00:30:01] 🌱 Memulai deploy Digital Garden...
Already up to date.
  ✅ Pull selesai
🌱 Membangun Digital Garden...

  📁 catatan/ → 1 artikel
  📁 laporan/ → 9 artikel
  📁 project/ → 1 artikel
  ✅ Sitemap: 15 URLs

✅ Selesai! Total 11 halaman terbit.
   📍 https://muhdanfyan.github.io/catatan/
   📍 https://muhdanfyan.github.io/laporan/
   📍 https://muhdanfyan.github.io/project/
  ✅ Build selesai
[main 2760210] gardener: auto-build 2026-08-05 00:30
 1 file changed, 20 insertions(+)
  ✅ Push ke GitHub Pages selesai
[2026-08-05 00:30:05] ✅ Selesai!

[2026-08-05 01:00:01] 🌱 Memulai deploy Digital Garden...
Already up to date.
  ✅ Pull selesai
🌱 Membangun Digital Garden...

  📁 catatan/ → 1 artikel
  📁 laporan/ → 9 artikel
  📁 project/ → 1 artikel
  ✅ Sitemap: 15 URLs

✅ Selesai! Total 11 halaman terbit.
   📍 https://muhdanfyan.github.io/catatan/
   📍 https://muhdanfyan.github.io/laporan/
   📍 https://muhdanfyan.github.io/project/
  ✅ Build selesai
[main 6932cd3] gardener: auto-build 2026-08-05 01:00
 1 file changed, 20 insertions(+)
  ✅ Push ke GitHub Pages selesai
[2026-08-05 01:00:07] ✅ Selesai!

[2026-08-05 01:30:01] 🌱 Memulai deploy Digital Garden...
Already up to date.
  ✅ Pull selesai
🌱 Membangun Digital Garden...

  📁 catatan/ → 1 artikel
  📁 laporan/ → 9 artikel
  📁 project/ → 1 artikel
  ✅ Sitemap: 15 URLs

✅ Selesai! Total 11 halaman terbit.
   📍 https://muhdanfyan.github.io/catatan/
   📍 https://muhdanfyan.github.io/laporan/
   📍 https://muhdanfyan.github.io/project/
  ✅ Build selesai
[main 8171c84] gardener: auto-build 2026-08-05 01:30
 1 file changed, 20 insertions(+)
  ✅ Push ke GitHub Pages selesai
[2026-08-05 01:30:06] ✅ Selesai!

[2026-08-05 02:00:01] 🌱 Memulai deploy Digital Garden...
Already up to date.
  ✅ Pull selesai
🌱 Membangun Digital Garden...

  📁 catatan/ → 1 artikel
  📁 laporan/ → 9 artikel
  📁 project/ → 1 artikel
  ✅ Sitemap: 15 URLs

✅ Selesai! Total 11 halaman terbit.
   📍 https://muhdanfyan.github.io/catatan/
   📍 https://muhdanfyan.github.io/laporan/
   📍 https://muhdanfyan.github.io/project/
  ✅ Build selesai
[main aa6e7aa] gardener: auto-build 2026-08-05 02:00
 1 file changed, 20 insertions(+)
  ✅ Push ke GitHub Pages selesai
[2026-08-05 02:00:07] ✅ Selesai!

[2026-08-05 02:30:01] 🌱 Memulai deploy Digital Garden...
Already up to date.
  ✅ Pull selesai
🌱 Membangun Digital Garden...

  📁 catatan/ → 1 artikel
  📁 laporan/ → 9 artikel
  📁 project/ → 1 artikel
  ✅ Sitemap: 15 URLs

✅ Selesai! Total 11 halaman terbit.
   📍 https://muhdanfyan.github.io/catatan/
   📍 https://muhdanfyan.github.io/laporan/
   📍 https://muhdanfyan.github.io/project/
  ✅ Build selesai
[main ca979c8] gardener: auto-build 2026-08-05 02:30
 1 file changed, 20 insertions(+)
  ✅ Push ke GitHub Pages selesai
[2026-08-05 02:30:05] ✅ Selesai!

[2026-08-05 03:00:01] 🌱 Memulai deploy Digital Garden...
Already up to date.
  ✅ Pull selesai
🌱 Membangun Digital Garden...

  📁 catatan/ → 1 artikel
  📁 laporan/ → 9 artikel
  📁 project/ → 1 artikel
  ✅ Sitemap: 15 URLs

✅ Selesai! Total 11 halaman terbit.
   📍 https://muhdanfyan.github.io/catatan/
   📍 https://muhdanfyan.github.io/laporan/
   📍 https://muhdanfyan.github.io/project/
  ✅ Build selesai
[main 3e7dc36] gardener: auto-build 2026-08-05 03:00
 1 file changed, 20 insertions(+)
  ✅ Push ke GitHub Pages selesai
[2026-08-05 03:00:05] ✅ Selesai!

[2026-08-05 03:30:01] 🌱 Memulai deploy Digital Garden...
Already up to date.
  ✅ Pull selesai
🌱 Membangun Digital Garden...

  📁 catatan/ → 1 artikel
  📁 laporan/ → 9 artikel
  📁 project/ → 1 artikel
  ✅ Sitemap: 15 URLs

✅ Selesai! Total 11 halaman terbit.
   📍 https://muhdanfyan.github.io/catatan/
   📍 https://muhdanfyan.github.io/laporan/
   📍 https://muhdanfyan.github.io/project/
  ✅ Build selesai
[main 80e76fb] gardener: auto-build 2026-08-05 03:30
 1 file changed, 20 insertions(+)
  ✅ Push ke GitHub Pages selesai
[2026-08-05 03:30:05] ✅ Selesai!

[2026-08-05 04:00:01] 🌱 Memulai deploy Digital Garden...
Already up to date.
  ✅ Pull selesai
🌱 Membangun Digital Garden...

  📁 catatan/ → 1 artikel
  📁 laporan/ → 9 artikel
  📁 project/ → 1 artikel
  ✅ Sitemap: 15 URLs

✅ Selesai! Total 11 halaman terbit.
   📍 https://muhdanfyan.github.io/catatan/
   📍 https://muhdanfyan.github.io/laporan/
   📍 https://muhdanfyan.github.io/project/
  ✅ Build selesai
[main 9b9ba15] gardener: auto-build 2026-08-05 04:00
 1 file changed, 20 insertions(+)
  ✅ Push ke GitHub Pages selesai
[2026-08-05 04:00:05] ✅ Selesai!

[2026-08-05 04:30:01] 🌱 Memulai deploy Digital Garden...
Already up to date.
  ✅ Pull selesai
🌱 Membangun Digital Garden...

  📁 catatan/ → 1 artikel
  📁 laporan/ → 9 artikel
  📁 project/ → 1 artikel
  ✅ Sitemap: 15 URLs

✅ Selesai! Total 11 halaman terbit.
   📍 https://muhdanfyan.github.io/catatan/
   📍 https://muhdanfyan.github.io/laporan/
   📍 https://muhdanfyan.github.io/project/
  ✅ Build selesai
[main bc50356] gardener: auto-build 2026-08-05 04:30
 1 file changed, 20 insertions(+)
  ✅ Push ke GitHub Pages selesai
[2026-08-05 04:30:06] ✅ Selesai!

[2026-08-05 05:00:01] 🌱 Memulai deploy Digital Garden...
Already up to date.
  ✅ Pull selesai
🌱 Membangun Digital Garden...

  📁 catatan/ → 1 artikel
  📁 laporan/ → 9 artikel
  📁 project/ → 1 artikel
  ✅ Sitemap: 15 URLs

✅ Selesai! Total 11 halaman terbit.
   📍 https://muhdanfyan.github.io/catatan/
   📍 https://muhdanfyan.github.io/laporan/
   📍 https://muhdanfyan.github.io/project/
  ✅ Build selesai
[main a1fdf74] gardener: auto-build 2026-08-05 05:00
 1 file changed, 20 insertions(+)
  ✅ Push ke GitHub Pages selesai
[2026-08-05 05:00:06] ✅ Selesai!

[2026-08-05 05:30:01] 🌱 Memulai deploy Digital Garden...
Already up to date.
  ✅ Pull selesai
🌱 Membangun Digital Garden...

  📁 catatan/ → 1 artikel
  📁 laporan/ → 9 artikel
  📁 project/ → 1 artikel
  ✅ Sitemap: 15 URLs

✅ Selesai! Total 11 halaman terbit.
   📍 https://muhdanfyan.github.io/catatan/
   📍 https://muhdanfyan.github.io/laporan/
   📍 https://muhdanfyan.github.io/project/
  ✅ Build selesai
[main 27f2593] gardener: auto-build 2026-08-05 05:30
 1 file changed, 20 insertions(+)
  ✅ Push ke GitHub Pages selesai
[2026-08-05 05:30:05] ✅ Selesai!

[2026-08-05 06:00:01] 🌱 Memulai deploy Digital Garden...
Already up to date.
  ✅ Pull selesai
🌱 Membangun Digital Garden...

  📁 catatan/ → 1 artikel
  📁 laporan/ → 9 artikel
  📁 project/ → 1 artikel
  ✅ Sitemap: 15 URLs

✅ Selesai! Total 11 halaman terbit.
   📍 https://muhdanfyan.github.io/catatan/
   📍 https://muhdanfyan.github.io/laporan/
   📍 https://muhdanfyan.github.io/project/
  ✅ Build selesai
[main bf59de6] gardener: auto-build 2026-08-05 06:00
 1 file changed, 20 insertions(+)
  ✅ Push ke GitHub Pages selesai
[2026-08-05 06:00:05] ✅ Selesai!

[2026-08-05 06:30:02] 🌱 Memulai deploy Digital Garden...
Already up to date.
  ✅ Pull selesai
🌱 Membangun Digital Garden...

  📁 catatan/ → 1 artikel
  📁 laporan/ → 9 artikel
  📁 project/ → 1 artikel
  ✅ Sitemap: 15 URLs

✅ Selesai! Total 11 halaman terbit.
   📍 https://muhdanfyan.github.io/catatan/
   📍 https://muhdanfyan.github.io/laporan/
   📍 https://muhdanfyan.github.io/project/
  ✅ Build selesai
[main 9bec8c7] gardener: auto-build 2026-08-05 06:30
 1 file changed, 20 insertions(+)
  ✅ Push ke GitHub Pages selesai
[2026-08-05 06:30:05] ✅ Selesai!

[2026-08-05 07:00:01] 🌱 Memulai deploy Digital Garden...
Already up to date.
  ✅ Pull selesai
🌱 Membangun Digital Garden...

  📁 catatan/ → 1 artikel
  📁 laporan/ → 9 artikel
  📁 project/ → 1 artikel
  ✅ Sitemap: 15 URLs

✅ Selesai! Total 11 halaman terbit.
   📍 https://muhdanfyan.github.io/catatan/
   📍 https://muhdanfyan.github.io/laporan/
   📍 https://muhdanfyan.github.io/project/
  ✅ Build selesai
[main ffec272] gardener: auto-build 2026-08-05 07:00
 1 file changed, 20 insertions(+)
  ✅ Push ke GitHub Pages selesai
[2026-08-05 07:00:05] ✅ Selesai!

[2026-08-05 07:30:01] 🌱 Memulai deploy Digital Garden...
Already up to date.
  ✅ Pull selesai
🌱 Membangun Digital Garden...

  📁 catatan/ → 1 artikel
  📁 laporan/ → 9 artikel
  📁 project/ → 1 artikel
  ✅ Sitemap: 15 URLs

✅ Selesai! Total 11 halaman terbit.
   📍 https://muhdanfyan.github.io/catatan/
   📍 https://muhdanfyan.github.io/laporan/
   📍 https://muhdanfyan.github.io/project/
  ✅ Build selesai
[main 959fd60] gardener: auto-build 2026-08-05 07:30
 1 file changed, 20 insertions(+)
  ✅ Push ke GitHub Pages selesai
[2026-08-05 07:30:04] ✅ Selesai!

[2026-08-05 08:00:01] 🌱 Memulai deploy Digital Garden...
Already up to date.
  ✅ Pull selesai
🌱 Membangun Digital Garden...

  📁 catatan/ → 1 artikel
  📁 laporan/ → 9 artikel
  📁 project/ → 1 artikel
  ✅ Sitemap: 15 URLs

✅ Selesai! Total 11 halaman terbit.
   📍 https://muhdanfyan.github.io/catatan/
   📍 https://muhdanfyan.github.io/laporan/
   📍 https://muhdanfyan.github.io/project/
  ✅ Build selesai
[main f42c41c] gardener: auto-build 2026-08-05 08:00
 1 file changed, 20 insertions(+)
  ✅ Push ke GitHub Pages selesai
[2026-08-05 08:00:04] ✅ Selesai!

[2026-08-05 08:30:01] 🌱 Memulai deploy Digital Garden...
Already up to date.
  ✅ Pull selesai
🌱 Membangun Digital Garden...

  📁 catatan/ → 1 artikel
  📁 laporan/ → 9 artikel
  📁 project/ → 1 artikel
  ✅ Sitemap: 15 URLs

✅ Selesai! Total 11 halaman terbit.
   📍 https://muhdanfyan.github.io/catatan/
   📍 https://muhdanfyan.github.io/laporan/
   📍 https://muhdanfyan.github.io/project/
  ✅ Build selesai
[main c805183] gardener: auto-build 2026-08-05 08:30
 1 file changed, 20 insertions(+)
  ✅ Push ke GitHub Pages selesai
[2026-08-05 08:30:05] ✅ Selesai!

[2026-08-05 09:00:01] 🌱 Memulai deploy Digital Garden...
Already up to date.
  ✅ Pull selesai
🌱 Membangun Digital Garden...

  📁 catatan/ → 1 artikel
  📁 laporan/ → 9 artikel
  📁 project/ → 1 artikel
  ✅ Sitemap: 15 URLs

✅ Selesai! Total 11 halaman terbit.
   📍 https://muhdanfyan.github.io/catatan/
   📍 https://muhdanfyan.github.io/laporan/
   📍 https://muhdanfyan.github.io/project/
  ✅ Build selesai
[main e1d17ae] gardener: auto-build 2026-08-05 09:00
 1 file changed, 20 insertions(+)
  ✅ Push ke GitHub Pages selesai
[2026-08-05 09:00:05] ✅ Selesai!

[2026-08-05 09:30:01] 🌱 Memulai deploy Digital Garden...
Already up to date.
  ✅ Pull selesai
🌱 Membangun Digital Garden...

  📁 catatan/ → 1 artikel
  📁 laporan/ → 9 artikel
  📁 project/ → 1 artikel
  ✅ Sitemap: 15 URLs

✅ Selesai! Total 11 halaman terbit.
   📍 https://muhdanfyan.github.io/catatan/
   📍 https://muhdanfyan.github.io/laporan/
   📍 https://muhdanfyan.github.io/project/
  ✅ Build selesai
[main 2adaab3] gardener: auto-build 2026-08-05 09:30
 1 file changed, 20 insertions(+)
  ✅ Push ke GitHub Pages selesai
[2026-08-05 09:30:04] ✅ Selesai!

[2026-08-05 10:00:01] 🌱 Memulai deploy Digital Garden...
Already up to date.
  ✅ Pull selesai
🌱 Membangun Digital Garden...

  📁 catatan/ → 1 artikel
  📁 laporan/ → 9 artikel
  📁 project/ → 1 artikel
  ✅ Sitemap: 15 URLs

✅ Selesai! Total 11 halaman terbit.
   📍 https://muhdanfyan.github.io/catatan/
   📍 https://muhdanfyan.github.io/laporan/
   📍 https://muhdanfyan.github.io/project/
  ✅ Build selesai
[main e4bd8be] gardener: auto-build 2026-08-05 10:00
 1 file changed, 20 insertions(+)
  ✅ Push ke GitHub Pages selesai
[2026-08-05 10:00:05] ✅ Selesai!

[2026-08-05 10:30:01] 🌱 Memulai deploy Digital Garden...
Already up to date.
  ✅ Pull selesai
🌱 Membangun Digital Garden...

  📁 catatan/ → 1 artikel
  📁 laporan/ → 9 artikel
  📁 project/ → 1 artikel
  ✅ Sitemap: 15 URLs

✅ Selesai! Total 11 halaman terbit.
   📍 https://muhdanfyan.github.io/catatan/
   📍 https://muhdanfyan.github.io/laporan/
   📍 https://muhdanfyan.github.io/project/
  ✅ Build selesai
[main 8979c17] gardener: auto-build 2026-08-05 10:30
 1 file changed, 20 insertions(+)
  ✅ Push ke GitHub Pages selesai
[2026-08-05 10:30:05] ✅ Selesai!

[2026-08-05 11:00:01] 🌱 Memulai deploy Digital Garden...
Already up to date.
  ✅ Pull selesai
🌱 Membangun Digital Garden...

  📁 catatan/ → 1 artikel
  📁 laporan/ → 9 artikel
  📁 project/ → 1 artikel
  ✅ Sitemap: 15 URLs

✅ Selesai! Total 11 halaman terbit.
   📍 https://muhdanfyan.github.io/catatan/
   📍 https://muhdanfyan.github.io/laporan/
   📍 https://muhdanfyan.github.io/project/
  ✅ Build selesai
[main b0727c6] gardener: auto-build 2026-08-05 11:00
 1 file changed, 20 insertions(+)
  ✅ Push ke GitHub Pages selesai
[2026-08-05 11:00:05] ✅ Selesai!

[2026-08-05 11:30:01] 🌱 Memulai deploy Digital Garden...
Already up to date.
  ✅ Pull selesai
🌱 Membangun Digital Garden...

  📁 catatan/ → 1 artikel
  📁 laporan/ → 9 artikel
  📁 project/ → 1 artikel
  ✅ Sitemap: 15 URLs

✅ Selesai! Total 11 halaman terbit.
   📍 https://muhdanfyan.github.io/catatan/
   📍 https://muhdanfyan.github.io/laporan/
   📍 https://muhdanfyan.github.io/project/
  ✅ Build selesai
[main 8fcb8db] gardener: auto-build 2026-08-05 11:30
 1 file changed, 20 insertions(+)
  ✅ Push ke GitHub Pages selesai
[2026-08-05 11:30:05] ✅ Selesai!

[2026-08-05 12:00:01] 🌱 Memulai deploy Digital Garden...
Already up to date.
  ✅ Pull selesai
🌱 Membangun Digital Garden...

  📁 catatan/ → 1 artikel
  📁 laporan/ → 9 artikel
  📁 project/ → 1 artikel
  ✅ Sitemap: 15 URLs

✅ Selesai! Total 11 halaman terbit.
   📍 https://muhdanfyan.github.io/catatan/
   📍 https://muhdanfyan.github.io/laporan/
   📍 https://muhdanfyan.github.io/project/
  ✅ Build selesai
[main 4ca0b36] gardener: auto-build 2026-08-05 12:00
 1 file changed, 20 insertions(+)
  ✅ Push ke GitHub Pages selesai
[2026-08-05 12:00:08] ✅ Selesai!

[2026-08-05 12:30:01] 🌱 Memulai deploy Digital Garden...
Already up to date.
  ✅ Pull selesai
🌱 Membangun Digital Garden...

  📁 catatan/ → 1 artikel
  📁 laporan/ → 9 artikel
  📁 project/ → 1 artikel
  ✅ Sitemap: 15 URLs

✅ Selesai! Total 11 halaman terbit.
   📍 https://muhdanfyan.github.io/catatan/
   📍 https://muhdanfyan.github.io/laporan/
   📍 https://muhdanfyan.github.io/project/
  ✅ Build selesai
[main 5c13a87] gardener: auto-build 2026-08-05 12:30
 1 file changed, 20 insertions(+)
  ✅ Push ke GitHub Pages selesai
[2026-08-05 12:30:06] ✅ Selesai!

[2026-08-05 13:00:01] 🌱 Memulai deploy Digital Garden...
Already up to date.
  ✅ Pull selesai
🌱 Membangun Digital Garden...

  📁 catatan/ → 1 artikel
  📁 laporan/ → 9 artikel
  📁 project/ → 1 artikel
  ✅ Sitemap: 15 URLs

✅ Selesai! Total 11 halaman terbit.
   📍 https://muhdanfyan.github.io/catatan/
   📍 https://muhdanfyan.github.io/laporan/
   📍 https://muhdanfyan.github.io/project/
  ✅ Build selesai
[main f0f60c6] gardener: auto-build 2026-08-05 13:00
 1 file changed, 20 insertions(+)
  ✅ Push ke GitHub Pages selesai
[2026-08-05 13:00:05] ✅ Selesai!

[2026-08-05 13:30:01] 🌱 Memulai deploy Digital Garden...
Already up to date.
  ✅ Pull selesai
🌱 Membangun Digital Garden...

  📁 catatan/ → 1 artikel
  📁 laporan/ → 9 artikel
  📁 project/ → 1 artikel
  ✅ Sitemap: 15 URLs

✅ Selesai! Total 11 halaman terbit.
   📍 https://muhdanfyan.github.io/catatan/
   📍 https://muhdanfyan.github.io/laporan/
   📍 https://muhdanfyan.github.io/project/
  ✅ Build selesai
[main dab0bcc] gardener: auto-build 2026-08-05 13:30
 1 file changed, 20 insertions(+)
  ✅ Push ke GitHub Pages selesai
[2026-08-05 13:30:04] ✅ Selesai!

[2026-08-05 14:00:01] 🌱 Memulai deploy Digital Garden...
Already up to date.
  ✅ Pull selesai
🌱 Membangun Digital Garden...

  📁 catatan/ → 1 artikel
  📁 laporan/ → 9 artikel
  📁 project/ → 1 artikel
  ✅ Sitemap: 15 URLs

✅ Selesai! Total 11 halaman terbit.
   📍 https://muhdanfyan.github.io/catatan/
   📍 https://muhdanfyan.github.io/laporan/
   📍 https://muhdanfyan.github.io/project/
  ✅ Build selesai
[main 3aba3ea] gardener: auto-build 2026-08-05 14:00
 1 file changed, 20 insertions(+)
  ✅ Push ke GitHub Pages selesai
[2026-08-05 14:00:06] ✅ Selesai!

[2026-08-05 14:30:01] 🌱 Memulai deploy Digital Garden...
Already up to date.
  ✅ Pull selesai
🌱 Membangun Digital Garden...

  📁 catatan/ → 1 artikel
  📁 laporan/ → 9 artikel
  📁 project/ → 1 artikel
  ✅ Sitemap: 15 URLs

✅ Selesai! Total 11 halaman terbit.
   📍 https://muhdanfyan.github.io/catatan/
   📍 https://muhdanfyan.github.io/laporan/
   📍 https://muhdanfyan.github.io/project/
  ✅ Build selesai
[main bdc7812] gardener: auto-build 2026-08-05 14:30
 1 file changed, 20 insertions(+)
  ✅ Push ke GitHub Pages selesai
[2026-08-05 14:30:04] ✅ Selesai!

[2026-08-05 15:00:01] 🌱 Memulai deploy Digital Garden...
Already up to date.
  ✅ Pull selesai
🌱 Membangun Digital Garden...

  📁 catatan/ → 1 artikel
  📁 laporan/ → 9 artikel
  📁 project/ → 1 artikel
  ✅ Sitemap: 15 URLs

✅ Selesai! Total 11 halaman terbit.
   📍 https://muhdanfyan.github.io/catatan/
   📍 https://muhdanfyan.github.io/laporan/
   📍 https://muhdanfyan.github.io/project/
  ✅ Build selesai
[main a41dbe1] gardener: auto-build 2026-08-05 15:00
 1 file changed, 20 insertions(+)
  ✅ Push ke GitHub Pages selesai
[2026-08-05 15:00:06] ✅ Selesai!

[2026-08-05 15:30:01] 🌱 Memulai deploy Digital Garden...
Already up to date.
  ✅ Pull selesai
🌱 Membangun Digital Garden...

  📁 catatan/ → 1 artikel
  📁 laporan/ → 9 artikel
  📁 project/ → 1 artikel
  ✅ Sitemap: 15 URLs

✅ Selesai! Total 11 halaman terbit.
   📍 https://muhdanfyan.github.io/catatan/
   📍 https://muhdanfyan.github.io/laporan/
   📍 https://muhdanfyan.github.io/project/
  ✅ Build selesai
[main a1e11b2] gardener: auto-build 2026-08-05 15:30
 1 file changed, 20 insertions(+)
  ✅ Push ke GitHub Pages selesai
[2026-08-05 15:30:06] ✅ Selesai!

[2026-08-05 16:00:01] 🌱 Memulai deploy Digital Garden...
Already up to date.
  ✅ Pull selesai
🌱 Membangun Digital Garden...

  📁 catatan/ → 1 artikel
  📁 laporan/ → 9 artikel
  📁 project/ → 1 artikel
  ✅ Sitemap: 15 URLs

✅ Selesai! Total 11 halaman terbit.
   📍 https://muhdanfyan.github.io/catatan/
   📍 https://muhdanfyan.github.io/laporan/
   📍 https://muhdanfyan.github.io/project/
  ✅ Build selesai
[main 1859e11] gardener: auto-build 2026-08-05 16:00
 1 file changed, 20 insertions(+)
  ✅ Push ke GitHub Pages selesai
[2026-08-05 16:00:07] ✅ Selesai!

[2026-08-05 16:30:01] 🌱 Memulai deploy Digital Garden...
Already up to date.
  ✅ Pull selesai
🌱 Membangun Digital Garden...

  📁 catatan/ → 1 artikel
  📁 laporan/ → 9 artikel
  📁 project/ → 1 artikel
  ✅ Sitemap: 15 URLs

✅ Selesai! Total 11 halaman terbit.
   📍 https://muhdanfyan.github.io/catatan/
   📍 https://muhdanfyan.github.io/laporan/
   📍 https://muhdanfyan.github.io/project/
  ✅ Build selesai
[main 94d0794] gardener: auto-build 2026-08-05 16:30
 1 file changed, 20 insertions(+)
  ✅ Push ke GitHub Pages selesai
[2026-08-05 16:30:04] ✅ Selesai!

[2026-08-05 17:00:01] 🌱 Memulai deploy Digital Garden...
Already up to date.
  ✅ Pull selesai
🌱 Membangun Digital Garden...

  📁 catatan/ → 1 artikel
  📁 laporan/ → 9 artikel
  📁 project/ → 1 artikel
  ✅ Sitemap: 15 URLs

✅ Selesai! Total 11 halaman terbit.
   📍 https://muhdanfyan.github.io/catatan/
   📍 https://muhdanfyan.github.io/laporan/
   📍 https://muhdanfyan.github.io/project/
  ✅ Build selesai
[main eda1f5d] gardener: auto-build 2026-08-05 17:00
 1 file changed, 20 insertions(+)
  ✅ Push ke GitHub Pages selesai
[2026-08-05 17:00:08] ✅ Selesai!

[2026-08-05 17:30:01] 🌱 Memulai deploy Digital Garden...
Already up to date.
  ✅ Pull selesai
🌱 Membangun Digital Garden...

  📁 catatan/ → 1 artikel
  📁 laporan/ → 9 artikel
  📁 project/ → 1 artikel
  ✅ Sitemap: 15 URLs

✅ Selesai! Total 11 halaman terbit.
   📍 https://muhdanfyan.github.io/catatan/
   📍 https://muhdanfyan.github.io/laporan/
   📍 https://muhdanfyan.github.io/project/
  ✅ Build selesai
[main ad57441] gardener: auto-build 2026-08-05 17:30
 1 file changed, 20 insertions(+)
  ✅ Push ke GitHub Pages selesai
[2026-08-05 17:30:06] ✅ Selesai!

[2026-08-05 18:00:01] 🌱 Memulai deploy Digital Garden...
Already up to date.
  ✅ Pull selesai
🌱 Membangun Digital Garden...

  📁 catatan/ → 1 artikel
  📁 laporan/ → 9 artikel
  📁 project/ → 1 artikel
  ✅ Sitemap: 15 URLs

✅ Selesai! Total 11 halaman terbit.
   📍 https://muhdanfyan.github.io/catatan/
   📍 https://muhdanfyan.github.io/laporan/
   📍 https://muhdanfyan.github.io/project/
  ✅ Build selesai
[main 4ff242c] gardener: auto-build 2026-08-05 18:00
 1 file changed, 20 insertions(+)
  ✅ Push ke GitHub Pages selesai
[2026-08-05 18:00:06] ✅ Selesai!

[2026-08-05 18:30:01] 🌱 Memulai deploy Digital Garden...
Already up to date.
  ✅ Pull selesai
🌱 Membangun Digital Garden...

  📁 catatan/ → 1 artikel
  📁 laporan/ → 9 artikel
  📁 project/ → 1 artikel
  ✅ Sitemap: 15 URLs

✅ Selesai! Total 11 halaman terbit.
   📍 https://muhdanfyan.github.io/catatan/
   📍 https://muhdanfyan.github.io/laporan/
   📍 https://muhdanfyan.github.io/project/
  ✅ Build selesai
[main 3c29227] gardener: auto-build 2026-08-05 18:30
 1 file changed, 20 insertions(+)
  ✅ Push ke GitHub Pages selesai
[2026-08-05 18:30:06] ✅ Selesai!

[2026-08-05 19:00:01] 🌱 Memulai deploy Digital Garden...
Already up to date.
  ✅ Pull selesai
🌱 Membangun Digital Garden...

  📁 catatan/ → 1 artikel
  📁 laporan/ → 9 artikel
  📁 project/ → 1 artikel
  ✅ Sitemap: 15 URLs

✅ Selesai! Total 11 halaman terbit.
   📍 https://muhdanfyan.github.io/catatan/
   📍 https://muhdanfyan.github.io/laporan/
   📍 https://muhdanfyan.github.io/project/
  ✅ Build selesai
[main 6aa7a9a] gardener: auto-build 2026-08-05 19:00
 1 file changed, 20 insertions(+)
  ✅ Push ke GitHub Pages selesai
[2026-08-05 19:00:04] ✅ Selesai!

[2026-08-05 19:30:01] 🌱 Memulai deploy Digital Garden...
Already up to date.
  ✅ Pull selesai
🌱 Membangun Digital Garden...

  📁 catatan/ → 1 artikel
  📁 laporan/ → 9 artikel
  📁 project/ → 1 artikel
  ✅ Sitemap: 15 URLs

✅ Selesai! Total 11 halaman terbit.
   📍 https://muhdanfyan.github.io/catatan/
   📍 https://muhdanfyan.github.io/laporan/
   📍 https://muhdanfyan.github.io/project/
  ✅ Build selesai
[main 47ab301] gardener: auto-build 2026-08-05 19:30
 1 file changed, 20 insertions(+)
  ✅ Push ke GitHub Pages selesai
[2026-08-05 19:30:05] ✅ Selesai!

[2026-08-05 20:00:01] 🌱 Memulai deploy Digital Garden...
Already up to date.
  ✅ Pull selesai
🌱 Membangun Digital Garden...

  📁 catatan/ → 1 artikel
  📁 laporan/ → 9 artikel
  📁 project/ → 1 artikel
  ✅ Sitemap: 15 URLs

✅ Selesai! Total 11 halaman terbit.
   📍 https://muhdanfyan.github.io/catatan/
   📍 https://muhdanfyan.github.io/laporan/
   📍 https://muhdanfyan.github.io/project/
  ✅ Build selesai
[main c28555f] gardener: auto-build 2026-08-05 20:00
 1 file changed, 20 insertions(+)
  ✅ Push ke GitHub Pages selesai
[2026-08-05 20:00:06] ✅ Selesai!

[2026-08-05 20:30:01] 🌱 Memulai deploy Digital Garden...
Already up to date.
  ✅ Pull selesai
🌱 Membangun Digital Garden...

  📁 catatan/ → 1 artikel
  📁 laporan/ → 9 artikel
  📁 project/ → 1 artikel
  ✅ Sitemap: 15 URLs

✅ Selesai! Total 11 halaman terbit.
   📍 https://muhdanfyan.github.io/catatan/
   📍 https://muhdanfyan.github.io/laporan/
   📍 https://muhdanfyan.github.io/project/
  ✅ Build selesai
[main 6cc060f] gardener: auto-build 2026-08-05 20:30
 1 file changed, 20 insertions(+)
  ✅ Push ke GitHub Pages selesai
[2026-08-05 20:30:07] ✅ Selesai!

[2026-08-05 21:00:01] 🌱 Memulai deploy Digital Garden...
Already up to date.
  ✅ Pull selesai
🌱 Membangun Digital Garden...

  📁 catatan/ → 1 artikel
  📁 laporan/ → 9 artikel
  📁 project/ → 1 artikel
  ✅ Sitemap: 15 URLs

✅ Selesai! Total 11 halaman terbit.
   📍 https://muhdanfyan.github.io/catatan/
   📍 https://muhdanfyan.github.io/laporan/
   📍 https://muhdanfyan.github.io/project/
  ✅ Build selesai
[main 9bc70a3] gardener: auto-build 2026-08-05 21:00
 1 file changed, 20 insertions(+)
  ✅ Push ke GitHub Pages selesai
[2026-08-05 21:00:06] ✅ Selesai!

[2026-08-05 21:30:01] 🌱 Memulai deploy Digital Garden...
Already up to date.
  ✅ Pull selesai
🌱 Membangun Digital Garden...

  📁 catatan/ → 1 artikel
  📁 laporan/ → 9 artikel
  📁 project/ → 1 artikel
  ✅ Sitemap: 15 URLs

✅ Selesai! Total 11 halaman terbit.
   📍 https://muhdanfyan.github.io/catatan/
   📍 https://muhdanfyan.github.io/laporan/
   📍 https://muhdanfyan.github.io/project/
  ✅ Build selesai
[main 4368965] gardener: auto-build 2026-08-05 21:30
 1 file changed, 20 insertions(+)
  ✅ Push ke GitHub Pages selesai
[2026-08-05 21:30:04] ✅ Selesai!

[2026-08-05 22:00:02] 🌱 Memulai deploy Digital Garden...
Already up to date.
  ✅ Pull selesai
🌱 Membangun Digital Garden...

  📁 catatan/ → 1 artikel
  📁 laporan/ → 9 artikel
  📁 project/ → 1 artikel
  ✅ Sitemap: 15 URLs

✅ Selesai! Total 11 halaman terbit.
   📍 https://muhdanfyan.github.io/catatan/
   📍 https://muhdanfyan.github.io/laporan/
   📍 https://muhdanfyan.github.io/project/
  ✅ Build selesai
[main 77bafef] gardener: auto-build 2026-08-05 22:00
 1 file changed, 20 insertions(+)
  ✅ Push ke GitHub Pages selesai
[2026-08-05 22:00:07] ✅ Selesai!

[2026-08-05 22:30:01] 🌱 Memulai deploy Digital Garden...
Already up to date.
  ✅ Pull selesai
🌱 Membangun Digital Garden...

  📁 catatan/ → 1 artikel
  📁 laporan/ → 9 artikel
  📁 project/ → 1 artikel
  ✅ Sitemap: 15 URLs

✅ Selesai! Total 11 halaman terbit.
   📍 https://muhdanfyan.github.io/catatan/
   📍 https://muhdanfyan.github.io/laporan/
   📍 https://muhdanfyan.github.io/project/
  ✅ Build selesai
[main c666d1c] gardener: auto-build 2026-08-05 22:30
 1 file changed, 20 insertions(+)
  ✅ Push ke GitHub Pages selesai
[2026-08-05 22:30:07] ✅ Selesai!

[2026-08-05 23:00:01] 🌱 Memulai deploy Digital Garden...
Already up to date.
  ✅ Pull selesai
🌱 Membangun Digital Garden...

  📁 catatan/ → 1 artikel
  📁 laporan/ → 9 artikel
  📁 project/ → 1 artikel
  ✅ Sitemap: 15 URLs

✅ Selesai! Total 11 halaman terbit.
   📍 https://muhdanfyan.github.io/catatan/
   📍 https://muhdanfyan.github.io/laporan/
   📍 https://muhdanfyan.github.io/project/
  ✅ Build selesai
[main 6ef45c0] gardener: auto-build 2026-08-05 23:00
 1 file changed, 20 insertions(+)
  ✅ Push ke GitHub Pages selesai
[2026-08-05 23:00:07] ✅ Selesai!

[2026-08-05 23:30:01] 🌱 Memulai deploy Digital Garden...
Already up to date.
  ✅ Pull selesai
🌱 Membangun Digital Garden...

  📁 catatan/ → 1 artikel
  📁 laporan/ → 9 artikel
  📁 project/ → 1 artikel
  ✅ Sitemap: 15 URLs

✅ Selesai! Total 11 halaman terbit.
   📍 https://muhdanfyan.github.io/catatan/
   📍 https://muhdanfyan.github.io/laporan/
   📍 https://muhdanfyan.github.io/project/
  ✅ Build selesai
[main a064816] gardener: auto-build 2026-08-05 23:30
 1 file changed, 20 insertions(+)
  ✅ Push ke GitHub Pages selesai
[2026-08-05 23:30:06] ✅ Selesai!

[2026-08-06 00:00:01] 🌱 Memulai deploy Digital Garden...
Already up to date.
  ✅ Pull selesai
🌱 Membangun Digital Garden...

  📁 catatan/ → 1 artikel
  📁 laporan/ → 9 artikel
  📁 project/ → 1 artikel
  ✅ Sitemap: 15 URLs

✅ Selesai! Total 11 halaman terbit.
   📍 https://muhdanfyan.github.io/catatan/
   📍 https://muhdanfyan.github.io/laporan/
   📍 https://muhdanfyan.github.io/project/
  ✅ Build selesai
[main 7b8f64d] gardener: auto-build 2026-08-06 00:00
 1 file changed, 20 insertions(+)
  ✅ Push ke GitHub Pages selesai
[2026-08-06 00:00:05] ✅ Selesai!

[2026-08-06 00:30:01] 🌱 Memulai deploy Digital Garden...
Already up to date.
  ✅ Pull selesai
🌱 Membangun Digital Garden...

  📁 catatan/ → 1 artikel
  📁 laporan/ → 9 artikel
  📁 project/ → 1 artikel
  ✅ Sitemap: 15 URLs

✅ Selesai! Total 11 halaman terbit.
   📍 https://muhdanfyan.github.io/catatan/
   📍 https://muhdanfyan.github.io/laporan/
   📍 https://muhdanfyan.github.io/project/
  ✅ Build selesai
[main eefe077] gardener: auto-build 2026-08-06 00:30
 1 file changed, 20 insertions(+)
  ✅ Push ke GitHub Pages selesai
[2026-08-06 00:30:06] ✅ Selesai!

[2026-08-06 01:00:01] 🌱 Memulai deploy Digital Garden...
Already up to date.
  ✅ Pull selesai
🌱 Membangun Digital Garden...

  📁 catatan/ → 1 artikel
  📁 laporan/ → 9 artikel
  📁 project/ → 1 artikel
  ✅ Sitemap: 15 URLs

✅ Selesai! Total 11 halaman terbit.
   📍 https://muhdanfyan.github.io/catatan/
   📍 https://muhdanfyan.github.io/laporan/
   📍 https://muhdanfyan.github.io/project/
  ✅ Build selesai
[main 6e1c491] gardener: auto-build 2026-08-06 01:00
 1 file changed, 20 insertions(+)
  ✅ Push ke GitHub Pages selesai
[2026-08-06 01:00:04] ✅ Selesai!

[2026-08-06 01:30:01] 🌱 Memulai deploy Digital Garden...
Already up to date.
  ✅ Pull selesai
🌱 Membangun Digital Garden...

  📁 catatan/ → 1 artikel
  📁 laporan/ → 9 artikel
  📁 project/ → 1 artikel
  ✅ Sitemap: 15 URLs

✅ Selesai! Total 11 halaman terbit.
   📍 https://muhdanfyan.github.io/catatan/
   📍 https://muhdanfyan.github.io/laporan/
   📍 https://muhdanfyan.github.io/project/
  ✅ Build selesai
[main f581585] gardener: auto-build 2026-08-06 01:30
 1 file changed, 20 insertions(+)
  ✅ Push ke GitHub Pages selesai
[2026-08-06 01:30:05] ✅ Selesai!

[2026-08-06 02:00:01] 🌱 Memulai deploy Digital Garden...
Already up to date.
  ✅ Pull selesai
🌱 Membangun Digital Garden...

  📁 catatan/ → 1 artikel
  📁 laporan/ → 9 artikel
  📁 project/ → 1 artikel
  ✅ Sitemap: 15 URLs

✅ Selesai! Total 11 halaman terbit.
   📍 https://muhdanfyan.github.io/catatan/
   📍 https://muhdanfyan.github.io/laporan/
   📍 https://muhdanfyan.github.io/project/
  ✅ Build selesai
[main eb62eae] gardener: auto-build 2026-08-06 02:00
 1 file changed, 20 insertions(+)
  ✅ Push ke GitHub Pages selesai
[2026-08-06 02:00:06] ✅ Selesai!

[2026-08-06 02:30:01] 🌱 Memulai deploy Digital Garden...
Already up to date.
  ✅ Pull selesai
🌱 Membangun Digital Garden...

  📁 catatan/ → 1 artikel
  📁 laporan/ → 9 artikel
  📁 project/ → 1 artikel
  ✅ Sitemap: 15 URLs

✅ Selesai! Total 11 halaman terbit.
   📍 https://muhdanfyan.github.io/catatan/
   📍 https://muhdanfyan.github.io/laporan/
   📍 https://muhdanfyan.github.io/project/
  ✅ Build selesai
[main 0efc16c] gardener: auto-build 2026-08-06 02:30
 1 file changed, 20 insertions(+)
  ✅ Push ke GitHub Pages selesai
[2026-08-06 02:30:05] ✅ Selesai!

[2026-08-06 03:00:01] 🌱 Memulai deploy Digital Garden...
Already up to date.
  ✅ Pull selesai
🌱 Membangun Digital Garden...

  📁 catatan/ → 1 artikel
  📁 laporan/ → 9 artikel
  📁 project/ → 1 artikel
  ✅ Sitemap: 15 URLs

✅ Selesai! Total 11 halaman terbit.
   📍 https://muhdanfyan.github.io/catatan/
   📍 https://muhdanfyan.github.io/laporan/
   📍 https://muhdanfyan.github.io/project/
  ✅ Build selesai
[main 21acafd] gardener: auto-build 2026-08-06 03:00
 1 file changed, 20 insertions(+)
  ✅ Push ke GitHub Pages selesai
[2026-08-06 03:00:06] ✅ Selesai!

[2026-08-06 03:30:01] 🌱 Memulai deploy Digital Garden...
Already up to date.
  ✅ Pull selesai
🌱 Membangun Digital Garden...

  📁 catatan/ → 1 artikel
  📁 laporan/ → 9 artikel
  📁 project/ → 1 artikel
  ✅ Sitemap: 15 URLs

✅ Selesai! Total 11 halaman terbit.
   📍 https://muhdanfyan.github.io/catatan/
   📍 https://muhdanfyan.github.io/laporan/
   📍 https://muhdanfyan.github.io/project/
  ✅ Build selesai
[main 8e0b9c6] gardener: auto-build 2026-08-06 03:30
 1 file changed, 20 insertions(+)
  ✅ Push ke GitHub Pages selesai
[2026-08-06 03:30:05] ✅ Selesai!

[2026-08-06 04:00:01] 🌱 Memulai deploy Digital Garden...
Already up to date.
  ✅ Pull selesai
🌱 Membangun Digital Garden...

  📁 catatan/ → 1 artikel
  📁 laporan/ → 9 artikel
  📁 project/ → 1 artikel
  ✅ Sitemap: 15 URLs

✅ Selesai! Total 11 halaman terbit.
   📍 https://muhdanfyan.github.io/catatan/
   📍 https://muhdanfyan.github.io/laporan/
   📍 https://muhdanfyan.github.io/project/
  ✅ Build selesai
[main 83dd062] gardener: auto-build 2026-08-06 04:00
 1 file changed, 20 insertions(+)
  ✅ Push ke GitHub Pages selesai
[2026-08-06 04:00:06] ✅ Selesai!

[2026-08-06 04:30:01] 🌱 Memulai deploy Digital Garden...
Already up to date.
  ✅ Pull selesai
🌱 Membangun Digital Garden...

  📁 catatan/ → 1 artikel
  📁 laporan/ → 9 artikel
  📁 project/ → 1 artikel
  ✅ Sitemap: 15 URLs

✅ Selesai! Total 11 halaman terbit.
   📍 https://muhdanfyan.github.io/catatan/
   📍 https://muhdanfyan.github.io/laporan/
   📍 https://muhdanfyan.github.io/project/
  ✅ Build selesai
[main 51b2b64] gardener: auto-build 2026-08-06 04:30
 1 file changed, 20 insertions(+)
  ✅ Push ke GitHub Pages selesai
[2026-08-06 04:30:05] ✅ Selesai!

[2026-08-06 05:00:01] 🌱 Memulai deploy Digital Garden...
Already up to date.
  ✅ Pull selesai
🌱 Membangun Digital Garden...

  📁 catatan/ → 1 artikel
  📁 laporan/ → 9 artikel
  📁 project/ → 1 artikel
  ✅ Sitemap: 15 URLs

✅ Selesai! Total 11 halaman terbit.
   📍 https://muhdanfyan.github.io/catatan/
   📍 https://muhdanfyan.github.io/laporan/
   📍 https://muhdanfyan.github.io/project/
  ✅ Build selesai
[main ed458fa] gardener: auto-build 2026-08-06 05:00
 1 file changed, 20 insertions(+)
  ✅ Push ke GitHub Pages selesai
[2026-08-06 05:00:06] ✅ Selesai!

[2026-08-06 05:30:01] 🌱 Memulai deploy Digital Garden...
Already up to date.
  ✅ Pull selesai
🌱 Membangun Digital Garden...

  📁 catatan/ → 1 artikel
  📁 laporan/ → 9 artikel
  📁 project/ → 1 artikel
  ✅ Sitemap: 15 URLs

✅ Selesai! Total 11 halaman terbit.
   📍 https://muhdanfyan.github.io/catatan/
   📍 https://muhdanfyan.github.io/laporan/
   📍 https://muhdanfyan.github.io/project/
  ✅ Build selesai
[main 461f488] gardener: auto-build 2026-08-06 05:30
 1 file changed, 20 insertions(+)
  ✅ Push ke GitHub Pages selesai
[2026-08-06 05:30:04] ✅ Selesai!

[2026-08-06 06:00:01] 🌱 Memulai deploy Digital Garden...
Already up to date.
  ✅ Pull selesai
🌱 Membangun Digital Garden...

  📁 catatan/ → 1 artikel
  📁 laporan/ → 9 artikel
  📁 project/ → 1 artikel
  ✅ Sitemap: 15 URLs

✅ Selesai! Total 11 halaman terbit.
   📍 https://muhdanfyan.github.io/catatan/
   📍 https://muhdanfyan.github.io/laporan/
   📍 https://muhdanfyan.github.io/project/
  ✅ Build selesai
[main 532191f] gardener: auto-build 2026-08-06 06:00
 1 file changed, 20 insertions(+)
  ✅ Push ke GitHub Pages selesai
[2026-08-06 06:00:05] ✅ Selesai!

[2026-08-06 06:30:01] 🌱 Memulai deploy Digital Garden...
Already up to date.
  ✅ Pull selesai
🌱 Membangun Digital Garden...

  📁 catatan/ → 1 artikel
  📁 laporan/ → 9 artikel
  📁 project/ → 1 artikel
  ✅ Sitemap: 15 URLs

✅ Selesai! Total 11 halaman terbit.
   📍 https://muhdanfyan.github.io/catatan/
   📍 https://muhdanfyan.github.io/laporan/
   📍 https://muhdanfyan.github.io/project/
  ✅ Build selesai
[main b55da62] gardener: auto-build 2026-08-06 06:30
 1 file changed, 20 insertions(+)
  ✅ Push ke GitHub Pages selesai
[2026-08-06 06:30:04] ✅ Selesai!

[2026-08-06 07:00:01] 🌱 Memulai deploy Digital Garden...
Already up to date.
  ✅ Pull selesai
🌱 Membangun Digital Garden...

  📁 catatan/ → 1 artikel
  📁 laporan/ → 9 artikel
  📁 project/ → 1 artikel
  ✅ Sitemap: 15 URLs

✅ Selesai! Total 11 halaman terbit.
   📍 https://muhdanfyan.github.io/catatan/
   📍 https://muhdanfyan.github.io/laporan/
   📍 https://muhdanfyan.github.io/project/
  ✅ Build selesai
[main 8bb11bc] gardener: auto-build 2026-08-06 07:00
 1 file changed, 20 insertions(+)
  ✅ Push ke GitHub Pages selesai
[2026-08-06 07:00:05] ✅ Selesai!

[2026-08-06 07:30:02] 🌱 Memulai deploy Digital Garden...
Already up to date.
  ✅ Pull selesai
🌱 Membangun Digital Garden...

  📁 catatan/ → 1 artikel
  📁 laporan/ → 9 artikel
  📁 project/ → 1 artikel
  ✅ Sitemap: 15 URLs

✅ Selesai! Total 11 halaman terbit.
   📍 https://muhdanfyan.github.io/catatan/
   📍 https://muhdanfyan.github.io/laporan/
   📍 https://muhdanfyan.github.io/project/
  ✅ Build selesai
[main 5199019] gardener: auto-build 2026-08-06 07:30
 1 file changed, 20 insertions(+)
  ✅ Push ke GitHub Pages selesai
[2026-08-06 07:30:05] ✅ Selesai!

[2026-08-06 08:00:01] 🌱 Memulai deploy Digital Garden...
Already up to date.
  ✅ Pull selesai
🌱 Membangun Digital Garden...

  📁 catatan/ → 1 artikel
  📁 laporan/ → 9 artikel
  📁 project/ → 1 artikel
  ✅ Sitemap: 15 URLs

✅ Selesai! Total 11 halaman terbit.
   📍 https://muhdanfyan.github.io/catatan/
   📍 https://muhdanfyan.github.io/laporan/
   📍 https://muhdanfyan.github.io/project/
  ✅ Build selesai
[main 306f87f] gardener: auto-build 2026-08-06 08:00
 1 file changed, 20 insertions(+)
  ✅ Push ke GitHub Pages selesai
[2026-08-06 08:00:04] ✅ Selesai!

[2026-08-06 08:30:01] 🌱 Memulai deploy Digital Garden...
Already up to date.
  ✅ Pull selesai
🌱 Membangun Digital Garden...

  📁 catatan/ → 1 artikel
  📁 laporan/ → 9 artikel
  📁 project/ → 1 artikel
  ✅ Sitemap: 15 URLs

✅ Selesai! Total 11 halaman terbit.
   📍 https://muhdanfyan.github.io/catatan/
   📍 https://muhdanfyan.github.io/laporan/
   📍 https://muhdanfyan.github.io/project/
  ✅ Build selesai
[main b5f7cb3] gardener: auto-build 2026-08-06 08:30
 1 file changed, 20 insertions(+)
  ✅ Push ke GitHub Pages selesai
[2026-08-06 08:30:04] ✅ Selesai!

[2026-08-06 09:00:01] 🌱 Memulai deploy Digital Garden...
Already up to date.
  ✅ Pull selesai
🌱 Membangun Digital Garden...

  📁 catatan/ → 1 artikel
  📁 laporan/ → 9 artikel
  📁 project/ → 1 artikel
  ✅ Sitemap: 15 URLs

✅ Selesai! Total 11 halaman terbit.
   📍 https://muhdanfyan.github.io/catatan/
   📍 https://muhdanfyan.github.io/laporan/
   📍 https://muhdanfyan.github.io/project/
  ✅ Build selesai
[main d283e38] gardener: auto-build 2026-08-06 09:00
 1 file changed, 20 insertions(+)
  ✅ Push ke GitHub Pages selesai
[2026-08-06 09:00:05] ✅ Selesai!

[2026-08-06 09:30:01] 🌱 Memulai deploy Digital Garden...
Already up to date.
  ✅ Pull selesai
🌱 Membangun Digital Garden...

  📁 catatan/ → 1 artikel
  📁 laporan/ → 9 artikel
  📁 project/ → 1 artikel
  ✅ Sitemap: 15 URLs

✅ Selesai! Total 11 halaman terbit.
   📍 https://muhdanfyan.github.io/catatan/
   📍 https://muhdanfyan.github.io/laporan/
   📍 https://muhdanfyan.github.io/project/
  ✅ Build selesai
[main 31dd206] gardener: auto-build 2026-08-06 09:30
 1 file changed, 20 insertions(+)
  ✅ Push ke GitHub Pages selesai
[2026-08-06 09:30:05] ✅ Selesai!

[2026-08-06 10:00:02] 🌱 Memulai deploy Digital Garden...
Already up to date.
  ✅ Pull selesai
🌱 Membangun Digital Garden...

  📁 catatan/ → 1 artikel
  📁 laporan/ → 9 artikel
  📁 project/ → 1 artikel
  ✅ Sitemap: 15 URLs

✅ Selesai! Total 11 halaman terbit.
   📍 https://muhdanfyan.github.io/catatan/
   📍 https://muhdanfyan.github.io/laporan/
   📍 https://muhdanfyan.github.io/project/
  ✅ Build selesai
[main b3edb39] gardener: auto-build 2026-08-06 10:00
 1 file changed, 20 insertions(+)
  ✅ Push ke GitHub Pages selesai
[2026-08-06 10:00:05] ✅ Selesai!

[2026-08-06 10:30:01] 🌱 Memulai deploy Digital Garden...
Already up to date.
  ✅ Pull selesai
🌱 Membangun Digital Garden...

  📁 catatan/ → 1 artikel
  📁 laporan/ → 9 artikel
  📁 project/ → 1 artikel
  ✅ Sitemap: 15 URLs

✅ Selesai! Total 11 halaman terbit.
   📍 https://muhdanfyan.github.io/catatan/
   📍 https://muhdanfyan.github.io/laporan/
   📍 https://muhdanfyan.github.io/project/
  ✅ Build selesai
[main 5ed6e79] gardener: auto-build 2026-08-06 10:30
 1 file changed, 20 insertions(+)
  ✅ Push ke GitHub Pages selesai
[2026-08-06 10:30:04] ✅ Selesai!

[2026-08-06 11:00:01] 🌱 Memulai deploy Digital Garden...
Already up to date.
  ✅ Pull selesai
🌱 Membangun Digital Garden...

  📁 catatan/ → 1 artikel
  📁 laporan/ → 9 artikel
  📁 project/ → 1 artikel
  ✅ Sitemap: 15 URLs

✅ Selesai! Total 11 halaman terbit.
   📍 https://muhdanfyan.github.io/catatan/
   📍 https://muhdanfyan.github.io/laporan/
   📍 https://muhdanfyan.github.io/project/
  ✅ Build selesai
[main a446276] gardener: auto-build 2026-08-06 11:00
 1 file changed, 20 insertions(+)
  ✅ Push ke GitHub Pages selesai
[2026-08-06 11:00:05] ✅ Selesai!

[2026-08-06 11:30:01] 🌱 Memulai deploy Digital Garden...
Already up to date.
  ✅ Pull selesai
🌱 Membangun Digital Garden...

  📁 catatan/ → 1 artikel
  📁 laporan/ → 9 artikel
  📁 project/ → 1 artikel
  ✅ Sitemap: 15 URLs

✅ Selesai! Total 11 halaman terbit.
   📍 https://muhdanfyan.github.io/catatan/
   📍 https://muhdanfyan.github.io/laporan/
   📍 https://muhdanfyan.github.io/project/
  ✅ Build selesai
[main 5bdb3f4] gardener: auto-build 2026-08-06 11:30
 1 file changed, 20 insertions(+)
  ✅ Push ke GitHub Pages selesai
[2026-08-06 11:30:04] ✅ Selesai!

[2026-08-06 12:00:01] 🌱 Memulai deploy Digital Garden...
Already up to date.
  ✅ Pull selesai
🌱 Membangun Digital Garden...

  📁 catatan/ → 1 artikel
  📁 laporan/ → 9 artikel
  📁 project/ → 1 artikel
  ✅ Sitemap: 15 URLs

✅ Selesai! Total 11 halaman terbit.
   📍 https://muhdanfyan.github.io/catatan/
   📍 https://muhdanfyan.github.io/laporan/
   📍 https://muhdanfyan.github.io/project/
  ✅ Build selesai
[main 6dc6292] gardener: auto-build 2026-08-06 12:00
 1 file changed, 20 insertions(+)
  ✅ Push ke GitHub Pages selesai
[2026-08-06 12:00:05] ✅ Selesai!

[2026-08-06 12:30:01] 🌱 Memulai deploy Digital Garden...
Already up to date.
  ✅ Pull selesai
🌱 Membangun Digital Garden...

  📁 catatan/ → 1 artikel
  📁 laporan/ → 9 artikel
  📁 project/ → 1 artikel
  ✅ Sitemap: 15 URLs

✅ Selesai! Total 11 halaman terbit.
   📍 https://muhdanfyan.github.io/catatan/
   📍 https://muhdanfyan.github.io/laporan/
   📍 https://muhdanfyan.github.io/project/
  ✅ Build selesai
[main ec662c2] gardener: auto-build 2026-08-06 12:30
 1 file changed, 20 insertions(+)
  ✅ Push ke GitHub Pages selesai
[2026-08-06 12:30:05] ✅ Selesai!

[2026-08-06 13:00:01] 🌱 Memulai deploy Digital Garden...
Already up to date.
  ✅ Pull selesai
🌱 Membangun Digital Garden...

  📁 catatan/ → 1 artikel
  📁 laporan/ → 9 artikel
  📁 project/ → 1 artikel
  ✅ Sitemap: 15 URLs

✅ Selesai! Total 11 halaman terbit.
   📍 https://muhdanfyan.github.io/catatan/
   📍 https://muhdanfyan.github.io/laporan/
   📍 https://muhdanfyan.github.io/project/
  ✅ Build selesai
[main a5593b6] gardener: auto-build 2026-08-06 13:00
 1 file changed, 20 insertions(+)
  ✅ Push ke GitHub Pages selesai
[2026-08-06 13:00:06] ✅ Selesai!

[2026-08-06 13:30:01] 🌱 Memulai deploy Digital Garden...
Already up to date.
  ✅ Pull selesai
🌱 Membangun Digital Garden...

  📁 catatan/ → 1 artikel
  📁 laporan/ → 9 artikel
  📁 project/ → 1 artikel
  ✅ Sitemap: 15 URLs

✅ Selesai! Total 11 halaman terbit.
   📍 https://muhdanfyan.github.io/catatan/
   📍 https://muhdanfyan.github.io/laporan/
   📍 https://muhdanfyan.github.io/project/
  ✅ Build selesai
[main 405c39f] gardener: auto-build 2026-08-06 13:30
 1 file changed, 20 insertions(+)
  ✅ Push ke GitHub Pages selesai
[2026-08-06 13:30:05] ✅ Selesai!

[2026-08-06 14:00:01] 🌱 Memulai deploy Digital Garden...
Already up to date.
  ✅ Pull selesai
🌱 Membangun Digital Garden...

  📁 catatan/ → 1 artikel
  📁 laporan/ → 9 artikel
  📁 project/ → 1 artikel
  ✅ Sitemap: 15 URLs

✅ Selesai! Total 11 halaman terbit.
   📍 https://muhdanfyan.github.io/catatan/
   📍 https://muhdanfyan.github.io/laporan/
   📍 https://muhdanfyan.github.io/project/
  ✅ Build selesai
[main fb18032] gardener: auto-build 2026-08-06 14:00
 1 file changed, 20 insertions(+)
  ✅ Push ke GitHub Pages selesai
[2026-08-06 14:00:06] ✅ Selesai!

[2026-08-06 14:30:01] 🌱 Memulai deploy Digital Garden...
Already up to date.
  ✅ Pull selesai
🌱 Membangun Digital Garden...

  📁 catatan/ → 1 artikel
  📁 laporan/ → 9 artikel
  📁 project/ → 1 artikel
  ✅ Sitemap: 15 URLs

✅ Selesai! Total 11 halaman terbit.
   📍 https://muhdanfyan.github.io/catatan/
   📍 https://muhdanfyan.github.io/laporan/
   📍 https://muhdanfyan.github.io/project/
  ✅ Build selesai
[main 1e9a1e1] gardener: auto-build 2026-08-06 14:30
 1 file changed, 20 insertions(+)
  ✅ Push ke GitHub Pages selesai
[2026-08-06 14:30:06] ✅ Selesai!

[2026-08-06 15:00:01] 🌱 Memulai deploy Digital Garden...
Already up to date.
  ✅ Pull selesai
🌱 Membangun Digital Garden...

  📁 catatan/ → 1 artikel
  📁 laporan/ → 9 artikel
  📁 project/ → 1 artikel
  ✅ Sitemap: 15 URLs

✅ Selesai! Total 11 halaman terbit.
   📍 https://muhdanfyan.github.io/catatan/
   📍 https://muhdanfyan.github.io/laporan/
   📍 https://muhdanfyan.github.io/project/
  ✅ Build selesai
[main 8ba9c80] gardener: auto-build 2026-08-06 15:00
 1 file changed, 20 insertions(+)
  ✅ Push ke GitHub Pages selesai
[2026-08-06 15:00:04] ✅ Selesai!

[2026-08-06 15:30:01] 🌱 Memulai deploy Digital Garden...
Already up to date.
  ✅ Pull selesai
🌱 Membangun Digital Garden...

  📁 catatan/ → 1 artikel
  📁 laporan/ → 9 artikel
  📁 project/ → 1 artikel
  ✅ Sitemap: 15 URLs

✅ Selesai! Total 11 halaman terbit.
   📍 https://muhdanfyan.github.io/catatan/
   📍 https://muhdanfyan.github.io/laporan/
   📍 https://muhdanfyan.github.io/project/
  ✅ Build selesai
[main 07f775f] gardener: auto-build 2026-08-06 15:30
 1 file changed, 20 insertions(+)
  ✅ Push ke GitHub Pages selesai
[2026-08-06 15:30:06] ✅ Selesai!

[2026-08-06 16:00:01] 🌱 Memulai deploy Digital Garden...
Already up to date.
  ✅ Pull selesai
🌱 Membangun Digital Garden...

  📁 catatan/ → 1 artikel
  📁 laporan/ → 9 artikel
  📁 project/ → 1 artikel
  ✅ Sitemap: 15 URLs

✅ Selesai! Total 11 halaman terbit.
   📍 https://muhdanfyan.github.io/catatan/
   📍 https://muhdanfyan.github.io/laporan/
   📍 https://muhdanfyan.github.io/project/
  ✅ Build selesai
[main d7ead60] gardener: auto-build 2026-08-06 16:00
 1 file changed, 20 insertions(+)
  ✅ Push ke GitHub Pages selesai
[2026-08-06 16:00:06] ✅ Selesai!

[2026-08-06 16:30:01] 🌱 Memulai deploy Digital Garden...
Already up to date.
  ✅ Pull selesai
🌱 Membangun Digital Garden...

  📁 catatan/ → 1 artikel
  📁 laporan/ → 9 artikel
  📁 project/ → 1 artikel
  ✅ Sitemap: 15 URLs

✅ Selesai! Total 11 halaman terbit.
   📍 https://muhdanfyan.github.io/catatan/
   📍 https://muhdanfyan.github.io/laporan/
   📍 https://muhdanfyan.github.io/project/
  ✅ Build selesai
[main 9ba8bae] gardener: auto-build 2026-08-06 16:30
 1 file changed, 20 insertions(+)
  ✅ Push ke GitHub Pages selesai
[2026-08-06 16:30:04] ✅ Selesai!

[2026-08-06 17:00:01] 🌱 Memulai deploy Digital Garden...
Already up to date.
  ✅ Pull selesai
🌱 Membangun Digital Garden...

  📁 catatan/ → 1 artikel
  📁 laporan/ → 9 artikel
  📁 project/ → 1 artikel
  ✅ Sitemap: 15 URLs

✅ Selesai! Total 11 halaman terbit.
   📍 https://muhdanfyan.github.io/catatan/
   📍 https://muhdanfyan.github.io/laporan/
   📍 https://muhdanfyan.github.io/project/
  ✅ Build selesai
[main c867f36] gardener: auto-build 2026-08-06 17:00
 1 file changed, 20 insertions(+)
  ✅ Push ke GitHub Pages selesai
[2026-08-06 17:00:05] ✅ Selesai!

[2026-08-06 17:30:01] 🌱 Memulai deploy Digital Garden...
Already up to date.
  ✅ Pull selesai
🌱 Membangun Digital Garden...

  📁 catatan/ → 1 artikel
  📁 laporan/ → 9 artikel
  📁 project/ → 1 artikel
  ✅ Sitemap: 15 URLs

✅ Selesai! Total 11 halaman terbit.
   📍 https://muhdanfyan.github.io/catatan/
   📍 https://muhdanfyan.github.io/laporan/
   📍 https://muhdanfyan.github.io/project/
  ✅ Build selesai
[main 6319c6d] gardener: auto-build 2026-08-06 17:30
 1 file changed, 20 insertions(+)
  ✅ Push ke GitHub Pages selesai
[2026-08-06 17:30:04] ✅ Selesai!

[2026-08-06 18:00:01] 🌱 Memulai deploy Digital Garden...
Already up to date.
  ✅ Pull selesai
🌱 Membangun Digital Garden...

  📁 catatan/ → 1 artikel
  📁 laporan/ → 9 artikel
  📁 project/ → 1 artikel
  ✅ Sitemap: 15 URLs

✅ Selesai! Total 11 halaman terbit.
   📍 https://muhdanfyan.github.io/catatan/
   📍 https://muhdanfyan.github.io/laporan/
   📍 https://muhdanfyan.github.io/project/
  ✅ Build selesai
[main 129f713] gardener: auto-build 2026-08-06 18:00
 1 file changed, 20 insertions(+)
  ✅ Push ke GitHub Pages selesai
[2026-08-06 18:00:05] ✅ Selesai!

[2026-08-06 18:30:01] 🌱 Memulai deploy Digital Garden...
Already up to date.
  ✅ Pull selesai
🌱 Membangun Digital Garden...

  📁 catatan/ → 1 artikel
  📁 laporan/ → 9 artikel
  📁 project/ → 1 artikel
  ✅ Sitemap: 15 URLs

✅ Selesai! Total 11 halaman terbit.
   📍 https://muhdanfyan.github.io/catatan/
   📍 https://muhdanfyan.github.io/laporan/
   📍 https://muhdanfyan.github.io/project/
  ✅ Build selesai
[main cf4afc9] gardener: auto-build 2026-08-06 18:30
 1 file changed, 20 insertions(+)
  ✅ Push ke GitHub Pages selesai
[2026-08-06 18:30:05] ✅ Selesai!

[2026-08-06 19:00:01] 🌱 Memulai deploy Digital Garden...
Already up to date.
  ✅ Pull selesai
🌱 Membangun Digital Garden...

  📁 catatan/ → 1 artikel
  📁 laporan/ → 9 artikel
  📁 project/ → 1 artikel
  ✅ Sitemap: 15 URLs

✅ Selesai! Total 11 halaman terbit.
   📍 https://muhdanfyan.github.io/catatan/
   📍 https://muhdanfyan.github.io/laporan/
   📍 https://muhdanfyan.github.io/project/
  ✅ Build selesai
[main 66f6a7a] gardener: auto-build 2026-08-06 19:00
 1 file changed, 20 insertions(+)
  ✅ Push ke GitHub Pages selesai
[2026-08-06 19:00:04] ✅ Selesai!

[2026-08-06 19:30:01] 🌱 Memulai deploy Digital Garden...
Already up to date.
  ✅ Pull selesai
🌱 Membangun Digital Garden...

  📁 catatan/ → 1 artikel
  📁 laporan/ → 9 artikel
  📁 project/ → 1 artikel
  ✅ Sitemap: 15 URLs

✅ Selesai! Total 11 halaman terbit.
   📍 https://muhdanfyan.github.io/catatan/
   📍 https://muhdanfyan.github.io/laporan/
   📍 https://muhdanfyan.github.io/project/
  ✅ Build selesai
[main e47c083] gardener: auto-build 2026-08-06 19:30
 1 file changed, 20 insertions(+)
  ✅ Push ke GitHub Pages selesai
[2026-08-06 19:30:05] ✅ Selesai!

[2026-08-06 20:00:01] 🌱 Memulai deploy Digital Garden...
Already up to date.
  ✅ Pull selesai
🌱 Membangun Digital Garden...

  📁 catatan/ → 1 artikel
  📁 laporan/ → 9 artikel
  📁 project/ → 1 artikel
  ✅ Sitemap: 15 URLs

✅ Selesai! Total 11 halaman terbit.
   📍 https://muhdanfyan.github.io/catatan/
   📍 https://muhdanfyan.github.io/laporan/
   📍 https://muhdanfyan.github.io/project/
  ✅ Build selesai
[main 02e41df] gardener: auto-build 2026-08-06 20:00
 1 file changed, 20 insertions(+)
  ✅ Push ke GitHub Pages selesai
[2026-08-06 20:00:06] ✅ Selesai!

[2026-08-06 20:30:01] 🌱 Memulai deploy Digital Garden...
Already up to date.
  ✅ Pull selesai
🌱 Membangun Digital Garden...

  📁 catatan/ → 1 artikel
  📁 laporan/ → 9 artikel
  📁 project/ → 1 artikel
  ✅ Sitemap: 15 URLs

✅ Selesai! Total 11 halaman terbit.
   📍 https://muhdanfyan.github.io/catatan/
   📍 https://muhdanfyan.github.io/laporan/
   📍 https://muhdanfyan.github.io/project/
  ✅ Build selesai
[main 6ec1111] gardener: auto-build 2026-08-06 20:30
 1 file changed, 20 insertions(+)
  ✅ Push ke GitHub Pages selesai
[2026-08-06 20:30:06] ✅ Selesai!

[2026-08-06 21:00:01] 🌱 Memulai deploy Digital Garden...
Already up to date.
  ✅ Pull selesai
🌱 Membangun Digital Garden...

  📁 catatan/ → 1 artikel
  📁 laporan/ → 9 artikel
  📁 project/ → 1 artikel
  ✅ Sitemap: 15 URLs

✅ Selesai! Total 11 halaman terbit.
   📍 https://muhdanfyan.github.io/catatan/
   📍 https://muhdanfyan.github.io/laporan/
   📍 https://muhdanfyan.github.io/project/
  ✅ Build selesai
[main e8076f0] gardener: auto-build 2026-08-06 21:00
 1 file changed, 20 insertions(+)
  ✅ Push ke GitHub Pages selesai
[2026-08-06 21:00:09] ✅ Selesai!

[2026-08-06 21:30:01] 🌱 Memulai deploy Digital Garden...
Already up to date.
  ✅ Pull selesai
🌱 Membangun Digital Garden...

  📁 catatan/ → 1 artikel
  📁 laporan/ → 9 artikel
  📁 project/ → 1 artikel
  ✅ Sitemap: 15 URLs

✅ Selesai! Total 11 halaman terbit.
   📍 https://muhdanfyan.github.io/catatan/
   📍 https://muhdanfyan.github.io/laporan/
   📍 https://muhdanfyan.github.io/project/
  ✅ Build selesai
[main f689bba] gardener: auto-build 2026-08-06 21:30
 1 file changed, 20 insertions(+)
  ✅ Push ke GitHub Pages selesai
[2026-08-06 21:30:07] ✅ Selesai!

[2026-08-06 22:00:01] 🌱 Memulai deploy Digital Garden...
Already up to date.
  ✅ Pull selesai
🌱 Membangun Digital Garden...

  📁 catatan/ → 1 artikel
  📁 laporan/ → 9 artikel
  📁 project/ → 1 artikel
  ✅ Sitemap: 15 URLs

✅ Selesai! Total 11 halaman terbit.
   📍 https://muhdanfyan.github.io/catatan/
   📍 https://muhdanfyan.github.io/laporan/
   📍 https://muhdanfyan.github.io/project/
  ✅ Build selesai
[main 1b44fc9] gardener: auto-build 2026-08-06 22:00
 1 file changed, 20 insertions(+)
  ✅ Push ke GitHub Pages selesai
[2026-08-06 22:00:05] ✅ Selesai!

[2026-08-06 22:30:01] 🌱 Memulai deploy Digital Garden...
Already up to date.
  ✅ Pull selesai
🌱 Membangun Digital Garden...

  📁 catatan/ → 1 artikel
  📁 laporan/ → 9 artikel
  📁 project/ → 1 artikel
  ✅ Sitemap: 15 URLs

✅ Selesai! Total 11 halaman terbit.
   📍 https://muhdanfyan.github.io/catatan/
   📍 https://muhdanfyan.github.io/laporan/
   📍 https://muhdanfyan.github.io/project/
  ✅ Build selesai
[main 1ffe9d8] gardener: auto-build 2026-08-06 22:30
 1 file changed, 20 insertions(+)
  ✅ Push ke GitHub Pages selesai
[2026-08-06 22:30:05] ✅ Selesai!

[2026-08-06 23:00:01] 🌱 Memulai deploy Digital Garden...
Already up to date.
  ✅ Pull selesai
🌱 Membangun Digital Garden...

  📁 catatan/ → 1 artikel
  📁 laporan/ → 9 artikel
  📁 project/ → 1 artikel
  ✅ Sitemap: 15 URLs

✅ Selesai! Total 11 halaman terbit.
   📍 https://muhdanfyan.github.io/catatan/
   📍 https://muhdanfyan.github.io/laporan/
   📍 https://muhdanfyan.github.io/project/
  ✅ Build selesai
[main eec1fa0] gardener: auto-build 2026-08-06 23:00
 1 file changed, 20 insertions(+)
  ✅ Push ke GitHub Pages selesai
[2026-08-06 23:00:07] ✅ Selesai!

[2026-08-06 23:30:02] 🌱 Memulai deploy Digital Garden...
Already up to date.
  ✅ Pull selesai
🌱 Membangun Digital Garden...

  📁 catatan/ → 1 artikel
  📁 laporan/ → 9 artikel
  📁 project/ → 1 artikel
  ✅ Sitemap: 15 URLs

✅ Selesai! Total 11 halaman terbit.
   📍 https://muhdanfyan.github.io/catatan/
   📍 https://muhdanfyan.github.io/laporan/
   📍 https://muhdanfyan.github.io/project/
  ✅ Build selesai
[main ca12622] gardener: auto-build 2026-08-06 23:30
 1 file changed, 20 insertions(+)
  ✅ Push ke GitHub Pages selesai
[2026-08-06 23:30:06] ✅ Selesai!

[2026-08-07 00:00:01] 🌱 Memulai deploy Digital Garden...
Already up to date.
  ✅ Pull selesai
🌱 Membangun Digital Garden...

  📁 catatan/ → 1 artikel
  📁 laporan/ → 9 artikel
  📁 project/ → 1 artikel
  ✅ Sitemap: 15 URLs

✅ Selesai! Total 11 halaman terbit.
   📍 https://muhdanfyan.github.io/catatan/
   📍 https://muhdanfyan.github.io/laporan/
   📍 https://muhdanfyan.github.io/project/
  ✅ Build selesai
[main b2d1765] gardener: auto-build 2026-08-07 00:00
 1 file changed, 20 insertions(+)
  ✅ Push ke GitHub Pages selesai
[2026-08-07 00:00:06] ✅ Selesai!

[2026-08-07 00:30:01] 🌱 Memulai deploy Digital Garden...
Already up to date.
  ✅ Pull selesai
🌱 Membangun Digital Garden...

  📁 catatan/ → 1 artikel
  📁 laporan/ → 9 artikel
  📁 project/ → 1 artikel
  ✅ Sitemap: 15 URLs

✅ Selesai! Total 11 halaman terbit.
   📍 https://muhdanfyan.github.io/catatan/
   📍 https://muhdanfyan.github.io/laporan/
   📍 https://muhdanfyan.github.io/project/
  ✅ Build selesai
[main 73cd6fb] gardener: auto-build 2026-08-07 00:30
 1 file changed, 20 insertions(+)
  ✅ Push ke GitHub Pages selesai
[2026-08-07 00:30:04] ✅ Selesai!

[2026-08-07 01:00:01] 🌱 Memulai deploy Digital Garden...
Already up to date.
  ✅ Pull selesai
🌱 Membangun Digital Garden...

  📁 catatan/ → 1 artikel
  📁 laporan/ → 9 artikel
  📁 project/ → 1 artikel
  ✅ Sitemap: 15 URLs

✅ Selesai! Total 11 halaman terbit.
   📍 https://muhdanfyan.github.io/catatan/
   📍 https://muhdanfyan.github.io/laporan/
   📍 https://muhdanfyan.github.io/project/
  ✅ Build selesai
[main b854c99] gardener: auto-build 2026-08-07 01:00
 1 file changed, 20 insertions(+)
  ✅ Push ke GitHub Pages selesai
[2026-08-07 01:00:05] ✅ Selesai!

[2026-08-07 01:30:01] 🌱 Memulai deploy Digital Garden...
Already up to date.
  ✅ Pull selesai
🌱 Membangun Digital Garden...

  📁 catatan/ → 1 artikel
  📁 laporan/ → 9 artikel
  📁 project/ → 1 artikel
  ✅ Sitemap: 15 URLs

✅ Selesai! Total 11 halaman terbit.
   📍 https://muhdanfyan.github.io/catatan/
   📍 https://muhdanfyan.github.io/laporan/
   📍 https://muhdanfyan.github.io/project/
  ✅ Build selesai
[main 9ce6c58] gardener: auto-build 2026-08-07 01:30
 1 file changed, 20 insertions(+)
  ✅ Push ke GitHub Pages selesai
[2026-08-07 01:30:05] ✅ Selesai!

[2026-08-07 02:00:01] 🌱 Memulai deploy Digital Garden...
Already up to date.
  ✅ Pull selesai
🌱 Membangun Digital Garden...

  📁 catatan/ → 1 artikel
  📁 laporan/ → 9 artikel
  📁 project/ → 1 artikel
  ✅ Sitemap: 15 URLs

✅ Selesai! Total 11 halaman terbit.
   📍 https://muhdanfyan.github.io/catatan/
   📍 https://muhdanfyan.github.io/laporan/
   📍 https://muhdanfyan.github.io/project/
  ✅ Build selesai
[main 713316a] gardener: auto-build 2026-08-07 02:00
 1 file changed, 20 insertions(+)
  ✅ Push ke GitHub Pages selesai
[2026-08-07 02:00:05] ✅ Selesai!

[2026-08-07 02:30:01] 🌱 Memulai deploy Digital Garden...
Already up to date.
  ✅ Pull selesai
🌱 Membangun Digital Garden...

  📁 catatan/ → 1 artikel
  📁 laporan/ → 9 artikel
  📁 project/ → 1 artikel
  ✅ Sitemap: 15 URLs

✅ Selesai! Total 11 halaman terbit.
   📍 https://muhdanfyan.github.io/catatan/
   📍 https://muhdanfyan.github.io/laporan/
   📍 https://muhdanfyan.github.io/project/
  ✅ Build selesai
[main 9df4f61] gardener: auto-build 2026-08-07 02:30
 1 file changed, 20 insertions(+)
  ✅ Push ke GitHub Pages selesai
[2026-08-07 02:30:04] ✅ Selesai!

[2026-08-07 03:00:01] 🌱 Memulai deploy Digital Garden...
Already up to date.
  ✅ Pull selesai
🌱 Membangun Digital Garden...

  📁 catatan/ → 1 artikel
  📁 laporan/ → 9 artikel
  📁 project/ → 1 artikel
  ✅ Sitemap: 15 URLs

✅ Selesai! Total 11 halaman terbit.
   📍 https://muhdanfyan.github.io/catatan/
   📍 https://muhdanfyan.github.io/laporan/
   📍 https://muhdanfyan.github.io/project/
  ✅ Build selesai
[main db8c179] gardener: auto-build 2026-08-07 03:00
 1 file changed, 20 insertions(+)
  ✅ Push ke GitHub Pages selesai
[2026-08-07 03:00:05] ✅ Selesai!

[2026-08-07 03:30:01] 🌱 Memulai deploy Digital Garden...
Already up to date.
  ✅ Pull selesai
🌱 Membangun Digital Garden...

  📁 catatan/ → 1 artikel
  📁 laporan/ → 9 artikel
  📁 project/ → 1 artikel
  ✅ Sitemap: 15 URLs

✅ Selesai! Total 11 halaman terbit.
   📍 https://muhdanfyan.github.io/catatan/
   📍 https://muhdanfyan.github.io/laporan/
   📍 https://muhdanfyan.github.io/project/
  ✅ Build selesai
[main 4a4f069] gardener: auto-build 2026-08-07 03:30
 1 file changed, 20 insertions(+)
  ✅ Push ke GitHub Pages selesai
[2026-08-07 03:30:04] ✅ Selesai!

[2026-08-07 04:00:01] 🌱 Memulai deploy Digital Garden...
Already up to date.
  ✅ Pull selesai
🌱 Membangun Digital Garden...

  📁 catatan/ → 1 artikel
  📁 laporan/ → 9 artikel
  📁 project/ → 1 artikel
  ✅ Sitemap: 15 URLs

✅ Selesai! Total 11 halaman terbit.
   📍 https://muhdanfyan.github.io/catatan/
   📍 https://muhdanfyan.github.io/laporan/
   📍 https://muhdanfyan.github.io/project/
  ✅ Build selesai
[main 3da62de] gardener: auto-build 2026-08-07 04:00
 1 file changed, 20 insertions(+)
  ✅ Push ke GitHub Pages selesai
[2026-08-07 04:00:05] ✅ Selesai!

[2026-08-07 07:30:01] 🌱 Memulai deploy Digital Garden...
Already up to date.
  ✅ Pull selesai
🌱 Membangun Digital Garden...

  📁 catatan/ → 1 artikel
  📁 laporan/ → 9 artikel
  📁 project/ → 1 artikel
  ✅ Sitemap: 15 URLs

✅ Selesai! Total 11 halaman terbit.
   📍 https://muhdanfyan.github.io/catatan/
   📍 https://muhdanfyan.github.io/laporan/
   📍 https://muhdanfyan.github.io/project/
  ✅ Build selesai
[main b9f5949] gardener: auto-build 2026-08-07 07:30
 1 file changed, 20 insertions(+)
  ✅ Push ke GitHub Pages selesai
[2026-08-07 07:30:05] ✅ Selesai!

[2026-08-07 08:00:01] 🌱 Memulai deploy Digital Garden...
Already up to date.
  ✅ Pull selesai
🌱 Membangun Digital Garden...

  📁 catatan/ → 1 artikel
  📁 laporan/ → 9 artikel
  📁 project/ → 1 artikel
  ✅ Sitemap: 15 URLs

✅ Selesai! Total 11 halaman terbit.
   📍 https://muhdanfyan.github.io/catatan/
   📍 https://muhdanfyan.github.io/laporan/
   📍 https://muhdanfyan.github.io/project/
  ✅ Build selesai
[main 2024532] gardener: auto-build 2026-08-07 08:00
 1 file changed, 20 insertions(+)
  ✅ Push ke GitHub Pages selesai
[2026-08-07 08:00:05] ✅ Selesai!

[2026-08-07 08:30:01] 🌱 Memulai deploy Digital Garden...
Already up to date.
  ✅ Pull selesai
🌱 Membangun Digital Garden...

  📁 catatan/ → 1 artikel
  📁 laporan/ → 9 artikel
  📁 project/ → 1 artikel
  ✅ Sitemap: 15 URLs

✅ Selesai! Total 11 halaman terbit.
   📍 https://muhdanfyan.github.io/catatan/
   📍 https://muhdanfyan.github.io/laporan/
   📍 https://muhdanfyan.github.io/project/
  ✅ Build selesai
[main 8679315] gardener: auto-build 2026-08-07 08:30
 1 file changed, 20 insertions(+)
  ✅ Push ke GitHub Pages selesai
[2026-08-07 08:30:05] ✅ Selesai!

[2026-08-07 09:00:01] 🌱 Memulai deploy Digital Garden...
Already up to date.
  ✅ Pull selesai
🌱 Membangun Digital Garden...

  📁 catatan/ → 1 artikel
  📁 laporan/ → 9 artikel
  📁 project/ → 1 artikel
  ✅ Sitemap: 15 URLs

✅ Selesai! Total 11 halaman terbit.
   📍 https://muhdanfyan.github.io/catatan/
   📍 https://muhdanfyan.github.io/laporan/
   📍 https://muhdanfyan.github.io/project/
  ✅ Build selesai
